version 2
JvmtiExport can_access_local_variables 0
JvmtiExport can_hotswap_or_post_breakpoint 1
JvmtiExport can_post_on_exceptions 0
# 667 ciObject found
instanceKlass com/sun/org/apache/xerces/internal/impl/XMLNSDocumentScannerImpl
ciInstanceKlass com/android/repository/api/ProgressIndicator 1 1 83 11 7 12 1 1 1 11 12 1 1 6 0 6 0 18 12 1 1 11 12 1 7 1 10 12 1 1 100 1 1 1 1 1 1 1 1 1 1 1 1 1 1 1 1 1 1 1 1 1 1 1 1 1 1 1 1 1 1 1 1 1 1 1 1 1 1 1 1 8 1 15 10 100 12 1 1 1 100 1 100 1 1
ciInstanceKlass java/lang/Void 1 1 31 10 100 12 1 1 1 8 1 10 7 12 1 1 1 9 7 12 1 1 1 1 1 1 1 1 1 1 1 1 1
staticfield java/lang/Void TYPE Ljava/lang/Class; java/lang/Class
ciInstanceKlass java/lang/NumberFormatException 1 1 75 10 7 12 1 1 1 10 12 1 7 1 7 1 10 8 1 10 12 1 1 8 1 8 1 8 1 10 12 1 10 12 1 1 10 8 1 8 1 11 100 12 1 1 1 10 12 1 1 1 1 5 0 1 1 1 1 1 1 1 1 1 1 1 1 100 1 1 1 1 1 1 1 1 1
instanceKlass com/sun/org/apache/xerces/internal/impl/io/UTF8Reader
instanceKlass sun/nio/cs/StreamDecoder
instanceKlass java/io/BufferedReader
instanceKlass java/io/InputStreamReader
ciInstanceKlass java/io/Reader 1 1 205 100 1 10 12 1 1 10 7 1 9 7 12 1 1 1 9 12 1 1 100 1 10 10 12 1 1 7 1 7 1 100 1 10 7 12 1 1 1 10 100 12 1 1 1 100 1 10 10 12 1 10 12 1 1 10 12 1 1 10 12 1 10 100 12 1 1 1 10 12 1 10 12 1 1 10 12 1 10 12 1 10 12 1 1 100 1 8 1 10 12 1 10 12 10 12 1 1 10 12 1 5 0 10 12 1 1 100 1 8 1 10 8 1 8 1 10 100 12 1 1 1 10 100 12 1 1 1 100 1 5 0 10 12 1 100 1 100 1 100 1 1 1 1 3 1 1 1 1 1 1 1 1 1 1 1 1 1 1 1 1 100 1 1 1 1 1 1 1 1 1 1 1 1 100 1 1 1 1 1 1 100 1 1 1 1 1 1 1 1 1 1 1 1 1 1 1 1 1 1 1 1 1 1 1
ciInstanceKlass sun/nio/fs/NativeBuffers$1 1 1 42 100 1 10 7 12 1 1 1 10 7 12 1 1 7 1 10 7 12 1 1 1 1 1 1 1 1 1 1 1 1 1 1 1 1 1 1 1 1 1 1 1
instanceKlass com/sun/jna/Structure$2
instanceKlass com/sun/jna/Structure$1
instanceKlass com/sun/jna/Native$7
instanceKlass jdk/internal/math/FloatingDecimal$1
instanceKlass com/sun/xml/bind/v2/ClassFactory$1
instanceKlass jdk/internal/jimage/ImageBufferCache$1
instanceKlass jdk/internal/misc/CarrierThreadLocal
ciInstanceKlass java/lang/ThreadLocal 1 1 332 9 7 12 1 1 1 3 10 7 12 1 1 1 100 1 10 12 1 1 10 7 12 1 1 10 12 1 9 12 1 1 10 7 12 1 1 1 10 12 1 1 9 12 1 1 100 1 100 1 10 10 12 1 10 12 1 1 10 7 12 1 1 1 9 7 12 1 1 1 10 12 1 10 12 1 1 10 12 1 1 10 12 1 1 10 12 1 1 7 1 10 12 1 1 9 12 1 10 12 1 10 12 10 12 1 1 10 12 1 9 12 1 1 10 12 10 12 1 100 1 10 8 1 10 7 12 1 1 1 10 100 12 1 1 1 10 100 12 1 1 1 100 1 9 100 12 1 1 1 18 12 1 1 10 100 12 1 1 1 100 1 18 12 1 1 10 12 1 1 100 1 100 1 10 12 1 9 100 12 1 1 1 10 100 12 1 1 1 11 12 1 1 11 100 12 1 1 11 12 1 100 1 8 1 11 12 1 1 10 12 1 1 11 100 12 1 1 1 10 100 12 1 1 1 11 12 1 1 10 7 12 1 1 10 12 1 10 1 1 1 1 1 1 1 1 1 1 1 1 1 1 1 1 1 1 1 1 1 1 1 1 1 1 1 1 1 1 1 1 1 1 1 1 1 1 1 1 1 1 1 1 1 1 1 1 1 1 1 1 1 1 1 1 1 1 1 1 1 1 1 1 1 1 1 16 15 10 12 16 16 15 10 12 15 10 100 12 1 1 1 1 1 1 1 1 1 100 1 100 1 1
staticfield java/lang/ThreadLocal TRACE_VTHREAD_LOCALS Z 0
staticfield java/lang/ThreadLocal nextHashCode Ljava/util/concurrent/atomic/AtomicInteger; java/util/concurrent/atomic/AtomicInteger
staticfield java/lang/ThreadLocal $assertionsDisabled Z 1
ciInstanceKlass java/util/WeakHashMap$Entry 1 1 112 10 7 12 1 1 1 9 7 12 1 1 1 9 12 1 1 9 12 1 1 10 12 1 1 10 100 12 1 1 1 100 1 10 12 1 11 10 100 12 1 1 1 10 12 1 11 10 100 12 1 1 1 100 1 10 12 1 10 12 1 1 8 1 10 12 1 10 12 1 1 1 1 1 1 1 1 1 1 1 1 1 1 1 1 1 1 1 1 1 1 1 1 1 1 1 1 1 1 1 1 1 1 1 1 1 1 1 1 1 100 1
ciInstanceKlass java/lang/ThreadLocal$ThreadLocalMap 1 1 143 9 7 12 1 1 1 10 7 12 1 1 1 9 12 1 7 1 9 12 1 1 9 7 12 1 1 10 12 1 10 12 1 1 10 12 1 1 9 12 1 1 10 12 1 1 10 12 1 1 10 12 1 1 10 12 1 1 10 12 1 1 10 12 1 1 10 12 1 1 10 12 1 10 12 1 10 12 1 10 12 1 10 12 1 1 1 3 1 1 1 1 1 1 1 1 1 1 1 1 1 1 1 1 1 1 1 1 1 1 1 1 100 1 1 1 1 1 1 1 1 1 1 1 1 1 1 1 1 1 1 1 1 1 1 1 1 1 1 1 1 1 1
ciInstanceKlass java/lang/ThreadLocal$ThreadLocalMap$Entry 1 1 37 10 7 12 1 1 1 9 7 12 1 1 1 1 1 1 1 1 1 1 1 1 1 1 1 1 1 1 1 1 100 1 1 100 1 1 1
instanceKlass sun/nio/ch/Util$1
instanceKlass sun/nio/fs/NativeBuffers$1
ciInstanceKlass jdk/internal/misc/TerminatingThreadLocal 1 1 86 10 7 12 1 1 1 10 12 1 1 10 7 12 1 1 1 10 12 1 10 12 1 9 12 1 1 10 12 1 1 7 1 11 12 1 1 11 7 12 1 1 1 11 12 1 10 12 1 10 10 12 1 11 12 1 1 11 12 7 1 10 1 1 1 1 1 1 1 1 1 1 1 1 1 1 1 1 1 1 1 1 1 1 1 1
staticfield jdk/internal/misc/TerminatingThreadLocal REGISTRY Ljdk/internal/misc/CarrierThreadLocal; jdk/internal/misc/TerminatingThreadLocal$1
# instanceKlass java/lang/invoke/LambdaForm$MH+0x0000000100328c00
# instanceKlass java/lang/invoke/LambdaForm$MH+0x0000000100328800
# instanceKlass java/lang/invoke/LambdaForm$MH+0x0000000100328400
# instanceKlass java/lang/invoke/LambdaForm$MH+0x0000000100328000
# instanceKlass java/lang/invoke/LambdaForm$MH+0x0000000100327c00
# instanceKlass java/lang/invoke/LambdaForm$MH+0x0000000100327800
# instanceKlass java/lang/invoke/LambdaForm$MH+0x0000000100327400
# instanceKlass java/lang/invoke/LambdaForm$DMH+0x0000000100327000
# instanceKlass java/lang/invoke/LambdaForm$DMH+0x0000000100326c00
# instanceKlass java/lang/invoke/LambdaForm$MH+0x0000000100326800
# instanceKlass java/lang/invoke/LambdaForm$MH+0x0000000100326400
# instanceKlass java/lang/invoke/LambdaForm$MH+0x0000000100326000
# instanceKlass java/lang/invoke/LambdaForm$DMH+0x0000000100325c00
# instanceKlass java/lang/invoke/LambdaForm$MH+0x0000000100325800
# instanceKlass java/lang/invoke/LambdaForm$MH+0x0000000100325400
# instanceKlass java/lang/invoke/LambdaForm$MH+0x0000000100325000
# instanceKlass java/lang/invoke/LambdaForm$MH+0x0000000100324c00
# instanceKlass java/lang/invoke/LambdaForm$MH+0x0000000100324800
# instanceKlass java/lang/invoke/LambdaForm$DMH+0x0000000100324400
# instanceKlass java/lang/invoke/LambdaForm$MH+0x0000000100324000
# instanceKlass java/lang/invoke/LambdaForm$MH+0x0000000100323c00
# instanceKlass java/lang/invoke/LambdaForm$MH+0x0000000100323800
# instanceKlass java/lang/invoke/LambdaForm$DMH+0x0000000100323400
# instanceKlass java/lang/invoke/LambdaForm$MH+0x0000000100323000
# instanceKlass java/lang/invoke/LambdaForm$MH+0x0000000100322c00
# instanceKlass java/lang/invoke/LambdaForm$MH+0x0000000100322800
# instanceKlass java/lang/invoke/LambdaForm$MH+0x0000000100322400
# instanceKlass java/lang/invoke/LambdaForm$MH+0x0000000100322000
# instanceKlass java/lang/invoke/LambdaForm$MH+0x0000000100321c00
# instanceKlass java/lang/invoke/LambdaForm$MH+0x0000000100321800
# instanceKlass java/lang/invoke/LambdaForm$DMH+0x0000000100321400
# instanceKlass java/lang/invoke/LambdaForm$MH+0x0000000100321000
# instanceKlass java/lang/invoke/LambdaForm$MH+0x0000000100320c00
# instanceKlass java/lang/invoke/LambdaForm$DMH+0x0000000100320800
# instanceKlass java/lang/invoke/LambdaForm$MH+0x0000000100320400
# instanceKlass java/lang/invoke/LambdaForm$MH+0x0000000100320000
# instanceKlass java/lang/invoke/LambdaForm$MH+0x000000010031fc00
# instanceKlass java/lang/invoke/LambdaForm$MH+0x000000010031f800
# instanceKlass java/lang/invoke/LambdaForm$MH+0x000000010031f400
# instanceKlass java/lang/invoke/LambdaForm$DMH+0x000000010031f000
# instanceKlass java/lang/invoke/LambdaForm$MH+0x000000010031ec00
# instanceKlass java/lang/invoke/LambdaForm$MH+0x000000010031e800
# instanceKlass java/lang/invoke/LambdaForm$MH+0x000000010031e400
# instanceKlass java/lang/invoke/LambdaForm$MH+0x000000010031e000
# instanceKlass java/lang/invoke/LambdaForm$MH+0x000000010031dc00
# instanceKlass java/lang/invoke/LambdaForm$DMH+0x000000010031d800
# instanceKlass java/lang/invoke/LambdaForm$MH+0x000000010031d400
# instanceKlass java/lang/invoke/LambdaForm$DMH+0x000000010031d000
# instanceKlass java/lang/invoke/LambdaForm$DMH+0x000000010031cc00
# instanceKlass java/lang/invoke/LambdaForm$MH+0x000000010031c800
# instanceKlass java/lang/invoke/LambdaForm$DMH+0x000000010031c400
# instanceKlass java/lang/invoke/LambdaForm$MH+0x000000010031c000
# instanceKlass java/lang/invoke/LambdaForm$MH+0x000000010031bc00
# instanceKlass java/lang/invoke/LambdaForm$DMH+0x000000010031b800
# instanceKlass java/lang/invoke/LambdaForm$MH+0x000000010031b400
# instanceKlass java/lang/invoke/LambdaForm$DMH+0x000000010031b000
# instanceKlass java/lang/invoke/LambdaForm$DMH+0x000000010031ac00
# instanceKlass java/lang/invoke/LambdaForm$MH+0x000000010031a800
# instanceKlass java/lang/invoke/LambdaForm$MH+0x000000010031a400
# instanceKlass java/lang/invoke/LambdaForm$MH+0x000000010031a000
# instanceKlass java/lang/invoke/LambdaForm$MH+0x0000000100319c00
# instanceKlass java/lang/invoke/LambdaForm$BMH+0x0000000100319800
# instanceKlass java/lang/invoke/LambdaForm$DMH+0x0000000100319400
# instanceKlass java/lang/invoke/LambdaForm$MH+0x0000000100319000
# instanceKlass java/lang/invoke/LambdaForm$DMH+0x0000000100318c00
instanceKlass java/lang/invoke/ClassSpecializer$Factory$1Var
# instanceKlass java/lang/invoke/LambdaForm$DMH+0x0000000100318800
instanceKlass sun/invoke/util/ValueConversions$1
# instanceKlass java/lang/invoke/LambdaForm$DMH+0x0000000100318400
instanceKlass com/android/repository/impl/meta/Archive$1
instanceKlass com/sun/jna/Function$PostCallRead
instanceKlass com/sun/jna/WeakMemoryHolder
instanceKlass com/android/tools/analytics/NativeIsWow64
instanceKlass com/sun/jna/Klass
instanceKlass com/sun/jna/NativeMappedConverter
instanceKlass com/sun/jna/Library$Handler$FunctionInfo
# instanceKlass java/lang/invoke/LambdaForm$MH+0x0000000100318000
instanceKlass sun/invoke/util/ValueConversions$WrapperCache
instanceKlass java/lang/foreign/ValueLayout
instanceKlass java/lang/foreign/MemoryLayout
instanceKlass com/sun/jna/internal/ReflectionUtils
instanceKlass com/sun/jna/platform/win32/WinBase$EnumResTypeProc
instanceKlass com/sun/jna/platform/win32/WinBase$EnumResNameProc
instanceKlass com/sun/jna/platform/win32/WinNT$OVERLAPPED_COMPLETION_ROUTINE
instanceKlass com/sun/jna/win32/StdCallLibrary$StdCallCallback
instanceKlass java/lang/reflect/AnnotatedType
instanceKlass com/sun/jna/VarArgsChecker
instanceKlass com/sun/jna/NativeLibrary
instanceKlass com/sun/jna/Library$Handler
instanceKlass com/sun/jna/Native$2
instanceKlass com/sun/jna/Structure$FFIType$FFITypes
instanceKlass com/sun/jna/Native$ffi_callback
instanceKlass com/sun/jna/JNIEnv
instanceKlass com/sun/jna/PointerType
instanceKlass com/sun/jna/NativeMapped
instanceKlass com/sun/jna/WString
instanceKlass com/sun/jna/CallbackProxy
instanceKlass com/sun/jna/Callback
instanceKlass com/sun/jna/Structure$ByValue
instanceKlass com/sun/jna/ToNativeContext
instanceKlass com/sun/jna/Structure
instanceKlass com/sun/jna/Pointer
instanceKlass java/io/FileOutputStream$1
instanceKlass java/io/DeleteOnExitHook$1
instanceKlass java/io/DeleteOnExitHook
instanceKlass java/io/File$TempDirectory
instanceKlass  @bci java/io/IoOverNioFileSystem list0 (Ljava/io/File;)[Ljava/lang/String; 163 <appendix> argL0 ; # java/io/IoOverNioFileSystem$$Lambda+0x00000001002d9768
instanceKlass java/io/IoOverNioFileSystem$AcceptAllFilter
instanceKlass com/sun/jna/Native$5
instanceKlass java/nio/file/FileStore
instanceKlass sun/nio/fs/WindowsSecurity
instanceKlass sun/nio/fs/AbstractAclFileAttributeView
instanceKlass java/nio/file/attribute/AclFileAttributeView
instanceKlass java/nio/file/attribute/FileOwnerAttributeView
instanceKlass com/sun/jna/Platform
instanceKlass com/sun/jna/Native$1
instanceKlass java/io/FilenameFilter
instanceKlass com/sun/jna/FromNativeContext
instanceKlass com/sun/jna/Callback$UncaughtExceptionHandler
instanceKlass com/sun/jna/Native
instanceKlass com/sun/jna/Version
instanceKlass com/sun/jna/win32/W32APIFunctionMapper
instanceKlass com/sun/jna/win32/W32APITypeMapper$2
instanceKlass com/sun/jna/DefaultTypeMapper$Entry
instanceKlass com/sun/jna/win32/W32APITypeMapper$1
instanceKlass com/sun/jna/TypeConverter
instanceKlass com/sun/jna/ToNativeConverter
instanceKlass com/sun/jna/FromNativeConverter
instanceKlass com/sun/jna/DefaultTypeMapper
instanceKlass com/sun/jna/TypeMapper
instanceKlass com/sun/jna/win32/W32APIOptions
instanceKlass com/sun/jna/FunctionMapper
instanceKlass com/sun/jna/platform/win32/Kernel32
instanceKlass com/sun/jna/platform/win32/Wincon
instanceKlass com/sun/jna/platform/win32/WinNT
instanceKlass com/sun/jna/platform/win32/WinBase
instanceKlass com/sun/jna/platform/win32/BaseTSD
instanceKlass com/sun/jna/platform/win32/WinDef
instanceKlass com/sun/jna/platform/win32/WinError
instanceKlass com/sun/jna/win32/StdCallLibrary
instanceKlass com/sun/jna/win32/StdCall
instanceKlass com/sun/jna/AltCallingConvention
instanceKlass com/sun/jna/Library
instanceKlass com/android/tools/analytics/CommonMetricsDataKt
instanceKlass com/google/wireless/android/sdk/stats/ProductDetails$CpuArchitecture$1
instanceKlass com/google/protobuf/Internal$EnumLiteMap
instanceKlass com/google/protobuf/ProtocolMessageEnum
instanceKlass com/google/protobuf/Internal$EnumLite
instanceKlass com/android/tools/analytics/Environment$Companion
instanceKlass com/android/tools/analytics/Environment
instanceKlass com/android/tools/analytics/CommonMetricsData
# instanceKlass java/lang/invoke/LambdaForm$MH+0x00000001002cb800
# instanceKlass java/lang/invoke/LambdaForm$MH+0x00000001002cb400
# instanceKlass java/lang/invoke/LambdaForm$MH+0x00000001002cb000
# instanceKlass java/lang/invoke/LambdaForm$MH+0x00000001002cac00
# instanceKlass java/lang/invoke/LambdaForm$MH+0x00000001002ca800
instanceKlass java/util/IdentityHashMap$IdentityHashMapIterator
instanceKlass java/lang/foreign/MemorySegment
# instanceKlass java/lang/invoke/LambdaForm$DMH+0x00000001002ca400
# instanceKlass java/lang/invoke/LambdaForm$DMH+0x00000001002ca000
# instanceKlass java/lang/invoke/LambdaForm$DMH+0x00000001002c9c00
# instanceKlass java/lang/invoke/LambdaForm$DMH+0x00000001002c9800
instanceKlass sun/security/ssl/PreSharedKeyExtension$SHPreSharedKeySpec
instanceKlass sun/security/ssl/SSLEngineOutputRecord$RecordMemo
instanceKlass sun/security/ssl/SSLEngineOutputRecord$HandshakeFragment
instanceKlass sun/security/ssl/PreSharedKeyExtension$CHPreSharedKeySpec
instanceKlass sun/security/ssl/PreSharedKeyExtension$PskIdentity
instanceKlass java/util/concurrent/Executors$RunnableAdapter
instanceKlass java/util/concurrent/FutureTask$WaitNode
instanceKlass java/util/concurrent/FutureTask
instanceKlass java/util/concurrent/RunnableFuture
instanceKlass java/util/concurrent/Future
instanceKlass  @bci com/android/repository/impl/manager/RemoteRepoLoaderImpl fetchPackages (Lcom/android/repository/api/ProgressIndicator;Lcom/android/repository/api/Downloader;Lcom/android/repository/api/SettingsController;)Ljava/util/Map; 229 <appendix> form vmentry <vmtarget> ; # java/lang/invoke/LambdaForm$DMH+0x00000001002c9400
instanceKlass  @bci com/android/repository/impl/manager/RemoteRepoLoaderImpl fetchPackages (Lcom/android/repository/api/ProgressIndicator;Lcom/android/repository/api/Downloader;Lcom/android/repository/api/SettingsController;)Ljava/util/Map; 229 <appendix> member <vmtarget> ; # com/android/repository/impl/manager/RemoteRepoLoaderImpl$$Lambda+0x00000001002ccb60
instanceKlass  @cpi com/android/repository/impl/manager/RemoteRepoLoaderImpl 436 form vmentry <vmtarget> ; # java/lang/invoke/LambdaForm$DMH+0x00000001002c9000
instanceKlass jdk/internal/vm/ThreadContainers
instanceKlass jdk/internal/vm/StackableScope
instanceKlass java/util/concurrent/Executors$DefaultThreadFactory
instanceKlass java/util/concurrent/LinkedTransferQueue$DualNode
instanceKlass java/util/concurrent/TransferQueue
instanceKlass java/util/concurrent/ThreadPoolExecutor$AbortPolicy
instanceKlass java/util/concurrent/RejectedExecutionHandler
instanceKlass java/util/concurrent/AbstractExecutorService
instanceKlass java/util/concurrent/ExecutorService
instanceKlass java/util/concurrent/Executors
instanceKlass java/util/concurrent/BlockingQueue
instanceKlass  @bci com/android/repository/api/DelegatingProgressIndicator setIndeterminate (Z)V 5 <appendix> member <vmtarget> ; # com/android/repository/api/DelegatingProgressIndicator$$Lambda+0x00000001002cc590
instanceKlass  @cpi com/android/repository/api/DelegatingProgressIndicator 188 form vmentry <vmtarget> ; # java/lang/invoke/LambdaForm$DMH+0x00000001002c8c00
instanceKlass  @bci com/android/repository/api/DelegatingProgressIndicator isIndeterminate ()Z 9 <appendix> argL0 ; # com/android/repository/api/DelegatingProgressIndicator$$Lambda+0x00000001002cc310
instanceKlass  @cpi com/android/repository/api/DelegatingProgressIndicator 191 form vmentry <vmtarget> ; # java/lang/invoke/LambdaForm$DMH+0x00000001002c8800
# instanceKlass java/lang/invoke/LambdaForm$MH+0x00000001002c8400
# instanceKlass java/lang/invoke/LambdaForm$MH+0x00000001002c8000
instanceKlass sun/reflect/generics/tree/VoidDescriptor
instanceKlass sun/reflect/generics/tree/Wildcard
instanceKlass sun/reflect/generics/tree/BottomSignature
instanceKlass com/android/repository/api/RemoteListSourceProvider$GenericSite
instanceKlass  @bci sun/reflect/annotation/AnnotationParser parseClassArray (ILjava/nio/ByteBuffer;Ljdk/internal/reflect/ConstantPool;Ljava/lang/Class;)Ljava/lang/Object; 10 <appendix> member <vmtarget> ; # sun/reflect/annotation/AnnotationParser$$Lambda+0x00000001002ff710
instanceKlass com/android/repository/api/RemoteSource
instanceKlass com/android/repository/impl/sources/RemoteListSourceProviderImpl$SiteList
instanceKlass  @bci com/android/repository/api/DelegatingProgressIndicator setFraction (D)V 5 <appendix> form vmentry <vmtarget> ; # java/lang/invoke/LambdaForm$DMH+0x00000001002c4c00
instanceKlass  @bci com/android/repository/api/DelegatingProgressIndicator setFraction (D)V 5 <appendix> member <vmtarget> ; # com/android/repository/api/DelegatingProgressIndicator$$Lambda+0x0000000100206c98
instanceKlass  @cpi com/android/repository/api/DelegatingProgressIndicator 194 form vmentry <vmtarget> ; # java/lang/invoke/LambdaForm$DMH+0x00000001002c4800
instanceKlass  @bci java/util/Map$Entry comparingByKey ()Ljava/util/Comparator; 0 <appendix> argL0 ; # java/util/Map$Entry$$Lambda+0x00000001002ff448
instanceKlass sun/util/cldr/CLDRBaseLocaleDataMetaInfo$TZCanonicalIDMapHolder
instanceKlass java/time/chrono/AbstractChronology
instanceKlass java/time/chrono/Chronology
instanceKlass java/time/zone/Ser
instanceKlass java/io/Externalizable
instanceKlass java/time/zone/ZoneRulesProvider$1
instanceKlass java/time/zone/ZoneRulesProvider
instanceKlass sun/util/resources/provider/NonBaseLocaleDataMetaInfo
instanceKlass  @bci sun/util/locale/provider/JRELocaleProviderAdapter createSupportedLocaleString (Ljava/lang/String;)Ljava/lang/String; 6 <appendix> member <vmtarget> ; # sun/util/locale/provider/JRELocaleProviderAdapter$$Lambda+0x00000001002fc910
instanceKlass sun/util/locale/provider/BaseLocaleDataMetaInfo
instanceKlass  @bci sun/util/locale/provider/JRELocaleProviderAdapter getTimeZoneNameProvider ()Ljava/util/spi/TimeZoneNameProvider; 8 <appendix> member <vmtarget> ; # sun/util/locale/provider/JRELocaleProviderAdapter$$Lambda+0x00000001002fc430
instanceKlass  @bci sun/util/cldr/CLDRLocaleProviderAdapter getTimeZoneNameProvider ()Ljava/util/spi/TimeZoneNameProvider; 8 <appendix> member <vmtarget> ; # sun/util/cldr/CLDRLocaleProviderAdapter$$Lambda+0x00000001002fbcf8
instanceKlass sun/util/locale/provider/TimeZoneNameUtility$TimeZoneNameGetter
instanceKlass sun/util/locale/provider/LocaleServiceProviderPool$LocalizedObjectGetter
instanceKlass sun/util/locale/provider/LocaleServiceProviderPool
instanceKlass sun/util/locale/provider/TimeZoneNameUtility
instanceKlass sun/util/calendar/ZoneInfoFile$ZoneOffsetTransitionRule
instanceKlass sun/util/calendar/ZoneInfoFile$1
instanceKlass sun/util/calendar/ZoneInfoFile
instanceKlass java/util/TimeZone
instanceKlass sun/nio/cs/Surrogate
instanceKlass sun/nio/cs/Surrogate$Parser
instanceKlass sun/security/ssl/Alert$AlertConsumer
instanceKlass com/android/utils/Pair
instanceKlass sun/net/www/http/KeepAliveEntry
instanceKlass sun/net/www/http/KeepAliveCache$1
instanceKlass sun/net/www/http/KeepAliveStreamCleaner$2
instanceKlass sun/net/www/http/KeepAliveStreamCleaner$1
instanceKlass sun/net/www/http/Hurryable
instanceKlass sun/security/ssl/TransportContext$NotifyHandshake$1
instanceKlass sun/net/www/protocol/http/AuthCacheValue
instanceKlass sun/security/ssl/TransportContext$NotifyHandshake
instanceKlass java/util/EventObject
instanceKlass com/sun/crypto/provider/GaloisCounterMode$EncryptOp
instanceKlass sun/security/ssl/SSLBasicKeyDerivation$SecretSizeSpec
instanceKlass sun/security/ssl/SSLBasicKeyDerivation
instanceKlass sun/security/ssl/Finished$1
instanceKlass sun/security/ssl/Finished$T13VerifyDataGenerator
instanceKlass sun/security/ssl/Finished$T12VerifyDataGenerator
instanceKlass sun/security/ssl/Finished$T10VerifyDataGenerator
instanceKlass sun/security/ssl/Finished$S30VerifyDataGenerator
instanceKlass sun/security/ssl/Finished$VerifyDataGenerator
instanceKlass sun/security/util/math/IntegerModuloP$MultiplicativeInverser$Secp256R1Field
instanceKlass  @bci sun/security/ec/ECDSASignature engineVerify ([B)Z 37 <appendix> member <vmtarget> ; # sun/security/ec/ECDSASignature$$Lambda+0x00000001002c37f0
instanceKlass  @bci sun/security/ec/ECDSAOperations forParameters (Ljava/security/spec/ECParameterSpec;)Ljava/util/Optional; 7 <bsm> form vmentry <vmtarget> ; # java/lang/invoke/LambdaForm$DMH+0x00000001002c4400
instanceKlass  @bci sun/security/ec/ECDSAOperations forParameters (Ljava/security/spec/ECParameterSpec;)Ljava/util/Optional; 7 <appendix> member <vmtarget> ; # sun/security/ec/ECDSAOperations$$Lambda+0x00000001002c3578
instanceKlass sun/security/ec/ECDSAOperations
instanceKlass sun/security/ssl/X509Authentication$X509Credentials
instanceKlass  @bci sun/security/util/HostnameChecker hasIllegalWildcard (Ljava/lang/String;Z)Z 170 <appendix> argL0 ; # sun/security/util/HostnameChecker$$Lambda+0x00000001002f01f8
instanceKlass  @bci sun/security/util/HostnameChecker hasIllegalWildcard (Ljava/lang/String;Z)Z 162 <appendix> argL0 ; # sun/security/util/HostnameChecker$$Lambda+0x00000001002eff78
instanceKlass sun/security/util/DomainName$RegisteredDomainImpl
instanceKlass sun/security/util/DomainName$CommonMatch
instanceKlass sun/security/util/DomainName$Match
instanceKlass java/util/LinkedList$DescendingIterator
instanceKlass sun/security/util/DomainName$Rule
instanceKlass sun/security/util/DomainName$Rules$RuleSet
instanceKlass sun/security/util/DomainName$Rules$1
instanceKlass  @bci sun/security/util/DomainName$Rules getRules (Ljava/lang/String;)Lsun/security/util/DomainName$Rules; 19 <appendix> member <vmtarget> ; # sun/security/util/DomainName$Rules$$Lambda+0x00000001002edd10
instanceKlass sun/security/util/DomainName$Rules
instanceKlass sun/security/util/DomainName
instanceKlass sun/security/util/RegisteredDomain
instanceKlass sun/security/util/HostnameChecker
# instanceKlass java/lang/invoke/LambdaForm$DMH+0x00000001002c4000
instanceKlass sun/security/util/AnchorCertificates$1
instanceKlass sun/security/util/AnchorCertificates
instanceKlass sun/security/validator/CamerfirmaTLSPolicy
instanceKlass sun/security/validator/EntrustTLSPolicy
instanceKlass sun/security/validator/SymantecTLSPolicy
instanceKlass sun/security/validator/CADistrustPolicy$4
instanceKlass java/security/cert/PKIXCertPathValidatorResult
instanceKlass java/security/cert/CertPathValidatorResult
instanceKlass sun/security/rsa/RSAPadding
instanceKlass sun/security/rsa/RSACore
instanceKlass java/security/interfaces/RSAPrivateCrtKey
instanceKlass java/security/interfaces/RSAPrivateKey
instanceKlass sun/security/util/SignatureUtil
instanceKlass java/security/interfaces/DSAPublicKey
instanceKlass java/security/interfaces/DSAKey
instanceKlass sun/security/util/Length
instanceKlass sun/security/provider/certpath/CertPathConstraintsParameters
instanceKlass sun/security/util/ConstraintsParameters
instanceKlass sun/security/provider/certpath/PKIXMasterCertPathValidator
instanceKlass sun/security/provider/certpath/PolicyNodeImpl
instanceKlass java/security/cert/PolicyNode
instanceKlass sun/security/util/DisabledAlgorithmConstraints$CertPathHolder
instanceKlass  @bci sun/security/x509/X509CertImpl getFingerprint (Ljava/lang/String;Lsun/security/util/Debug;)Ljava/lang/String; 7 <appendix> member <vmtarget> ; # sun/security/x509/X509CertImpl$$Lambda+0x00000001002e6fa0
instanceKlass sun/security/util/UntrustedCertificates$1
instanceKlass sun/security/util/UntrustedCertificates
instanceKlass java/security/cert/X509CertSelector
instanceKlass java/security/cert/CertSelector
instanceKlass sun/security/provider/certpath/PKIX$ValidatorParams
instanceKlass sun/security/provider/certpath/PKIX
instanceKlass java/security/cert/CertPath
instanceKlass java/security/cert/CertPathValidatorSpi
instanceKlass java/security/cert/CertPathValidator
instanceKlass java/security/cert/PKIXCertPathChecker
instanceKlass java/security/cert/CertPathChecker
instanceKlass java/security/Timestamp
instanceKlass sun/security/ssl/SSLAlgorithmConstraints$SupportedSignatureAlgorithmConstraints
instanceKlass jdk/internal/icu/util/CodePointTrie$Data
instanceKlass jdk/internal/icu/util/CodePointMap
instanceKlass jdk/internal/icu/impl/NormalizerImpl$IsAcceptable
instanceKlass jdk/internal/icu/impl/NormalizerImpl
instanceKlass jdk/internal/icu/impl/Norm2AllModes$Norm2AllModesSingleton
instanceKlass jdk/internal/icu/impl/Norm2AllModes$NFKCSingleton
instanceKlass jdk/internal/icu/impl/Norm2AllModes
instanceKlass jdk/internal/icu/text/Normalizer2
instanceKlass jdk/internal/icu/text/NormalizerBase$ModeImpl
instanceKlass jdk/internal/icu/text/NormalizerBase$NFKDModeImpl
instanceKlass jdk/internal/icu/text/NormalizerBase$1
instanceKlass jdk/internal/icu/text/NormalizerBase$Mode
instanceKlass jdk/internal/icu/text/NormalizerBase
instanceKlass java/text/Normalizer
instanceKlass sun/security/pkcs/SignerInfo
instanceKlass sun/security/pkcs/PKCS9Attribute
instanceKlass sun/security/x509/AVAKeyword
instanceKlass java/security/cert/PKIXParameters
instanceKlass java/security/cert/CertPathParameters
instanceKlass sun/security/provider/certpath/CertPathHelper
instanceKlass java/security/cert/TrustAnchor
instanceKlass sun/security/validator/EndEntityChecker
instanceKlass sun/security/validator/Validator
instanceKlass javax/net/ssl/SSLEngine
instanceKlass sun/security/ssl/CertificateMessage$CertificateEntry
instanceKlass com/sun/crypto/provider/GaloisCounterMode$DecryptOp
instanceKlass com/sun/crypto/provider/GaloisCounterMode$GCMOperation
instanceKlass com/sun/crypto/provider/GHASH
instanceKlass com/sun/crypto/provider/GCM
instanceKlass com/sun/crypto/provider/GaloisCounterMode$GCMEngine
instanceKlass javax/crypto/spec/GCMParameterSpec
instanceKlass sun/security/ssl/ChangeCipherSpec$T13ChangeCipherSpecConsumer
instanceKlass sun/security/ssl/ChangeCipherSpec$T10ChangeCipherSpecProducer
instanceKlass sun/security/ssl/ChangeCipherSpec$T10ChangeCipherSpecConsumer
instanceKlass sun/security/ssl/ChangeCipherSpec
instanceKlass javax/crypto/spec/IvParameterSpec
instanceKlass sun/security/ssl/SSLTrafficKeyDerivation$T13TrafficKeyDerivation
instanceKlass sun/security/ssl/SSLTrafficKeyDerivation$1
instanceKlass sun/security/ssl/SSLTrafficKeyDerivation$T13TrafficKeyDerivationGenerator
instanceKlass sun/security/ssl/SSLTrafficKeyDerivation$T12TrafficKeyDerivationGenerator
instanceKlass sun/security/ssl/SSLTrafficKeyDerivation$T10TrafficKeyDerivationGenerator
instanceKlass sun/security/ssl/SSLTrafficKeyDerivation$S30TrafficKeyDerivationGenerator
instanceKlass sun/security/ssl/SSLKeyDerivationGenerator
instanceKlass sun/security/ssl/SSLSecretDerivation
instanceKlass javax/crypto/MacSpi
instanceKlass javax/crypto/Mac
instanceKlass sun/security/ssl/HKDF
instanceKlass  @bci javax/crypto/spec/SecretKeySpec <clinit> ()V 0 <appendix> argL0 ; # javax/crypto/spec/SecretKeySpec$$Lambda+0x00000001002b5128
instanceKlass jdk/internal/access/JavaxCryptoSpecAccess
instanceKlass javax/crypto/spec/SecretKeySpec
instanceKlass  @bci sun/security/ec/XDHKeyAgreement engineDoPhase (Ljava/security/Key;Z)Ljava/security/Key; 70 <appendix> argL0 ; # sun/security/ec/XDHKeyAgreement$$Lambda+0x00000001002c30a0
instanceKlass  @bci sun/security/ec/XDHKeyAgreement initImpl (Ljava/security/Key;)V 66 <appendix> argL0 ; # sun/security/ec/XDHKeyAgreement$$Lambda+0x00000001002c2e50
instanceKlass  @bci sun/security/ec/XDHKeyAgreement initImpl (Ljava/security/Key;)V 38 <appendix> argL0 ; # sun/security/ec/XDHKeyAgreement$$Lambda+0x00000001002c2be0
instanceKlass  @bci sun/security/ec/XDHKeyAgreement initImpl (Ljava/security/Key;)V 22 <appendix> argL0 ; # sun/security/ec/XDHKeyAgreement$$Lambda+0x00000001002c2970
instanceKlass javax/crypto/SecretKey
instanceKlass javax/crypto/KeyAgreementSpi
instanceKlass sun/security/ssl/KAKeyDerivation
instanceKlass sun/security/ssl/XDHKeyExchange$XDHEKAGenerator
instanceKlass sun/security/ssl/XDHKeyExchange
instanceKlass  @bci sun/security/ec/XDHKeyFactory generatePublicImpl (Ljava/security/spec/KeySpec;)Ljava/security/PublicKey; 65 <appendix> argL0 ; # sun/security/ec/XDHKeyFactory$$Lambda+0x00000001002c2490
instanceKlass  @bci sun/security/ec/XDHKeyFactory generatePublicImpl (Ljava/security/spec/KeySpec;)Ljava/security/PublicKey; 51 <appendix> argL0 ; # sun/security/ec/XDHKeyFactory$$Lambda+0x00000001002c2220
instanceKlass java/security/spec/XECPublicKeySpec
instanceKlass sun/security/ssl/XDHKeyExchange$XDHECredentials
instanceKlass sun/security/ssl/NamedGroupCredentials
instanceKlass sun/security/ssl/KeyShareExtension$SHKeyShareSpec
instanceKlass sun/security/ssl/HandshakeHash$CloneableHash
instanceKlass sun/security/ssl/HandshakeHash$T13HandshakeHash
instanceKlass sun/security/ssl/SupportedVersionsExtension$SHSupportedVersionsSpec
instanceKlass sun/security/ssl/TransportContext$1
instanceKlass sun/security/ssl/Plaintext
instanceKlass sun/security/ssl/OutputRecord$T13PaddingHolder
instanceKlass sun/security/ssl/KeyShareExtension$CHKeyShareSpec
instanceKlass sun/security/util/math/IntegerModuloP$MultiplicativeInverser$Secp256R1
instanceKlass sun/security/ec/ECOperations$PointMultiplier$Default
instanceKlass sun/security/ec/ECOperations$PointMultiplier$Secp256R1GeneratorMultiplier$P256
instanceKlass sun/security/ec/ECOperations$PointMultiplier$Secp256R1GeneratorMultiplier
instanceKlass sun/security/ec/ECOperations$PointMultiplier
instanceKlass  @bci sun/security/ec/ECPrivateKeyImpl calculatePublicKey ()Ljava/security/PublicKey; 9 <appendix> argL0 ; # sun/security/ec/ECPrivateKeyImpl$$Lambda+0x00000001002c0000
instanceKlass sun/security/util/ArrayUtil
instanceKlass java/security/interfaces/ECPrivateKey
instanceKlass sun/security/ec/ECOperations
instanceKlass sun/security/ssl/ECDHKeyExchange$ECDHEPossession
instanceKlass sun/security/ssl/KeyShareExtension$KeyShareEntry
instanceKlass sun/security/ssl/XDHKeyExchange$1
instanceKlass sun/security/pkcs/PKCS8Key
instanceKlass sun/security/util/InternalPrivateKey
instanceKlass java/security/interfaces/XECPrivateKey
instanceKlass java/security/interfaces/XECPublicKey
instanceKlass java/security/interfaces/XECKey
instanceKlass java/security/KeyPair
instanceKlass java/math/MutableBigInteger
instanceKlass sun/security/util/math/IntegerModuloP$MultiplicativeInverser$Default
instanceKlass sun/security/util/math/IntegerModuloP$MultiplicativeInverser
instanceKlass sun/security/util/math/MutableIntegerModuloP
instanceKlass sun/security/jca/JCAUtil$CachedSecureRandomHolder
instanceKlass sun/security/ec/XECOperations
instanceKlass sun/security/ec/XECParameters
instanceKlass  @bci sun/security/ec/XDHKeyPairGenerator initialize (Ljava/security/spec/AlgorithmParameterSpec;Ljava/security/SecureRandom;)V 0 <appendix> argL0 ; # sun/security/ec/XDHKeyPairGenerator$$Lambda+0x0000000100212f98
instanceKlass sun/security/ssl/XDHKeyExchange$XDHEPossession
instanceKlass sun/security/ssl/ECDHKeyExchange$ECDHEXDHKAGenerator
instanceKlass sun/security/ssl/ECDHKeyExchange$ECDHEKAGenerator
instanceKlass sun/security/ssl/ECDHKeyExchange$ECDHKAGenerator
instanceKlass sun/security/ssl/ECDHKeyExchange$ECDHEPossessionGenerator
instanceKlass sun/security/ssl/ECDHKeyExchange
instanceKlass sun/security/ssl/DHKeyExchange$DHEKAGenerator
instanceKlass sun/security/ssl/DHKeyExchange$DHEPossessionGenerator
instanceKlass sun/security/ssl/DHKeyExchange
instanceKlass sun/security/ssl/RSAKeyExchange$RSAKAGenerator
instanceKlass sun/security/ssl/RSAKeyExchange$EphemeralRSAPossessionGenerator
instanceKlass sun/security/ssl/RSAKeyExchange
instanceKlass sun/security/ssl/SSLKeyExchange$T13KeyAgreement
instanceKlass sun/security/ssl/SSLKeyAgreement
instanceKlass sun/security/ssl/SSLPossessionGenerator
instanceKlass sun/security/ssl/SSLKeyExchange
instanceKlass sun/security/ssl/SSLHandshakeBinding
instanceKlass sun/security/ssl/SSLKeyAgreementGenerator
instanceKlass sun/security/ssl/PskKeyExchangeModesExtension$PskKeyExchangeModesSpec
instanceKlass sun/security/ssl/SupportedVersionsExtension$CHSupportedVersionsSpec
instanceKlass sun/security/ssl/SignatureAlgorithmsExtension$SignatureSchemesSpec
instanceKlass  @bci java/util/stream/MatchOps makeRef (Ljava/util/function/Predicate;Ljava/util/stream/MatchOps$MatchKind;)Ljava/util/stream/TerminalOp; 20 <appendix> member <vmtarget> ; # java/util/stream/MatchOps$$Lambda+0x00000001002a8af8
instanceKlass java/util/stream/MatchOps$BooleanTerminalSink
instanceKlass java/util/stream/MatchOps$MatchOp
instanceKlass java/util/stream/MatchOps
instanceKlass  @bci sun/security/util/DisabledAlgorithmConstraints permits (Ljava/lang/String;Ljava/util/Set;)Z 20 <appendix> member <vmtarget> ; # sun/security/util/DisabledAlgorithmConstraints$$Lambda+0x00000001002a7c40
instanceKlass sun/security/ssl/ExtendedMasterSecretExtension$ExtendedMasterSecretSpec
instanceKlass sun/security/ssl/CertStatusExtension$CertStatusRequestV2Spec
instanceKlass sun/security/ssl/ECPointFormatsExtension$ECPointFormatsSpec
instanceKlass sun/security/ssl/SupportedGroupsExtension$SupportedGroupsSpec
instanceKlass sun/security/ssl/CertStatusExtension$CertStatusRequest
instanceKlass sun/security/ssl/CertStatusExtension$CertStatusRequestSpec
instanceKlass sun/security/ssl/ServerNameExtension$CHServerNamesSpec
instanceKlass sun/security/ssl/SSLExtension$SSLExtensionSpec
instanceKlass sun/security/ssl/SSLExtension$ClientExtensions
instanceKlass sun/security/ssl/PreSharedKeyExtension$SHPreSharedKeyStringizer
instanceKlass sun/security/ssl/PreSharedKeyExtension$SHPreSharedKeyAbsence
instanceKlass sun/security/ssl/PreSharedKeyExtension$SHPreSharedKeyConsumer
instanceKlass sun/security/ssl/PreSharedKeyExtension$SHPreSharedKeyProducer
instanceKlass sun/security/ssl/PreSharedKeyExtension$CHPreSharedKeyStringizer
instanceKlass sun/security/ssl/PreSharedKeyExtension$CHPreSharedKeyOnTradeAbsence
instanceKlass sun/security/ssl/PreSharedKeyExtension$CHPreSharedKeyUpdate
instanceKlass sun/security/ssl/PreSharedKeyExtension$CHPreSharedKeyOnLoadAbsence
instanceKlass sun/security/ssl/PreSharedKeyExtension$CHPreSharedKeyConsumer
instanceKlass sun/security/ssl/PreSharedKeyExtension$CHPreSharedKeyProducer
instanceKlass sun/security/ssl/PreSharedKeyExtension
instanceKlass sun/security/ssl/RenegoInfoExtension$RenegotiationInfoStringizer
instanceKlass sun/security/ssl/RenegoInfoExtension$SHRenegotiationInfoAbsence
instanceKlass sun/security/ssl/RenegoInfoExtension$SHRenegotiationInfoConsumer
instanceKlass sun/security/ssl/RenegoInfoExtension$SHRenegotiationInfoProducer
instanceKlass sun/security/ssl/RenegoInfoExtension$CHRenegotiationInfoAbsence
instanceKlass sun/security/ssl/RenegoInfoExtension$CHRenegotiationInfoConsumer
instanceKlass sun/security/ssl/RenegoInfoExtension$CHRenegotiationInfoProducer
instanceKlass sun/security/ssl/RenegoInfoExtension
instanceKlass sun/security/ssl/KeyShareExtension$HRRKeyShareStringizer
instanceKlass sun/security/ssl/KeyShareExtension$HRRKeyShareReproducer
instanceKlass sun/security/ssl/KeyShareExtension$HRRKeyShareConsumer
instanceKlass sun/security/ssl/KeyShareExtension$HRRKeyShareProducer
instanceKlass sun/security/ssl/KeyShareExtension$SHKeyShareStringizer
instanceKlass sun/security/ssl/KeyShareExtension$SHKeyShareAbsence
instanceKlass sun/security/ssl/KeyShareExtension$SHKeyShareConsumer
instanceKlass sun/security/ssl/KeyShareExtension$SHKeyShareProducer
instanceKlass sun/security/ssl/KeyShareExtension$CHKeyShareStringizer
instanceKlass sun/security/ssl/KeyShareExtension$CHKeyShareOnTradeAbsence
instanceKlass sun/security/ssl/KeyShareExtension$CHKeyShareConsumer
instanceKlass sun/security/ssl/KeyShareExtension$CHKeyShareProducer
instanceKlass sun/security/ssl/KeyShareExtension
instanceKlass sun/security/ssl/CertSignAlgsExtension$CertSignatureSchemesStringizer
instanceKlass sun/security/ssl/CertSignAlgsExtension$CRCertSignatureSchemesUpdate
instanceKlass sun/security/ssl/CertSignAlgsExtension$CRCertSignatureSchemesConsumer
instanceKlass sun/security/ssl/CertSignAlgsExtension$CRCertSignatureSchemesProducer
instanceKlass sun/security/ssl/CertSignAlgsExtension$CHCertSignatureSchemesUpdate
instanceKlass sun/security/ssl/CertSignAlgsExtension$CHCertSignatureSchemesConsumer
instanceKlass sun/security/ssl/CertSignAlgsExtension$CHCertSignatureSchemesProducer
instanceKlass sun/security/ssl/CertSignAlgsExtension
instanceKlass sun/security/ssl/CertificateAuthoritiesExtension$CertificateAuthoritiesStringizer
instanceKlass sun/security/ssl/CertificateAuthoritiesExtension$CRCertificateAuthoritiesConsumer
instanceKlass sun/security/ssl/CertificateAuthoritiesExtension$CRCertificateAuthoritiesProducer
instanceKlass sun/security/ssl/CertificateAuthoritiesExtension$CHCertificateAuthoritiesConsumer
instanceKlass sun/security/ssl/CertificateAuthoritiesExtension$CHCertificateAuthoritiesProducer
instanceKlass sun/security/ssl/CertificateAuthoritiesExtension
instanceKlass sun/security/ssl/PskKeyExchangeModesExtension$PskKeyExchangeModesStringizer
instanceKlass sun/security/ssl/PskKeyExchangeModesExtension$PskKeyExchangeModesOnTradeAbsence
instanceKlass sun/security/ssl/PskKeyExchangeModesExtension$PskKeyExchangeModesOnLoadAbsence
instanceKlass sun/security/ssl/PskKeyExchangeModesExtension$PskKeyExchangeModesConsumer
instanceKlass sun/security/ssl/PskKeyExchangeModesExtension$PskKeyExchangeModesProducer
instanceKlass sun/security/ssl/PskKeyExchangeModesExtension
instanceKlass sun/security/ssl/CookieExtension$CookieStringizer
instanceKlass sun/security/ssl/CookieExtension$HRRCookieReproducer
instanceKlass sun/security/ssl/CookieExtension$HRRCookieConsumer
instanceKlass sun/security/ssl/CookieExtension$HRRCookieProducer
instanceKlass sun/security/ssl/CookieExtension$CHCookieUpdate
instanceKlass sun/security/ssl/CookieExtension$CHCookieConsumer
instanceKlass sun/security/ssl/CookieExtension$CHCookieProducer
instanceKlass sun/security/ssl/CookieExtension
instanceKlass sun/security/ssl/SupportedVersionsExtension$HRRSupportedVersionsReproducer
instanceKlass sun/security/ssl/SupportedVersionsExtension$HRRSupportedVersionsConsumer
instanceKlass sun/security/ssl/SupportedVersionsExtension$HRRSupportedVersionsProducer
instanceKlass sun/security/ssl/SupportedVersionsExtension$SHSupportedVersionsStringizer
instanceKlass sun/security/ssl/SupportedVersionsExtension$SHSupportedVersionsConsumer
instanceKlass sun/security/ssl/SupportedVersionsExtension$SHSupportedVersionsProducer
instanceKlass sun/security/ssl/SupportedVersionsExtension$CHSupportedVersionsStringizer
instanceKlass sun/security/ssl/SupportedVersionsExtension$CHSupportedVersionsConsumer
instanceKlass sun/security/ssl/SupportedVersionsExtension$CHSupportedVersionsProducer
instanceKlass sun/security/ssl/SupportedVersionsExtension
instanceKlass sun/security/ssl/SignatureAlgorithmsExtension$SignatureSchemesStringizer
instanceKlass sun/security/ssl/SignatureAlgorithmsExtension$CRSignatureSchemesUpdate
instanceKlass sun/security/ssl/SignatureAlgorithmsExtension$CRSignatureSchemesAbsence
instanceKlass sun/security/ssl/SignatureAlgorithmsExtension$CRSignatureSchemesConsumer
instanceKlass sun/security/ssl/SignatureAlgorithmsExtension$CRSignatureSchemesProducer
instanceKlass sun/security/ssl/SignatureAlgorithmsExtension$CHSignatureSchemesOnTradeAbsence
instanceKlass sun/security/ssl/SignatureAlgorithmsExtension$CHSignatureSchemesUpdate
instanceKlass sun/security/ssl/SignatureAlgorithmsExtension$CHSignatureSchemesOnLoadAbsence
instanceKlass sun/security/ssl/SignatureAlgorithmsExtension$CHSignatureSchemesConsumer
instanceKlass sun/security/ssl/SignatureAlgorithmsExtension$CHSignatureSchemesProducer
instanceKlass sun/security/ssl/SignatureAlgorithmsExtension
instanceKlass sun/security/ssl/SessionTicketExtension$SessionTicketStringizer
instanceKlass sun/security/ssl/SessionTicketExtension$T12SHSessionTicketConsumer
instanceKlass sun/security/ssl/SessionTicketExtension$T12SHSessionTicketProducer
instanceKlass sun/security/ssl/SessionTicketExtension$T12CHSessionTicketConsumer
instanceKlass sun/security/ssl/SessionTicketExtension$T12CHSessionTicketProducer
instanceKlass sun/security/ssl/SessionTicketExtension
instanceKlass sun/security/ssl/ExtendedMasterSecretExtension$ExtendedMasterSecretStringizer
instanceKlass sun/security/ssl/ExtendedMasterSecretExtension$SHExtendedMasterSecretAbsence
instanceKlass sun/security/ssl/ExtendedMasterSecretExtension$SHExtendedMasterSecretConsumer
instanceKlass sun/security/ssl/ExtendedMasterSecretExtension$SHExtendedMasterSecretProducer
instanceKlass sun/security/ssl/ExtendedMasterSecretExtension$CHExtendedMasterSecretAbsence
instanceKlass sun/security/ssl/ExtendedMasterSecretExtension$CHExtendedMasterSecretConsumer
instanceKlass sun/security/ssl/ExtendedMasterSecretExtension$CHExtendedMasterSecretProducer
instanceKlass sun/security/ssl/ExtendedMasterSecretExtension
instanceKlass  @bci sun/security/ssl/AlpnExtension <clinit> ()V 100 <appendix> argL0 ; # sun/security/ssl/AlpnExtension$$Lambda+0x0000000100297920
instanceKlass sun/security/ssl/AlpnExtension$AlpnStringizer
instanceKlass sun/security/ssl/AlpnExtension$SHAlpnAbsence
instanceKlass sun/security/ssl/AlpnExtension$SHAlpnConsumer
instanceKlass sun/security/ssl/AlpnExtension$SHAlpnProducer
instanceKlass sun/security/ssl/AlpnExtension$CHAlpnAbsence
instanceKlass sun/security/ssl/AlpnExtension$CHAlpnConsumer
instanceKlass sun/security/ssl/AlpnExtension$CHAlpnProducer
instanceKlass sun/security/ssl/AlpnExtension
instanceKlass sun/security/ssl/ECPointFormatsExtension$ECPointFormatsStringizer
instanceKlass sun/security/ssl/ECPointFormatsExtension$SHECPointFormatsConsumer
instanceKlass sun/security/ssl/ECPointFormatsExtension$CHECPointFormatsConsumer
instanceKlass sun/security/ssl/ECPointFormatsExtension$CHECPointFormatsProducer
instanceKlass sun/security/ssl/ECPointFormatsExtension
instanceKlass sun/security/ssl/SupportedGroupsExtension$EESupportedGroupsConsumer
instanceKlass sun/security/ssl/SupportedGroupsExtension$EESupportedGroupsProducer
instanceKlass sun/security/ssl/SupportedGroupsExtension$SupportedGroupsStringizer
instanceKlass sun/security/ssl/SupportedGroupsExtension$CHSupportedGroupsOnTradeAbsence
instanceKlass sun/security/ssl/SupportedGroupsExtension$CHSupportedGroupsConsumer
instanceKlass sun/security/ssl/SupportedGroupsExtension$CHSupportedGroupsProducer
instanceKlass sun/security/ssl/SupportedGroupsExtension
instanceKlass sun/security/ssl/CertStatusExtension$CertStatusRespStringizer
instanceKlass sun/security/ssl/CertStatusExtension$CertStatusRequestsStringizer
instanceKlass sun/security/ssl/CertStatusExtension$SHCertStatusReqV2Consumer
instanceKlass sun/security/ssl/CertStatusExtension$SHCertStatusReqV2Producer
instanceKlass sun/security/ssl/CertStatusExtension$CHCertStatusReqV2Consumer
instanceKlass sun/security/ssl/CertStatusExtension$CHCertStatusReqV2Producer
instanceKlass sun/security/ssl/CertStatusExtension$CertStatusRequestStringizer
instanceKlass sun/security/ssl/CertStatusExtension$CTCertStatusResponseConsumer
instanceKlass sun/security/ssl/CertStatusExtension$CTCertStatusResponseProducer
instanceKlass sun/security/ssl/CertStatusExtension$SHCertStatusReqConsumer
instanceKlass sun/security/ssl/CertStatusExtension$SHCertStatusReqProducer
instanceKlass sun/security/ssl/CertStatusExtension$CHCertStatusReqConsumer
instanceKlass sun/security/ssl/CertStatusExtension$CHCertStatusReqProducer
instanceKlass sun/security/ssl/CertStatusExtension
instanceKlass sun/security/ssl/MaxFragExtension$MaxFragLenStringizer
instanceKlass sun/security/ssl/MaxFragExtension$EEMaxFragmentLengthUpdate
instanceKlass sun/security/ssl/MaxFragExtension$EEMaxFragmentLengthConsumer
instanceKlass sun/security/ssl/MaxFragExtension$EEMaxFragmentLengthProducer
instanceKlass sun/security/ssl/MaxFragExtension$SHMaxFragmentLengthUpdate
instanceKlass sun/security/ssl/MaxFragExtension$SHMaxFragmentLengthConsumer
instanceKlass sun/security/ssl/MaxFragExtension$SHMaxFragmentLengthProducer
instanceKlass sun/security/ssl/MaxFragExtension$CHMaxFragmentLengthConsumer
instanceKlass sun/security/ssl/MaxFragExtension$CHMaxFragmentLengthProducer
instanceKlass sun/security/ssl/MaxFragExtension
instanceKlass sun/security/ssl/ServerNameExtension$EEServerNameConsumer
instanceKlass sun/security/ssl/ServerNameExtension$EEServerNameProducer
instanceKlass sun/security/ssl/ServerNameExtension$SHServerNamesStringizer
instanceKlass sun/security/ssl/ServerNameExtension$SHServerNameConsumer
instanceKlass sun/security/ssl/ServerNameExtension$SHServerNameProducer
instanceKlass sun/security/ssl/ServerNameExtension$CHServerNamesStringizer
instanceKlass sun/security/ssl/ServerNameExtension$CHServerNameConsumer
instanceKlass sun/security/ssl/SSLExtension$ExtensionConsumer
instanceKlass sun/security/ssl/ServerNameExtension$CHServerNameProducer
instanceKlass sun/security/ssl/ServerNameExtension
instanceKlass sun/security/ssl/SSLStringizer
instanceKlass sun/security/ssl/SSLExtensions
instanceKlass sun/security/ssl/SSLHandshake$HandshakeMessage
instanceKlass sun/security/ssl/RandomCookie
instanceKlass java/util/ComparableTimSort
instanceKlass sun/security/util/KeyUtil
instanceKlass sun/security/ssl/SSLKeyDerivation
instanceKlass sun/security/ssl/SSLCredentials
instanceKlass sun/security/ssl/NamedGroupPossession
instanceKlass sun/security/ssl/SSLPossession
instanceKlass sun/security/ssl/HandshakeContext
instanceKlass sun/security/ssl/SSLConfiguration$1
instanceKlass javax/net/ssl/SSLParameters
instanceKlass sun/nio/ch/ExtendedSocketOption$1
instanceKlass sun/nio/ch/ExtendedSocketOption
instanceKlass sun/nio/ch/OptionKey
instanceKlass sun/nio/ch/SocketOptionRegistry$LazyInitialization
instanceKlass sun/nio/ch/SocketOptionRegistry$RegistryKey
instanceKlass sun/nio/ch/SocketOptionRegistry
instanceKlass java/net/StandardSocketOptions$StdSocketOption
instanceKlass java/net/StandardSocketOptions
instanceKlass jdk/internal/icu/impl/Trie2$UTrie2Header
instanceKlass jdk/internal/icu/impl/Trie2$1
instanceKlass jdk/internal/icu/impl/Trie2$ValueMapper
instanceKlass jdk/internal/icu/impl/Trie2
instanceKlass jdk/internal/icu/impl/UCharacterProperty$IsAcceptable
instanceKlass jdk/internal/icu/impl/ICUBinary$1
instanceKlass jdk/internal/icu/impl/UCharacterProperty$IntProperty
instanceKlass jdk/internal/icu/impl/UCharacterProperty
instanceKlass jdk/internal/icu/lang/UCharacter
instanceKlass jdk/internal/icu/util/VersionInfo
instanceKlass jdk/internal/icu/impl/Trie
instanceKlass jdk/internal/icu/text/StringPrep$StringPrepTrieImpl
instanceKlass jdk/internal/icu/impl/Trie$DataManipulate
instanceKlass jdk/internal/util/ByteArray
instanceKlass jdk/internal/icu/impl/ICUBinary
instanceKlass jdk/internal/icu/impl/StringPrepDataReader
instanceKlass jdk/internal/icu/impl/ICUBinary$Authenticate
instanceKlass  @bci jdk/internal/module/SystemModuleFinders$SystemModuleReader open (Ljava/lang/String;)Ljava/util/Optional; 6 <appendix> member <vmtarget> ; # jdk/internal/module/SystemModuleFinders$SystemModuleReader$$Lambda+0x0000000100286828
instanceKlass jdk/internal/icu/text/StringPrep
instanceKlass java/net/IDN
instanceKlass javax/net/ssl/SNIServerName
instanceKlass sun/net/NetHooks
instanceKlass sun/net/spi/DefaultProxySelector$3
instanceKlass sun/net/spi/DefaultProxySelector$NonProxyInfo
instanceKlass sun/net/spi/DefaultProxySelector$1
instanceKlass java/net/ProxySelector
instanceKlass java/net/SocksSocketImpl$3
instanceKlass  @bci sun/nio/ch/NioSocketImpl closerFor (Ljava/io/FileDescriptor;Z)Ljava/lang/Runnable; 5 <appendix> member <vmtarget> ; # sun/nio/ch/NioSocketImpl$$Lambda+0x0000000100284ca8
instanceKlass jdk/net/ExtendedSocketOptions$2
instanceKlass jdk/net/ExtendedSocketOptions$PlatformSocketOptions
instanceKlass jdk/net/ExtendedSocketOptions$ExtSocketOption
instanceKlass java/net/SocketOption
instanceKlass jdk/net/ExtendedSocketOptions
instanceKlass sun/net/ext/ExtendedSocketOptions
instanceKlass sun/nio/ch/Net$1
instanceKlass java/net/ProtocolFamily
instanceKlass sun/nio/ch/Net
instanceKlass java/net/InetSocketAddress$InetSocketAddressHolder
instanceKlass java/util/concurrent/atomic/Striped64$1
instanceKlass jdk/internal/util/random/RandomSupport
instanceKlass java/net/InetAddress$CachedLookup
instanceKlass sun/net/InetAddressCachePolicy$1
instanceKlass sun/net/InetAddressCachePolicy
instanceKlass java/util/stream/Nodes$ArrayNode
instanceKlass java/util/stream/Node$Builder
instanceKlass java/util/stream/Node$OfDouble
instanceKlass java/util/stream/Node$OfLong
instanceKlass java/util/stream/Node$OfInt
instanceKlass java/util/stream/Node$OfPrimitive
instanceKlass java/util/stream/Nodes$EmptyNode
instanceKlass java/util/stream/Node
instanceKlass java/util/stream/Nodes
instanceKlass  @bci java/net/InetAddress getAddressesFromNameService (Ljava/lang/String;)[Ljava/net/InetAddress; 94 <appendix> argL0 ; # java/net/InetAddress$$Lambda+0x000000010021f138
instanceKlass java/util/function/IntFunction
instanceKlass  @bci java/net/InetAddress loadResolver ()Ljava/net/spi/InetAddressResolver; 8 <appendix> argL0 ; # java/net/InetAddress$$Lambda+0x000000010021ec98
instanceKlass java/net/spi/InetAddressResolverProvider
instanceKlass java/net/InetAddress$NameServiceAddresses
instanceKlass java/net/InetAddress$Addresses
instanceKlass java/util/concurrent/ConcurrentSkipListMap$Iter
instanceKlass sun/security/ssl/DTLSRecord
instanceKlass sun/security/ssl/SessionId
instanceKlass java/util/concurrent/ConcurrentLinkedQueue$Node
instanceKlass java/security/spec/MGF1ParameterSpec
instanceKlass sun/security/ec/ParametersMap$1
instanceKlass  @bci sun/security/ec/ed/EdDSAParameters <clinit> ()V 268 <appendix> argL0 ; # sun/security/ec/ed/EdDSAParameters$$Lambda+0x00000001002122d8
instanceKlass sun/security/ec/ed/EdDSAParameters$SHAKE256DigesterFactory
instanceKlass sun/security/ec/point/ProjectivePoint
instanceKlass  @bci sun/security/ec/ed/EdDSAParameters <clinit> ()V 117 <appendix> argL0 ; # sun/security/ec/ed/EdDSAParameters$$Lambda+0x0000000100217810
instanceKlass sun/security/ec/ed/EdDSAParameters$Digester
instanceKlass sun/security/ec/ed/EdDSAParameters$SHA512DigesterFactory
instanceKlass sun/security/ec/point/ExtendedHomogeneousPoint
instanceKlass sun/security/ec/point/AffinePoint
instanceKlass sun/security/util/math/intpoly/IntegerPolynomial$Limb
instanceKlass sun/security/util/math/SmallValue
instanceKlass sun/security/ec/point/MutablePoint
instanceKlass sun/security/ec/point/ImmutablePoint
instanceKlass sun/security/ec/point/Point
instanceKlass sun/security/util/math/intpoly/IntegerPolynomial$Element
instanceKlass sun/security/util/math/ImmutableIntegerModuloP
instanceKlass sun/security/util/math/IntegerModuloP
instanceKlass sun/security/util/math/intpoly/IntegerPolynomial
instanceKlass sun/security/ec/ParametersMap
instanceKlass sun/security/ec/ed/EdECOperations
instanceKlass sun/security/ec/ed/EdDSAParameters$DigesterFactory
instanceKlass sun/security/util/math/IntegerFieldModuloP
instanceKlass sun/security/ec/ed/EdDSAParameters
instanceKlass  @bci sun/security/ec/ed/EdDSASignature <init> (Ljava/security/spec/NamedParameterSpec;)V 27 <appendix> argL0 ; # sun/security/ec/ed/EdDSASignature$$Lambda+0x0000000100215350
instanceKlass java/security/spec/EdDSAParameterSpec
instanceKlass sun/security/ec/ed/EdDSASignature$MessageAccumulator
instanceKlass javax/net/ssl/ExtendedSSLSession
instanceKlass javax/net/ssl/SSLSession
instanceKlass javax/crypto/spec/DHParameterSpec
instanceKlass sun/security/ssl/PredefinedDHParameterSpecs$1
instanceKlass sun/security/ssl/PredefinedDHParameterSpecs
instanceKlass com/sun/security/sasl/Provider$1
instanceKlass  @bci sun/security/provider/certpath/ldap/JdkLDAP <init> ()V 15 <appendix> member <vmtarget> ; # sun/security/provider/certpath/ldap/JdkLDAP$$Lambda+0x000000010023c8c8
instanceKlass sun/security/ssl/NamedGroup$SupportedGroups
instanceKlass sun/security/ssl/SSLConfiguration$CustomizedClientSignatureSchemes
instanceKlass javax/crypto/KeyGeneratorSpi
instanceKlass javax/crypto/KeyGenerator
instanceKlass sun/security/ssl/SSLConfiguration
instanceKlass sun/security/ssl/SSLCipher$SSLWriteCipher
instanceKlass sun/security/ssl/KeyUpdate$KeyUpdateProducer
instanceKlass sun/security/ssl/KeyUpdate$KeyUpdateConsumer
instanceKlass sun/security/ssl/KeyUpdate$KeyUpdateKickstartProducer
instanceKlass sun/security/ssl/KeyUpdate
instanceKlass sun/security/ssl/CertificateStatus$CertificateStatusAbsence
instanceKlass sun/security/ssl/HandshakeAbsence
instanceKlass sun/security/ssl/CertificateStatus$CertificateStatusProducer
instanceKlass sun/security/ssl/CertificateStatus$CertificateStatusConsumer
instanceKlass sun/security/ssl/CertificateStatus
instanceKlass sun/security/ssl/Finished$T13FinishedProducer
instanceKlass sun/security/ssl/Finished$T13FinishedConsumer
instanceKlass sun/security/ssl/Finished$T12FinishedProducer
instanceKlass sun/security/ssl/Finished$T12FinishedConsumer
instanceKlass sun/security/ssl/Finished
instanceKlass sun/security/ssl/ClientKeyExchange$ClientKeyExchangeProducer
instanceKlass sun/security/ssl/ClientKeyExchange$ClientKeyExchangeConsumer
instanceKlass sun/security/ssl/ClientKeyExchange
instanceKlass sun/security/ssl/CertificateVerify$T13CertificateVerifyProducer
instanceKlass sun/security/ssl/CertificateVerify$T13CertificateVerifyConsumer
instanceKlass sun/security/ssl/CertificateVerify$T12CertificateVerifyProducer
instanceKlass sun/security/ssl/CertificateVerify$T12CertificateVerifyConsumer
instanceKlass sun/security/ssl/CertificateVerify$T10CertificateVerifyProducer
instanceKlass sun/security/ssl/CertificateVerify$T10CertificateVerifyConsumer
instanceKlass sun/security/ssl/CertificateVerify$S30CertificateVerifyProducer
instanceKlass sun/security/ssl/CertificateVerify$S30CertificateVerifyConsumer
instanceKlass sun/security/ssl/CertificateVerify
instanceKlass sun/security/ssl/ServerHelloDone$ServerHelloDoneProducer
instanceKlass sun/security/ssl/ServerHelloDone$ServerHelloDoneConsumer
instanceKlass sun/security/ssl/ServerHelloDone
instanceKlass sun/security/ssl/CertificateRequest$T13CertificateRequestProducer
instanceKlass sun/security/ssl/CertificateRequest$T13CertificateRequestConsumer
instanceKlass sun/security/ssl/CertificateRequest$T12CertificateRequestProducer
instanceKlass sun/security/ssl/CertificateRequest$T12CertificateRequestConsumer
instanceKlass sun/security/ssl/CertificateRequest$T10CertificateRequestProducer
instanceKlass sun/security/ssl/CertificateRequest$T10CertificateRequestConsumer
instanceKlass sun/security/ssl/CertificateRequest
instanceKlass sun/security/ssl/ServerKeyExchange$ServerKeyExchangeProducer
instanceKlass sun/security/ssl/ServerKeyExchange$ServerKeyExchangeConsumer
instanceKlass sun/security/ssl/ServerKeyExchange
instanceKlass sun/security/ssl/CertificateMessage$T13CertificateProducer
instanceKlass sun/security/ssl/CertificateMessage$T13CertificateConsumer
instanceKlass sun/security/ssl/CertificateMessage$T12CertificateProducer
instanceKlass sun/security/ssl/CertificateMessage$T12CertificateConsumer
instanceKlass sun/security/ssl/CertificateMessage
instanceKlass sun/security/ssl/EncryptedExtensions$EncryptedExtensionsConsumer
instanceKlass sun/security/ssl/EncryptedExtensions$EncryptedExtensionsProducer
instanceKlass sun/security/ssl/EncryptedExtensions
instanceKlass sun/security/ssl/NewSessionTicket$T12NewSessionTicketProducer
instanceKlass sun/security/ssl/NewSessionTicket$T13NewSessionTicketProducer
instanceKlass sun/security/ssl/NewSessionTicket$T12NewSessionTicketConsumer
instanceKlass sun/security/ssl/NewSessionTicket$T13NewSessionTicketConsumer
instanceKlass sun/security/ssl/NewSessionTicket
instanceKlass sun/security/ssl/HelloVerifyRequest$HelloVerifyRequestProducer
instanceKlass sun/security/ssl/HelloVerifyRequest$HelloVerifyRequestConsumer
instanceKlass sun/security/ssl/HelloVerifyRequest
instanceKlass sun/security/ssl/ServerHello$T13HelloRetryRequestConsumer
instanceKlass sun/security/ssl/ServerHello$T13ServerHelloConsumer
instanceKlass sun/security/ssl/ServerHello$T12ServerHelloConsumer
instanceKlass sun/security/ssl/ServerHello$T13HelloRetryRequestReproducer
instanceKlass sun/security/ssl/ServerHello$T13HelloRetryRequestProducer
instanceKlass sun/security/ssl/ServerHello$T13ServerHelloProducer
instanceKlass sun/security/ssl/ServerHello$T12ServerHelloProducer
instanceKlass sun/security/ssl/ServerHello$ServerHelloConsumer
instanceKlass sun/security/ssl/ServerHello
instanceKlass sun/security/ssl/ClientHello$D13ClientHelloConsumer
instanceKlass sun/security/ssl/ClientHello$D12ClientHelloConsumer
instanceKlass sun/security/ssl/ClientHello$T13ClientHelloConsumer
instanceKlass sun/security/ssl/ClientHello$T12ClientHelloConsumer
instanceKlass sun/security/ssl/HandshakeConsumer
instanceKlass sun/security/ssl/ClientHello$ClientHelloProducer
instanceKlass sun/security/ssl/ClientHello$ClientHelloConsumer
instanceKlass sun/security/ssl/ClientHello$ClientHelloKickstartProducer
instanceKlass sun/security/ssl/ClientHello
instanceKlass sun/security/ssl/HelloRequest$HelloRequestProducer
instanceKlass sun/security/ssl/HelloRequest$HelloRequestConsumer
instanceKlass sun/security/ssl/HelloRequest$HelloRequestKickstartProducer
instanceKlass sun/security/ssl/SSLProducer
instanceKlass sun/security/ssl/HelloRequest
instanceKlass sun/security/ssl/HandshakeProducer
instanceKlass sun/security/ssl/SSLConsumer
instanceKlass sun/security/ssl/Authenticator$MacImpl
instanceKlass sun/security/ssl/Authenticator$MAC
instanceKlass sun/security/ssl/Authenticator
instanceKlass sun/security/ssl/SSLCipher$SSLReadCipher
instanceKlass sun/security/ssl/InputRecord
instanceKlass sun/security/ssl/SSLRecord
instanceKlass sun/security/ssl/Record
instanceKlass sun/security/ssl/TransportContext
instanceKlass sun/security/ssl/ConnectionContext
instanceKlass sun/security/ssl/HandshakeHash$CacheOnlyHash
instanceKlass sun/security/ssl/HandshakeHash$TranscriptHash
instanceKlass sun/security/ssl/HandshakeHash
instanceKlass java/net/SocksConsts
instanceKlass sun/net/PlatformSocketImpl
instanceKlass java/net/SocketImpl
instanceKlass java/net/SocketOptions
instanceKlass java/net/Socket
instanceKlass sun/security/ssl/SSLTransport
instanceKlass sun/net/www/http/KeepAliveKey
instanceKlass sun/net/NetworkClient$1
instanceKlass sun/net/NetworkClient
instanceKlass javax/net/ssl/HandshakeCompletedListener
instanceKlass java/util/EventListener
instanceKlass com/android/Version
instanceKlass java/net/ResponseCache
instanceKlass sun/net/www/protocol/http/HttpURLConnection$3
instanceKlass java/net/CookieHandler
instanceKlass sun/net/www/protocol/http/HttpURLConnection$2
instanceKlass sun/net/util/ProxyUtil
instanceKlass  @bci sun/net/www/protocol/http/AuthCacheImpl getAuthCacheFor (Ljava/net/Authenticator;)Lsun/net/www/protocol/http/AuthCacheImpl; 4 <appendix> argL0 ; # sun/net/www/protocol/http/AuthCacheImpl$$Lambda+0x0000000100225550
instanceKlass java/net/Authenticator
instanceKlass sun/net/www/protocol/http/AuthCacheImpl
instanceKlass sun/net/www/protocol/http/AuthCache
instanceKlass sun/util/logging/PlatformLogger
instanceKlass sun/net/NetProperties$1
instanceKlass sun/net/NetProperties
instanceKlass  @bci sun/net/www/protocol/http/HttpURLConnection getNetProperty (Ljava/lang/String;)Ljava/lang/String; 1 <appendix> member <vmtarget> ; # sun/net/www/protocol/http/HttpURLConnection$$Lambda+0x0000000100223f98
instanceKlass sun/security/provider/AbstractDrbg$NonceProvider
instanceKlass  @bci sun/security/provider/AbstractDrbg$SeederHolder <clinit> ()V 42 <appendix> member <vmtarget> ; # sun/security/provider/AbstractDrbg$SeederHolder$$Lambda+0x0000000100222418
instanceKlass  @cpi sun/security/provider/AbstractDrbg$SeederHolder 91 form vmentry <vmtarget> ; # java/lang/invoke/LambdaForm$DMH+0x0000000100210800
# instanceKlass java/lang/invoke/LambdaForm$DMH+0x0000000100210400
instanceKlass java/net/NetworkInterface$1
instanceKlass java/net/DefaultInterface
instanceKlass java/net/Inet6Address$Inet6AddressHolder
instanceKlass java/net/InetAddress$PlatformResolver
instanceKlass java/net/spi/InetAddressResolver
instanceKlass java/net/spi/InetAddressResolver$LookupPolicy
instanceKlass java/net/Inet4AddressImpl
instanceKlass java/net/Inet6AddressImpl
instanceKlass java/net/InetAddressImpl
instanceKlass java/util/concurrent/ConcurrentSkipListMap$Node
instanceKlass java/util/concurrent/ConcurrentSkipListMap$Index
instanceKlass java/util/concurrent/ConcurrentNavigableMap
instanceKlass java/net/InetAddress$InetAddressHolder
instanceKlass java/net/InetAddress$1
instanceKlass jdk/internal/access/JavaNetInetAddressAccess
instanceKlass java/net/InetAddress
instanceKlass java/net/InterfaceAddress
instanceKlass java/net/NetworkInterface
instanceKlass sun/security/provider/ByteArrayAccess$BE
instanceKlass sun/security/provider/SeedGenerator$1
instanceKlass sun/security/provider/SeedGenerator
instanceKlass sun/security/provider/AbstractDrbg$SeederHolder
instanceKlass java/security/DrbgParameters$NextBytes
instanceKlass  @bci sun/security/provider/AbstractDrbg <clinit> ()V 12 <appendix> argL0 ; # sun/security/provider/AbstractDrbg$$Lambda+0x000000010027bfb0
instanceKlass sun/security/provider/EntropySource
instanceKlass sun/security/provider/AbstractDrbg
instanceKlass java/security/DrbgParameters$Instantiation
instanceKlass java/security/DrbgParameters
instanceKlass sun/security/provider/MoreDrbgParameters
instanceKlass  @bci sun/security/provider/DRBG <init> (Ljava/security/SecureRandomParameters;)V 26 <appendix> argL0 ; # sun/security/provider/DRBG$$Lambda+0x000000010027a870
instanceKlass java/security/SecureRandomSpi
instanceKlass  @bci sun/security/ssl/SSLContextImpl engineInit ([Ljavax/net/ssl/KeyManager;[Ljavax/net/ssl/TrustManager;Ljava/security/SecureRandom;)V 57 <appendix> argL0 ; # sun/security/ssl/SSLContextImpl$$Lambda+0x000000010027a148
instanceKlass javax/net/ssl/X509ExtendedKeyManager
instanceKlass javax/net/ssl/X509KeyManager
instanceKlass javax/net/ssl/KeyManager
instanceKlass javax/net/ssl/KeyManagerFactorySpi
instanceKlass  @bci javax/net/ssl/KeyManagerFactory getDefaultAlgorithm ()Ljava/lang/String; 0 <appendix> argL0 ; # javax/net/ssl/KeyManagerFactory$$Lambda+0x0000000100278778
instanceKlass javax/net/ssl/KeyManagerFactory
instanceKlass sun/security/ssl/SSLContextImpl$DefaultManagersHolder$1
instanceKlass javax/net/ssl/X509ExtendedTrustManager
instanceKlass javax/net/ssl/X509TrustManager
instanceKlass javax/net/ssl/TrustManager
instanceKlass sun/security/validator/TrustStoreUtil
instanceKlass sun/security/x509/AccessDescription
instanceKlass sun/security/x509/DNSName
instanceKlass sun/security/x509/URIName
instanceKlass sun/security/x509/DistributionPoint
instanceKlass sun/security/x509/NetscapeCertTypeExtension$MapEntry
instanceKlass java/security/cert/PolicyQualifierInfo
instanceKlass sun/security/x509/CertificatePolicyId
instanceKlass sun/security/x509/PolicyInformation
instanceKlass java/security/interfaces/ECPublicKey
instanceKlass sun/security/x509/GeneralName
instanceKlass java/security/PKCS12Attribute
instanceKlass java/security/KeyStore$Entry$Attribute
instanceKlass sun/security/pkcs12/PKCS12KeyStore$Entry
instanceKlass sun/util/logging/PlatformLogger$ConfigurableBridge$LoggerConfiguration
instanceKlass java/io/FilePermission$1
instanceKlass jdk/internal/access/JavaIOFilePermissionAccess
instanceKlass jdk/internal/logger/LoggerFinderLoader
instanceKlass  @bci java/lang/System$LoggerFinder accessProvider ()Ljava/lang/System$LoggerFinder; 8 <appendix> argL0 ; # java/lang/System$LoggerFinder$$Lambda+0x0000000100271a70
instanceKlass jdk/internal/logger/LazyLoggers$LazyLoggerFactories
instanceKlass jdk/internal/logger/LazyLoggers$1
instanceKlass jdk/internal/logger/LazyLoggers
instanceKlass jdk/internal/event/EventHelper$ThreadTrackHolder
instanceKlass jdk/internal/event/EventHelper
instanceKlass sun/security/jca/JCAUtil
instanceKlass sun/security/util/MemoryCache$CacheEntry
instanceKlass sun/security/x509/GeneralNames
instanceKlass sun/security/x509/KeyIdentifier
# instanceKlass java/lang/invoke/LambdaForm$MH+0x0000000100210000
instanceKlass sun/security/x509/OIDMap$OIDInfo
instanceKlass sun/security/x509/PKIXExtensions
instanceKlass sun/security/x509/OIDMap
instanceKlass sun/security/x509/Extension
instanceKlass java/security/cert/Extension
instanceKlass sun/security/x509/CertificateExtensions
instanceKlass sun/security/rsa/RSAUtil
instanceKlass java/security/interfaces/RSAPublicKey
instanceKlass java/security/interfaces/RSAKey
instanceKlass java/security/spec/PSSParameterSpec
instanceKlass java/security/spec/RSAPrivateKeySpec
instanceKlass java/security/spec/RSAPublicKeySpec
instanceKlass  @bci java/security/spec/EncodedKeySpec <clinit> ()V 0 <appendix> argL0 ; # java/security/spec/EncodedKeySpec$$Lambda+0x000000010026be68
instanceKlass jdk/internal/access/JavaSecuritySpecAccess
instanceKlass java/security/spec/EncodedKeySpec
instanceKlass java/security/spec/KeySpec
instanceKlass sun/security/util/BitArray
instanceKlass sun/security/x509/X509Key
instanceKlass sun/security/x509/CertificateX509Key
instanceKlass sun/util/calendar/CalendarUtils
instanceKlass sun/util/calendar/CalendarDate
instanceKlass sun/util/calendar/CalendarSystem$GregorianHolder
instanceKlass sun/util/calendar/CalendarSystem
instanceKlass sun/security/x509/CertificateValidity
instanceKlass sun/security/x509/AVA
instanceKlass sun/security/x509/RDN
instanceKlass javax/security/auth/x500/X500Principal
instanceKlass  @bci sun/security/x509/X500Name <clinit> ()V 153 <appendix> argL0 ; # sun/security/x509/X500Name$$Lambda+0x0000000100267ce8
instanceKlass sun/security/x509/X500Name
instanceKlass sun/security/x509/GeneralNameInterface
instanceKlass sun/security/x509/CertificateAlgorithmId
instanceKlass sun/security/x509/SerialNumber
instanceKlass sun/security/x509/CertificateSerialNumber
instanceKlass sun/security/x509/CertificateVersion
instanceKlass sun/security/x509/X509CertInfo
instanceKlass sun/security/x509/AlgorithmId
instanceKlass java/security/cert/X509Extension
instanceKlass sun/security/util/Cache$EqualByteArray
instanceKlass java/security/cert/CertificateFactorySpi
instanceKlass java/security/cert/CertificateFactory
instanceKlass sun/security/pkcs/ContentInfo
instanceKlass sun/security/util/IOUtils
instanceKlass sun/security/util/DerInputStream
instanceKlass sun/security/util/DerValue
instanceKlass sun/security/action/OpenFileInputStreamAction
instanceKlass  @bci sun/security/util/KeyStoreDelegator <init> (Ljava/lang/String;Ljava/lang/Class;Ljava/lang/String;Ljava/lang/Class;)V 4 <appendix> argL0 ; # sun/security/util/KeyStoreDelegator$$Lambda+0x00000001002642c0
instanceKlass java/security/KeyStoreSpi
instanceKlass  @bci java/security/KeyStore getDefaultType ()Ljava/lang/String; 0 <appendix> argL0 ; # java/security/KeyStore$$Lambda+0x0000000100262bb8
instanceKlass java/security/KeyStore
instanceKlass sun/security/ssl/TrustStoreManager$TrustStoreDescriptor$1
instanceKlass sun/security/util/FilePaths
instanceKlass sun/security/ssl/TrustStoreManager$TrustStoreDescriptor
instanceKlass sun/security/ssl/TrustStoreManager$TrustAnchorManager
instanceKlass sun/security/ssl/TrustStoreManager
instanceKlass javax/net/ssl/TrustManagerFactorySpi
instanceKlass  @bci javax/net/ssl/TrustManagerFactory getDefaultAlgorithm ()Ljava/lang/String; 0 <appendix> argL0 ; # javax/net/ssl/TrustManagerFactory$$Lambda+0x00000001002614b0
instanceKlass javax/net/ssl/TrustManagerFactory
instanceKlass sun/security/ssl/SSLContextImpl$DefaultManagersHolder
instanceKlass java/util/Random
instanceKlass java/util/random/RandomGenerator
instanceKlass sun/security/util/Cache
instanceKlass sun/security/ssl/SSLSessionContextImpl
instanceKlass javax/net/ssl/SSLSessionContext
instanceKlass sun/security/ssl/EphemeralKeyManager$EphemeralKeyPair
instanceKlass sun/security/ssl/EphemeralKeyManager
instanceKlass sun/security/ssl/SSLContextImpl$CustomizedSSLProtocols
instanceKlass java/security/spec/NamedParameterSpec
instanceKlass sun/security/util/ECKeySizeParameterSpec
instanceKlass java/security/AlgorithmParametersSpi
instanceKlass java/security/AlgorithmParameters
instanceKlass sun/security/util/ECUtil
instanceKlass java/security/KeyPairGeneratorSpi
instanceKlass java/security/PrivateKey
instanceKlass javax/security/auth/Destroyable
instanceKlass java/security/PublicKey
instanceKlass java/security/KeyFactorySpi
instanceKlass java/security/KeyFactory
instanceKlass javax/crypto/KeyAgreement
instanceKlass java/security/interfaces/ECKey
instanceKlass java/security/Signature$1
instanceKlass jdk/internal/access/JavaSecuritySignatureAccess
instanceKlass java/security/SignatureSpi
instanceKlass sun/security/ssl/JsseJce$EcAvailability
instanceKlass sun/security/ssl/SSLAlgorithmDecomposer$1
instanceKlass sun/security/ssl/Utilities
instanceKlass sun/security/ssl/JsseJce
instanceKlass sun/security/ssl/NamedGroup$XDHScheme
instanceKlass sun/security/ssl/NamedGroup$FFDHEScheme
instanceKlass sun/security/ssl/NamedGroup$ECDHEScheme
instanceKlass sun/security/ssl/NamedGroup$NamedGroupScheme
instanceKlass sun/security/ssl/SSLCipher$1
instanceKlass sun/security/ssl/SSLCipher$T13CC20P1305WriteCipherGenerator
instanceKlass sun/security/ssl/SSLCipher$T12CC20P1305WriteCipherGenerator
instanceKlass sun/security/ssl/SSLCipher$T13CC20P1305ReadCipherGenerator
instanceKlass sun/security/ssl/SSLCipher$T12CC20P1305ReadCipherGenerator
instanceKlass sun/security/ssl/SSLCipher$T13GcmWriteCipherGenerator
instanceKlass sun/security/ssl/SSLCipher$T13GcmReadCipherGenerator
instanceKlass sun/security/ssl/SSLCipher$T12GcmWriteCipherGenerator
instanceKlass sun/security/ssl/SSLCipher$T12GcmReadCipherGenerator
instanceKlass com/sun/crypto/provider/AESConstants
instanceKlass java/util/Vector$1
instanceKlass  @bci javax/crypto/JceSecurityManager <clinit> ()V 67 <appendix> argL0 ; # javax/crypto/JceSecurityManager$$Lambda+0x0000000100254640
instanceKlass  @bci javax/crypto/JceSecurityManager <clinit> ()V 49 <appendix> argL0 ; # javax/crypto/JceSecurityManager$$Lambda+0x00000001002543f0
instanceKlass javax/crypto/JceSecurityManager
instanceKlass sun/security/ssl/SSLCipher$T11BlockWriteCipherGenerator
instanceKlass sun/security/ssl/SSLCipher$T11BlockReadCipherGenerator
instanceKlass com/sun/crypto/provider/PKCS5Padding
instanceKlass com/sun/crypto/provider/Padding
instanceKlass com/sun/crypto/provider/FeedbackCipher
instanceKlass com/sun/crypto/provider/SymmetricCipher
instanceKlass com/sun/crypto/provider/DESConstants
instanceKlass com/sun/crypto/provider/CipherCore
instanceKlass sun/security/ssl/SSLCipher$T10BlockWriteCipherGenerator
instanceKlass sun/security/ssl/SSLCipher$T10BlockReadCipherGenerator
instanceKlass javax/crypto/CipherSpi
instanceKlass javax/crypto/ProviderVerifier
instanceKlass java/lang/Class$Holder
instanceKlass javax/crypto/JceSecurity$3
instanceKlass javax/crypto/JceSecurity$2
instanceKlass java/util/Vector$Itr
instanceKlass javax/crypto/CryptoPolicyParser$CryptoPermissionEntry
instanceKlass javax/crypto/CryptoPolicyParser$GrantEntry
instanceKlass java/io/StreamTokenizer
instanceKlass javax/crypto/CryptoPolicyParser
instanceKlass java/nio/file/Files$1
instanceKlass sun/nio/fs/WindowsFileSystem$2
instanceKlass java/nio/file/PathMatcher
instanceKlass sun/nio/fs/Globs
instanceKlass sun/nio/fs/WindowsFileSystemProvider$1
instanceKlass javax/crypto/JceSecurity$1
instanceKlass javax/crypto/JceSecurity
instanceKlass sun/security/jca/ProviderList$ServiceList$1
instanceKlass sun/security/jca/ServiceId
instanceKlass javax/crypto/Cipher$Transform
instanceKlass javax/crypto/Cipher
instanceKlass sun/security/ssl/SSLCipher$StreamWriteCipherGenerator
instanceKlass sun/security/ssl/SSLCipher$StreamReadCipherGenerator
instanceKlass sun/security/ssl/SSLCipher$NullWriteCipherGenerator
instanceKlass sun/security/ssl/SSLCipher$WriteCipherGenerator
instanceKlass sun/security/ssl/SSLCipher$NullReadCipherGenerator
instanceKlass sun/security/ssl/SSLCipher$ReadCipherGenerator
instanceKlass java/util/AbstractMap$SimpleImmutableEntry
instanceKlass java/time/zone/ZoneOffsetTransition
instanceKlass java/time/LocalTime
instanceKlass java/time/temporal/ValueRange
instanceKlass java/time/temporal/TemporalUnit
instanceKlass java/time/temporal/TemporalField
instanceKlass java/time/LocalDate
instanceKlass java/time/chrono/ChronoLocalDate
instanceKlass java/time/ZonedDateTime
instanceKlass java/time/chrono/ChronoZonedDateTime
instanceKlass java/time/LocalDateTime
instanceKlass java/time/chrono/ChronoLocalDateTime
instanceKlass java/time/zone/ZoneOffsetTransitionRule
instanceKlass java/time/zone/ZoneRules
instanceKlass sun/security/util/DisabledAlgorithmConstraints$Constraints$Holder
instanceKlass sun/security/util/DisabledAlgorithmConstraints$Constraint
instanceKlass sun/security/util/DisabledAlgorithmConstraints$Constraints
instanceKlass sun/security/util/AbstractAlgorithmConstraints$1
instanceKlass sun/security/util/AlgorithmDecomposer
instanceKlass sun/security/util/AbstractAlgorithmConstraints
instanceKlass sun/security/ssl/SSLAlgorithmConstraints
instanceKlass java/security/AlgorithmConstraints
instanceKlass sun/security/ssl/SSLLogger
instanceKlass  @bci sun/security/ssl/SunJSSE registerAlgorithms ()V 1 <appendix> member <vmtarget> ; # sun/security/ssl/SunJSSE$$Lambda+0x00000001002426f0
instanceKlass java/security/spec/ECFieldF2m
instanceKlass sun/security/util/ObjectIdentifier
instanceKlass sun/security/util/ByteArrayTagOrder
instanceKlass sun/security/util/ByteArrayLexOrder
instanceKlass sun/security/util/DerEncoder
instanceKlass java/security/spec/ECParameterSpec
instanceKlass java/security/spec/AlgorithmParameterSpec
instanceKlass java/security/spec/ECPoint
instanceKlass java/security/spec/EllipticCurve
instanceKlass java/security/spec/ECFieldFp
instanceKlass java/security/spec/ECField
instanceKlass sun/security/util/CurveDB
instanceKlass sun/security/ec/SunEC$1
instanceKlass  @bci sun/security/pkcs11/SunPKCS11 register (Lsun/security/pkcs11/SunPKCS11$Descriptor;)V 27 <appendix> argL0 ; # sun/security/pkcs11/SunPKCS11$$Lambda+0x000000010020dd50
instanceKlass sun/security/pkcs11/SunPKCS11$Descriptor
instanceKlass javax/security/auth/callback/CallbackHandler
instanceKlass javax/security/auth/Subject
instanceKlass sun/security/smartcardio/SunPCSC$1
instanceKlass  @bci sun/security/jgss/SunProvider <init> ()V 15 <appendix> member <vmtarget> ; # sun/security/jgss/SunProvider$$Lambda+0x000000010020c750
instanceKlass com/sun/security/sasl/gsskerb/JdkSASL$1
instanceKlass org/jcp/xml/dsig/internal/dom/XMLDSigRI$2
instanceKlass org/jcp/xml/dsig/internal/dom/XMLDSigRI$1
instanceKlass sun/security/jca/ProviderConfig$ProviderLoader
instanceKlass sun/security/jca/ProviderConfig$3
instanceKlass sun/security/rsa/SunRsaSignEntries
instanceKlass javax/net/ssl/SSLContextSpi
instanceKlass javax/net/ssl/SSLContext
instanceKlass  @bci javax/net/ssl/SSLSocketFactory getSecurityProperty (Ljava/lang/String;)Ljava/lang/String; 1 <appendix> member <vmtarget> ; # javax/net/ssl/SSLSocketFactory$$Lambda+0x00000001001dd180
instanceKlass javax/net/ssl/SSLSocketFactory$DefaultFactoryHolder
instanceKlass javax/net/SocketFactory
instanceKlass javax/net/ssl/HttpsURLConnection$DefaultHostnameVerifier
instanceKlass javax/net/ssl/HostnameVerifier
instanceKlass java/net/Proxy
instanceKlass org/apache/http/util/Args
instanceKlass org/apache/http/HeaderElement
instanceKlass org/apache/http/message/BasicHeader
instanceKlass org/apache/http/Header
instanceKlass org/apache/http/NameValuePair
instanceKlass  @bci com/android/sdklib/repository/legacy/remote/internal/DownloadCache getCacheFilename (Ljava/lang/String;)Ljava/lang/String; 123 <appendix> form vmentry <vmtarget> ; # java/lang/invoke/LambdaForm$MH+0x000000010020a800
instanceKlass java/lang/invoke/LambdaFormEditor$1
# instanceKlass java/lang/invoke/LambdaForm$MH+0x000000010020a400
instanceKlass  @bci com/android/sdklib/repository/legacy/remote/internal/DownloadCache getCacheFilename (Ljava/lang/String;)Ljava/lang/String; 123 <appendix> argL3 form vmentry <vmtarget> ; # java/lang/invoke/LambdaForm$MH+0x000000010020a000
# instanceKlass java/lang/invoke/LambdaForm$MH+0x0000000100209c00
# instanceKlass java/lang/invoke/LambdaForm$MH+0x0000000100209800
# instanceKlass java/lang/invoke/LambdaForm$MH+0x0000000100209400
# instanceKlass java/lang/invoke/LambdaForm$MH+0x0000000100209000
instanceKlass  @bci com/android/sdklib/repository/legacy/remote/internal/DownloadCache getCacheFilename (Ljava/lang/String;)Ljava/lang/String; 123 <appendix> argL1 form vmentry <vmtarget> ; # java/lang/invoke/LambdaForm$MH+0x0000000100208c00
# instanceKlass java/lang/invoke/LambdaForm$MH+0x0000000100208800
# instanceKlass java/lang/invoke/LambdaForm$MH+0x0000000100208400
# instanceKlass java/lang/invoke/LambdaForm$MH+0x0000000100208000
instanceKlass  @bci java/util/regex/Pattern negate (Ljava/util/regex/Pattern$CharPredicate;)Ljava/util/regex/Pattern$CharPredicate; 1 <appendix> member <vmtarget> ; # java/util/regex/Pattern$$Lambda+0x00000001001d9ee0
instanceKlass java/net/spi/URLStreamHandlerProvider
instanceKlass java/net/URL$1
instanceKlass java/net/URL$2
instanceKlass java/net/URL$ThreadTrackHolder
instanceKlass com/android/repository/api/DelegatingProgressIndicator
instanceKlass jdk/internal/math/MathUtils
instanceKlass jdk/internal/math/DoubleToDecimal
instanceKlass jdk/internal/math/FormattedFPDecimal
instanceKlass kotlin/jvm/internal/StringCompanionObject
instanceKlass com/android/repository/impl/manager/RepoManagerImpl$load$1
instanceKlass com/android/repository/impl/manager/RepoManagerImpl$RemoteLoadTaskKey
instanceKlass kotlinx/coroutines/IncompleteStateBox
instanceKlass kotlin/coroutines/jvm/internal/CompletedContinuation
instanceKlass kotlinx/coroutines/internal/LockFreeLinkedListNode
instanceKlass com/google/common/collect/ComparisonChain
instanceKlass kotlin/text/StringsKt__AppendableKt
instanceKlass kotlin/sequences/GeneratorSequence$iterator$1
instanceKlass  @bci kotlin/sequences/SequencesKt__SequencesKt generateSequence (Ljava/lang/Object;Lkotlin/jvm/functions/Function1;)Lkotlin/sequences/Sequence; 24 <appendix> member <vmtarget> ; # kotlin/sequences/SequencesKt__SequencesKt$$Lambda+0x0000000100200488
instanceKlass kotlin/jvm/functions/Function0
instanceKlass kotlin/sequences/GeneratorSequence
instanceKlass com/android/repository/util/RepoPackageUtilKt
instanceKlass com/google/common/collect/CollectPreconditions
instanceKlass com/google/common/collect/AbstractMapEntry
instanceKlass com/google/common/collect/Iterables
instanceKlass  @bci java/util/stream/Collectors castingIdentity ()Ljava/util/function/Function; 0 <appendix> argL0 ; # java/util/stream/Collectors$$Lambda+0x00000001001d86e0
instanceKlass  @bci java/util/stream/Collectors uniqKeysMapMerger ()Ljava/util/function/BinaryOperator; 0 <appendix> argL0 ; # java/util/stream/Collectors$$Lambda+0x00000001001d8468
instanceKlass  @bci java/util/stream/Collectors uniqKeysMapAccumulator (Ljava/util/function/Function;Ljava/util/function/Function;)Ljava/util/function/BiConsumer; 2 <appendix> member <vmtarget> ; # java/util/stream/Collectors$$Lambda+0x00000001001d8200
instanceKlass  @bci java/util/stream/Collectors toMap (Ljava/util/function/Function;Ljava/util/function/Function;)Ljava/util/stream/Collector; 4 <appendix> argL0 ; # java/util/stream/Collectors$$Lambda+0x00000001001d7fb0
instanceKlass  @bci java/util/function/Function identity ()Ljava/util/function/Function; 0 <appendix> argL0 ; # java/util/function/Function$$Lambda+0x00000001001d7d40
instanceKlass  @bci com/android/repository/impl/meta/RepositoryPackages mapByPath (Ljava/util/Collection;)Ljava/util/Map; 6 <appendix> argL0 ; # com/android/repository/impl/meta/RepositoryPackages$$Lambda+0x00000001001cc788
instanceKlass  @bci java/util/stream/Collectors joining (Ljava/lang/CharSequence;Ljava/lang/CharSequence;Ljava/lang/CharSequence;)Ljava/util/stream/Collector; 22 <appendix> argL0 ; # java/util/stream/Collectors$$Lambda+0x00000001001d7240
instanceKlass  @bci java/util/stream/Collectors joining (Ljava/lang/CharSequence;Ljava/lang/CharSequence;Ljava/lang/CharSequence;)Ljava/util/stream/Collector; 17 <appendix> argL0 ; # java/util/stream/Collectors$$Lambda+0x00000001001d6fc8
instanceKlass  @bci java/util/stream/Collectors joining (Ljava/lang/CharSequence;Ljava/lang/CharSequence;Ljava/lang/CharSequence;)Ljava/util/stream/Collector; 12 <appendix> argL0 ; # java/util/stream/Collectors$$Lambda+0x00000001001d6d68
instanceKlass  @bci java/util/stream/Collectors joining (Ljava/lang/CharSequence;Ljava/lang/CharSequence;Ljava/lang/CharSequence;)Ljava/util/stream/Collector; 7 <appendix> member <vmtarget> ; # java/util/stream/Collectors$$Lambda+0x00000001001d6b10
instanceKlass java/util/stream/SortedOps
instanceKlass java/util/HashMap$HashMapSpliterator
instanceKlass com/google/common/hash/HashCode
instanceKlass sun/security/provider/ByteArrayAccess
instanceKlass java/lang/invoke/VarHandle$AccessDescriptor
instanceKlass sun/security/provider/ByteArrayAccess$LE
instanceKlass com/google/common/hash/AbstractHasher
instanceKlass sun/security/util/MessageDigestSpi2
instanceKlass sun/security/jca/GetInstance$Instance
instanceKlass jdk/internal/event/Event
instanceKlass sun/security/util/SecurityProviderConstants
instanceKlass java/security/Provider$UString
instanceKlass java/security/Provider$Service
instanceKlass sun/security/provider/NativePRNG$NonBlocking
instanceKlass sun/security/provider/NativePRNG$Blocking
instanceKlass sun/security/provider/NativePRNG
instanceKlass sun/security/provider/SunEntries$1
instanceKlass sun/security/provider/SunEntries
instanceKlass sun/security/util/SecurityConstants
instanceKlass sun/security/jca/ProviderList$2
instanceKlass jdk/internal/math/FloatingDecimal$ASCIIToBinaryBuffer
instanceKlass jdk/internal/math/FloatingDecimal$PreparedASCIIToBinaryBuffer
instanceKlass jdk/internal/math/FloatingDecimal$ASCIIToBinaryConverter
instanceKlass jdk/internal/math/FloatingDecimal$BinaryToASCIIBuffer
instanceKlass jdk/internal/math/FloatingDecimal$ExceptionalBinaryToASCIIBuffer
instanceKlass jdk/internal/math/FloatingDecimal$BinaryToASCIIConverter
instanceKlass jdk/internal/math/FloatingDecimal
instanceKlass javax/security/auth/login/Configuration$Parameters
instanceKlass java/security/Policy$Parameters
instanceKlass java/security/cert/CertStoreParameters
instanceKlass java/security/SecureRandomParameters
instanceKlass java/security/Provider$EngineDescription
instanceKlass java/security/Provider$ServiceKey
instanceKlass sun/security/jca/ProviderConfig
instanceKlass sun/security/jca/ProviderList
instanceKlass sun/security/jca/Providers
instanceKlass sun/security/jca/GetInstance
instanceKlass java/security/MessageDigestSpi
instanceKlass com/google/common/hash/Hasher
instanceKlass com/google/common/hash/PrimitiveSink
instanceKlass com/google/common/hash/AbstractHashFunction
instanceKlass com/google/common/hash/Hashing$Md5Holder
instanceKlass java/security/Key
instanceKlass com/google/common/hash/HashFunction
instanceKlass com/google/common/hash/Hashing
instanceKlass java/util/Formattable
instanceKlass com/google/common/collect/Comparators
instanceKlass com/sun/xml/bind/v2/runtime/unmarshaller/DefaultIDResolver$1
instanceKlass  @bci jdk/internal/reflect/MethodHandleBooleanFieldAccessorImpl setBoolean (Ljava/lang/Object;Z)V 41 <adapter> ; # java/lang/invoke/LambdaForm$MH+0x00000001001cac00
# instanceKlass java/lang/invoke/LambdaForm$MH+0x00000001001ca800
# instanceKlass java/lang/invoke/LambdaForm$BMH+0x00000001001ca400
# instanceKlass java/lang/invoke/LambdaForm$MH+0x00000001001ca000
instanceKlass com/sun/xml/bind/DatatypeConverterImpl
instanceKlass javax/xml/bind/DatatypeConverterInterface
# instanceKlass java/lang/invoke/LambdaForm$MH+0x00000001001c9c00
# instanceKlass java/lang/invoke/LambdaForm$MH+0x00000001001c9800
instanceKlass  @bci java/util/regex/CharPredicates ASCII_SPACE ()Ljava/util/regex/Pattern$BmpCharPredicate; 0 <appendix> argL0 ; # java/util/regex/CharPredicates$$Lambda+0x00000001001f6b18
instanceKlass  @bci jdk/internal/reflect/MethodHandleObjectFieldAccessorImpl set (Ljava/lang/Object;Ljava/lang/Object;)V 41 <adapter> ; # java/lang/invoke/LambdaForm$MH+0x00000001001c9400
# instanceKlass java/lang/invoke/LambdaForm$MH+0x00000001001c9000
# instanceKlass java/lang/invoke/LambdaForm$MH+0x00000001001c8c00
# instanceKlass java/lang/invoke/LambdaForm$MH+0x00000001001c8800
# instanceKlass java/lang/invoke/LambdaForm$MH+0x00000001001c8400
instanceKlass org/xml/sax/helpers/AttributesImpl
instanceKlass com/sun/org/apache/xerces/internal/impl/Constants$ArrayEnumeration
instanceKlass com/sun/org/apache/xerces/internal/impl/Constants
instanceKlass com/sun/org/apache/xerces/internal/parsers/AbstractSAXParser$LocatorProxy
instanceKlass org/xml/sax/ext/Locator2
instanceKlass com/sun/org/apache/xerces/internal/util/XMLSymbols
instanceKlass com/sun/org/apache/xerces/internal/util/XMLChar
instanceKlass com/sun/xml/internal/stream/Entity
instanceKlass com/sun/xml/internal/stream/util/BufferAllocator
instanceKlass com/sun/xml/internal/stream/util/ThreadLocalBufferAllocator
instanceKlass com/sun/org/apache/xerces/internal/impl/XMLEntityManager$EncodingInfo
instanceKlass com/sun/org/apache/xerces/internal/utils/XMLLimitAnalyzer
instanceKlass com/sun/org/apache/xerces/internal/xni/parser/XMLInputSource
instanceKlass com/sun/org/apache/xerces/internal/util/ErrorHandlerWrapper
instanceKlass com/sun/org/apache/xerces/internal/xni/parser/XMLErrorHandler
instanceKlass com/sun/org/apache/xerces/internal/impl/ExternalSubsetResolver
instanceKlass com/sun/org/apache/xerces/internal/util/EntityResolverWrapper
instanceKlass org/xml/sax/ext/EntityResolver2
instanceKlass com/sun/xml/bind/v2/runtime/unmarshaller/TagName
instanceKlass com/sun/xml/bind/v2/runtime/unmarshaller/SAXConnector
instanceKlass com/sun/org/apache/xerces/internal/parsers/AbstractSAXParser$AttributesProxy
instanceKlass org/xml/sax/ext/Attributes2
instanceKlass org/xml/sax/AttributeList
instanceKlass com/sun/org/apache/xerces/internal/util/FeatureState
instanceKlass com/sun/org/apache/xerces/internal/util/PropertyState
instanceKlass com/sun/org/apache/xerces/internal/impl/msg/XMLMessageFormatter
instanceKlass com/sun/org/apache/xerces/internal/util/MessageFormatter
instanceKlass com/sun/org/apache/xerces/internal/impl/XMLVersionDetector
instanceKlass com/sun/org/apache/xerces/internal/impl/validation/ValidationManager
instanceKlass com/sun/org/apache/xerces/internal/impl/dv/dtd/NMTOKENDatatypeValidator
instanceKlass com/sun/org/apache/xerces/internal/impl/dv/dtd/NOTATIONDatatypeValidator
instanceKlass com/sun/org/apache/xerces/internal/impl/dv/dtd/ENTITYDatatypeValidator
instanceKlass com/sun/org/apache/xerces/internal/impl/dv/dtd/ListDatatypeValidator
instanceKlass com/sun/org/apache/xerces/internal/impl/dv/dtd/IDREFDatatypeValidator
instanceKlass com/sun/org/apache/xerces/internal/impl/dv/dtd/IDDatatypeValidator
instanceKlass com/sun/org/apache/xerces/internal/impl/dv/dtd/StringDatatypeValidator
instanceKlass com/sun/org/apache/xerces/internal/impl/dv/DatatypeValidator
instanceKlass com/sun/org/apache/xerces/internal/impl/dv/DTDDVFactory
instanceKlass com/sun/org/apache/xerces/internal/impl/dtd/DTDGrammarBucket
instanceKlass com/sun/org/apache/xerces/internal/impl/dtd/XMLAttributeDecl
instanceKlass com/sun/org/apache/xerces/internal/impl/dtd/XMLSimpleType
instanceKlass com/sun/org/apache/xerces/internal/impl/dtd/XMLElementDecl
instanceKlass com/sun/org/apache/xerces/internal/impl/validation/ValidationState
instanceKlass com/sun/org/apache/xerces/internal/impl/dv/ValidationContext
instanceKlass com/sun/org/apache/xerces/internal/impl/dtd/XMLDTDValidator
instanceKlass com/sun/org/apache/xerces/internal/impl/RevalidationHandler
instanceKlass com/sun/org/apache/xerces/internal/impl/dtd/XMLDTDValidatorFilter
instanceKlass com/sun/org/apache/xerces/internal/xni/parser/XMLDocumentFilter
instanceKlass com/sun/org/apache/xerces/internal/impl/dtd/XMLEntityDecl
instanceKlass com/sun/org/apache/xerces/internal/impl/dtd/XMLDTDProcessor
instanceKlass com/sun/org/apache/xerces/internal/xni/parser/XMLDTDContentModelFilter
instanceKlass com/sun/org/apache/xerces/internal/xni/parser/XMLDTDFilter
instanceKlass com/sun/org/apache/xerces/internal/xni/parser/XMLDTDScanner
instanceKlass com/sun/org/apache/xerces/internal/xni/parser/XMLDTDContentModelSource
instanceKlass com/sun/org/apache/xerces/internal/xni/parser/XMLDTDSource
instanceKlass com/sun/org/apache/xerces/internal/xni/grammars/XMLDTDDescription
instanceKlass com/sun/org/apache/xerces/internal/xni/grammars/XMLGrammarDescription
instanceKlass com/sun/org/apache/xerces/internal/impl/XMLDocumentScannerImpl$TrailingMiscDriver
instanceKlass com/sun/org/apache/xerces/internal/impl/XMLDocumentScannerImpl$PrologDriver
instanceKlass com/sun/org/apache/xerces/internal/impl/XMLDocumentScannerImpl$XMLDeclDriver
instanceKlass com/sun/org/apache/xerces/internal/util/NamespaceSupport
instanceKlass com/sun/org/apache/xerces/internal/xni/NamespaceContext
instanceKlass com/sun/org/apache/xerces/internal/util/XMLAttributesImpl$Attribute
instanceKlass com/sun/org/apache/xerces/internal/util/XMLAttributesImpl
instanceKlass com/sun/org/apache/xerces/internal/xni/XMLAttributes
instanceKlass com/sun/org/apache/xerces/internal/impl/XMLDocumentFragmentScannerImpl$FragmentContentDriver
instanceKlass com/sun/org/apache/xerces/internal/impl/XMLDocumentFragmentScannerImpl$Driver
instanceKlass com/sun/org/apache/xerces/internal/impl/XMLDocumentFragmentScannerImpl$ElementStack2
instanceKlass com/sun/org/apache/xerces/internal/xni/QName
instanceKlass com/sun/org/apache/xerces/internal/impl/XMLDocumentFragmentScannerImpl$ElementStack
instanceKlass com/sun/org/apache/xerces/internal/xni/XMLString
instanceKlass com/sun/org/apache/xerces/internal/impl/XMLScanner
instanceKlass com/sun/xml/internal/stream/XMLBufferListener
instanceKlass com/sun/org/apache/xerces/internal/impl/XMLEntityHandler
instanceKlass com/sun/org/apache/xerces/internal/xni/parser/XMLDocumentScanner
instanceKlass com/sun/org/apache/xerces/internal/xni/parser/XMLDocumentSource
instanceKlass com/sun/org/apache/xerces/internal/impl/XMLErrorReporter
instanceKlass com/sun/org/apache/xerces/internal/impl/XMLEntityScanner
instanceKlass com/sun/org/apache/xerces/internal/xni/XMLLocator
instanceKlass com/sun/xml/internal/stream/XMLEntityStorage
instanceKlass com/sun/org/apache/xerces/internal/util/AugmentationsImpl$AugmentationsItemsContainer
instanceKlass com/sun/org/apache/xerces/internal/util/AugmentationsImpl
instanceKlass com/sun/org/apache/xerces/internal/xni/Augmentations
instanceKlass com/sun/org/apache/xerces/internal/util/XMLResourceIdentifierImpl
instanceKlass com/sun/org/apache/xerces/internal/xni/XMLResourceIdentifier
instanceKlass com/sun/org/apache/xerces/internal/impl/XMLEntityManager
instanceKlass com/sun/org/apache/xerces/internal/xni/parser/XMLEntityResolver
instanceKlass com/sun/org/apache/xerces/internal/xni/parser/XMLComponent
instanceKlass com/sun/org/apache/xerces/internal/util/SymbolTable$Entry
instanceKlass com/sun/org/apache/xerces/internal/util/SymbolTable
instanceKlass jdk/xml/internal/JdkConstants
instanceKlass jdk/xml/internal/JdkXmlUtils
instanceKlass com/sun/org/apache/xerces/internal/util/ParserConfigurationSettings
instanceKlass com/sun/org/apache/xerces/internal/parsers/XML11Configurable
instanceKlass com/sun/org/apache/xerces/internal/xni/parser/XMLPullParserConfiguration
instanceKlass com/sun/org/apache/xerces/internal/xni/parser/XMLParserConfiguration
instanceKlass com/sun/org/apache/xerces/internal/xni/parser/XMLComponentManager
instanceKlass com/sun/org/apache/xerces/internal/parsers/XMLParser
instanceKlass com/sun/org/apache/xerces/internal/xni/XMLDTDContentModelHandler
instanceKlass com/sun/org/apache/xerces/internal/xni/XMLDTDHandler
instanceKlass com/sun/org/apache/xerces/internal/xni/XMLDocumentHandler
instanceKlass org/xml/sax/Parser
instanceKlass com/sun/org/apache/xerces/internal/utils/XMLSecurityPropertyManager
instanceKlass com/sun/org/apache/xerces/internal/utils/XMLSecurityManager
instanceKlass javax/xml/parsers/SAXParser
instanceKlass com/sun/org/apache/xerces/internal/xs/PSVIProvider
instanceKlass com/sun/org/apache/xerces/internal/jaxp/JAXPConstants
instanceKlass  @bci javax/xml/parsers/FactoryFinder newInstance (Ljava/lang/Class;Ljava/lang/String;Ljava/lang/ClassLoader;ZZ)Ljava/lang/Object; 104 <appendix> member <vmtarget> ; # javax/xml/parsers/FactoryFinder$$Lambda+0x000000010017c350
instanceKlass  @bci jdk/xml/internal/SecuritySupport getContextClassLoader ()Ljava/lang/ClassLoader; 0 <appendix> argL0 ; # jdk/xml/internal/SecuritySupport$$Lambda+0x000000010017be68
instanceKlass  @bci javax/xml/parsers/FactoryFinder find (Ljava/lang/Class;Ljava/lang/String;)Ljava/lang/Object; 104 <appendix> member <vmtarget> ; # javax/xml/parsers/FactoryFinder$$Lambda+0x000000010017bc10
instanceKlass javax/xml/parsers/FactoryFinder$1
instanceKlass  @bci jdk/xml/internal/SecuritySupport getFileInputStream (Ljava/io/File;)Ljava/io/FileInputStream; 1 <appendix> member <vmtarget> ; # jdk/xml/internal/SecuritySupport$$Lambda+0x000000010017b758
instanceKlass java/nio/file/attribute/PosixFileAttributes
instanceKlass java/nio/file/attribute/DosFileAttributeView
instanceKlass  @bci jdk/xml/internal/SecuritySupport doesFileExist (Ljava/io/File;)Z 1 <appendix> member <vmtarget> ; # jdk/xml/internal/SecuritySupport$$Lambda+0x000000010017ad38
instanceKlass  @bci javax/xml/parsers/FactoryFinder find (Ljava/lang/Class;Ljava/lang/String;)Ljava/lang/Object; 6 <appendix> member <vmtarget> ; # javax/xml/parsers/FactoryFinder$$Lambda+0x000000010017aae0
instanceKlass  @bci jdk/xml/internal/SecuritySupport getSystemProperty (Ljava/lang/String;)Ljava/lang/String; 1 <appendix> member <vmtarget> ; # jdk/xml/internal/SecuritySupport$$Lambda+0x000000010017a888
instanceKlass jdk/xml/internal/SecuritySupport
instanceKlass javax/xml/parsers/FactoryFinder
instanceKlass javax/xml/parsers/SAXParserFactory
instanceKlass org/xml/sax/Attributes
instanceKlass org/xml/sax/helpers/XMLFilterImpl
instanceKlass org/xml/sax/InputSource
instanceKlass javax/xml/transform/sax/SAXSource
instanceKlass  @bci com/android/repository/impl/meta/SchemaModuleUtil createValidationEventHandler (Lcom/android/repository/api/ProgressIndicator;ZLjava/lang/String;)Ljavax/xml/bind/ValidationEventHandler; 3 <appendix> member <vmtarget> ; # com/android/repository/impl/meta/SchemaModuleUtil$$Lambda+0x00000001001c4500
instanceKlass  @cpi com/android/repository/impl/meta/SchemaModuleUtil 453 form vmentry <vmtarget> ; # java/lang/invoke/LambdaForm$DMH+0x00000001001c8000
instanceKlass com/sun/xml/bind/v2/runtime/unmarshaller/UnmarshallingContext$State
instanceKlass com/sun/xml/bind/v2/runtime/unmarshaller/Scope
instanceKlass javax/xml/bind/ValidationEventLocator
instanceKlass com/sun/xml/bind/v2/runtime/unmarshaller/LocatorExWrapper
instanceKlass org/xml/sax/helpers/LocatorImpl
instanceKlass com/sun/xml/bind/v2/runtime/Coordinator
instanceKlass com/sun/xml/bind/v2/runtime/unmarshaller/XmlVisitor$TextPredictor
instanceKlass java/util/concurrent/Callable
instanceKlass javax/xml/bind/helpers/DefaultValidationEventHandler
instanceKlass org/xml/sax/helpers/DefaultHandler
instanceKlass org/xml/sax/DTDHandler
instanceKlass org/xml/sax/EntityResolver
instanceKlass javax/xml/bind/UnmarshallerHandler
instanceKlass org/xml/sax/ContentHandler
instanceKlass com/sun/xml/bind/v2/runtime/unmarshaller/XmlVisitor
instanceKlass com/sun/xml/bind/IDResolver
instanceKlass javax/xml/bind/helpers/AbstractUnmarshallerImpl
instanceKlass javax/xml/bind/ValidationEventHandler
instanceKlass com/sun/xml/bind/v2/runtime/NameList
instanceKlass com/sun/xml/bind/v2/runtime/unmarshaller/ChildLoader
instanceKlass com/sun/xml/bind/v2/runtime/property/ArrayERProperty$ReceiverImpl
instanceKlass com/sun/xml/bind/v2/runtime/unmarshaller/StructureLoader$1
instanceKlass com/sun/xml/bind/v2/runtime/property/UnmarshallerChain
instanceKlass com/sun/xml/bind/v2/runtime/ElementBeanInfoImpl$1
instanceKlass javax/xml/bind/JAXBElement$GlobalScope
instanceKlass com/sun/xml/bind/v2/runtime/Utils$1
instanceKlass com/sun/xml/bind/v2/runtime/Utils
instanceKlass com/sun/xml/bind/v2/runtime/unmarshaller/Intercepter
instanceKlass com/sun/xml/bind/v2/runtime/unmarshaller/Patcher
instanceKlass com/sun/xml/bind/v2/runtime/unmarshaller/LocatorEx
instanceKlass com/sun/xml/bind/v2/ClassFactory
instanceKlass com/sun/xml/bind/v2/runtime/reflect/Lister$2
instanceKlass com/sun/xml/bind/v2/runtime/reflect/ListIterator
instanceKlass com/sun/xml/bind/v2/runtime/reflect/Lister
instanceKlass com/sun/xml/bind/v2/runtime/property/Utils$1
instanceKlass com/sun/xml/bind/v2/runtime/property/Utils
instanceKlass org/w3c/dom/Node
instanceKlass javax/xml/bind/annotation/W3CDomHandler
instanceKlass javax/xml/bind/annotation/DomHandler
instanceKlass com/sun/xml/bind/v2/runtime/JaxBeanInfo$1
instanceKlass com/sun/xml/bind/v2/runtime/LifecycleMethods
instanceKlass com/sun/xml/bind/v2/runtime/property/TagAndType
instanceKlass com/sun/xml/bind/v2/runtime/reflect/TransducedAccessor
instanceKlass com/sun/xml/bind/v2/runtime/Name
# instanceKlass java/lang/invoke/LambdaForm$MH+0x00000001001bc400
# instanceKlass java/lang/invoke/LambdaForm$MH+0x00000001001bc000
instanceKlass com/sun/xml/bind/v2/runtime/property/PropertyFactory$1
instanceKlass com/sun/xml/bind/v2/runtime/property/PropertyFactory
instanceKlass com/sun/xml/bind/v2/runtime/property/PropertyImpl
instanceKlass org/xml/sax/Locator
instanceKlass com/sun/xml/bind/v2/runtime/property/Property
instanceKlass com/sun/xml/bind/v2/runtime/property/StructureLoaderBuilder
instanceKlass com/sun/xml/bind/v2/runtime/unmarshaller/Loader
instanceKlass com/sun/xml/bind/v2/runtime/FilterTransducer
instanceKlass com/sun/xml/bind/v2/util/FlattenIterator
instanceKlass com/android/sdklib/repository/meta/DetailsTypes$MavenType
# instanceKlass java/lang/invoke/LambdaForm$MH+0x00000001001ac400
# instanceKlass java/lang/invoke/LambdaForm$MH+0x00000001001ac000
instanceKlass java/lang/invoke/MethodHandle$1
instanceKlass com/sun/xml/bind/v2/model/impl/ElementInfoImpl$PropertyImpl
instanceKlass javax/xml/bind/annotation/XmlElementDecl$GLOBAL
instanceKlass com/android/repository/impl/meta/TypeDetails
instanceKlass sun/reflect/generics/tree/MethodTypeSignature
instanceKlass com/sun/xml/bind/v2/model/nav/ParameterizedTypeImpl
instanceKlass java/lang/reflect/WildcardType
instanceKlass com/sun/xml/bind/v2/model/nav/ReflectionNavigator$BinderArg
instanceKlass sun/reflect/generics/tree/TypeVariableSignature
instanceKlass java/beans/Introspector$1
instanceKlass jdk/internal/access/JavaBeansAccess
instanceKlass java/beans/FeatureDescriptor
instanceKlass java/beans/Introspector
instanceKlass com/sun/xml/bind/v2/model/impl/GetterSetterPropertySeed
instanceKlass java/lang/Package$1PackageInfoProxy
instanceKlass com/sun/xml/bind/api/impl/NameUtil
instanceKlass com/sun/xml/bind/api/impl/NameConverter
instanceKlass com/sun/xml/bind/v2/model/impl/AttributePropertyInfoImpl$1
instanceKlass javax/xml/bind/annotation/XmlSchemaType$DEFAULT
instanceKlass com/android/repository/Revision
instanceKlass com/sun/xml/bind/v2/model/impl/PropertyInfoImpl$1
instanceKlass com/sun/xml/bind/v2/TODO
instanceKlass com/sun/xml/bind/v2/model/nav/ReflectionNavigator$10
instanceKlass java/lang/annotation/Documented
instanceKlass java/lang/Deprecated
instanceKlass jdk/internal/ValueBased
instanceKlass javax/xml/bind/annotation/adapters/XmlJavaTypeAdapters
instanceKlass com/sun/xml/bind/annotation/XmlLocation
instanceKlass com/sun/xml/bind/v2/runtime/reflect/Utils$1
instanceKlass com/sun/xml/bind/v2/runtime/reflect/Utils
instanceKlass javax/xml/bind/annotation/XmlSchemaTypes
instanceKlass com/sun/xml/bind/v2/model/core/Adapter
instanceKlass sun/reflect/generics/reflectiveObjects/LazyReflectiveObjectGenerator
instanceKlass sun/reflect/generics/reflectiveObjects/ParameterizedTypeImpl
instanceKlass java/lang/reflect/ParameterizedType
instanceKlass sun/reflect/generics/tree/ClassSignature
instanceKlass sun/reflect/generics/tree/Signature
instanceKlass sun/reflect/generics/tree/FormalTypeParameter
instanceKlass java/lang/reflect/TypeVariable
instanceKlass sun/reflect/generics/repository/AbstractRepository
instanceKlass java/util/AbstractList$Itr
instanceKlass com/sun/xml/bind/v2/model/impl/Util
instanceKlass com/sun/xml/bind/v2/model/runtime/RuntimeTypeRef
instanceKlass com/sun/xml/bind/v2/model/impl/TypeRefImpl
instanceKlass com/sun/xml/bind/v2/model/core/TypeRef
instanceKlass com/sun/xml/bind/v2/model/impl/ClassInfoImpl$1
instanceKlass com/sun/xml/bind/v2/model/impl/FieldPropertySeed
instanceKlass com/sun/xml/bind/v2/model/impl/RuntimeClassInfoImpl$RuntimePropertySeed
instanceKlass java/lang/Short$ShortCache
instanceKlass java/lang/Byte$ByteCache
instanceKlass javax/xml/bind/annotation/adapters/XmlAdapter
instanceKlass javax/xml/bind/annotation/adapters/XmlJavaTypeAdapter$DEFAULT
instanceKlass javax/xml/bind/annotation/XmlElement$DEFAULT
instanceKlass com/android/repository/impl/meta/Archive$HostConfig
instanceKlass com/sun/xml/bind/v2/model/nav/ReflectionNavigator$3
instanceKlass com/sun/xml/bind/AccessorFactoryImpl
instanceKlass com/sun/xml/bind/InternalAccessorFactory
instanceKlass javax/xml/bind/annotation/XmlAccessorOrder
instanceKlass com/sun/xml/bind/annotation/OverrideAnnotationOf
instanceKlass javax/xml/bind/annotation/XmlMixed
instanceKlass javax/xml/bind/annotation/XmlAnyElement
instanceKlass javax/xml/bind/annotation/XmlElements
instanceKlass javax/xml/bind/annotation/XmlAnyAttribute
instanceKlass javax/xml/bind/annotation/XmlList
instanceKlass javax/xml/bind/annotation/XmlElementWrapper
instanceKlass javax/xml/bind/annotation/XmlAttachmentRef
instanceKlass javax/xml/bind/annotation/XmlMimeType
instanceKlass javax/xml/bind/annotation/XmlInlineBinaryData
instanceKlass javax/xml/bind/annotation/XmlIDREF
instanceKlass javax/xml/bind/annotation/XmlID
instanceKlass javax/xml/bind/annotation/adapters/XmlJavaTypeAdapter
instanceKlass com/sun/xml/bind/v2/model/runtime/RuntimeMapPropertyInfo
instanceKlass com/sun/xml/bind/v2/model/core/MapPropertyInfo
instanceKlass com/sun/xml/bind/v2/model/runtime/RuntimeAttributePropertyInfo
instanceKlass com/sun/xml/bind/v2/model/core/AttributePropertyInfo
instanceKlass com/sun/xml/bind/v2/model/runtime/RuntimeReferencePropertyInfo
instanceKlass com/sun/xml/bind/v2/runtime/reflect/Accessor
instanceKlass com/sun/xml/bind/v2/runtime/unmarshaller/Receiver
instanceKlass com/sun/xml/bind/v2/model/runtime/RuntimeElementPropertyInfo
instanceKlass com/sun/xml/bind/v2/model/core/ElementPropertyInfo
instanceKlass com/sun/xml/bind/v2/model/runtime/RuntimeValuePropertyInfo
instanceKlass com/sun/xml/bind/v2/model/runtime/RuntimeNonElementRef
instanceKlass com/sun/xml/bind/v2/model/runtime/RuntimePropertyInfo
instanceKlass com/sun/xml/bind/v2/model/core/ValuePropertyInfo
instanceKlass com/sun/xml/bind/v2/model/core/NonElementRef
instanceKlass com/sun/xml/bind/AccessorFactory
instanceKlass com/sun/xml/bind/v2/model/impl/PropertySeed
instanceKlass com/sun/xml/bind/v2/model/impl/DummyPropertyInfo
instanceKlass com/sun/xml/bind/v2/model/core/ReferencePropertyInfo
instanceKlass com/sun/xml/bind/v2/model/impl/PropertyInfoImpl
instanceKlass com/sun/xml/bind/v2/model/core/PropertyInfo
instanceKlass com/sun/xml/bind/v2/model/annotation/AnnotationSource
instanceKlass javax/xml/bind/annotation/XmlType$DEFAULT
instanceKlass javax/xml/bind/annotation/XmlAccessorType
instanceKlass javax/xml/bind/annotation/XmlSeeAlso
instanceKlass com/sun/xml/bind/v2/model/annotation/ClassLocatable
instanceKlass com/sun/xml/bind/v2/model/annotation/MethodLocatable
instanceKlass javax/xml/bind/JAXBElement
instanceKlass com/android/repository/impl/meta/Archive$PatchesType
instanceKlass com/sun/xml/bind/v2/model/nav/ReflectionNavigator$5
instanceKlass com/sun/xml/bind/v2/model/nav/ReflectionNavigator$4
instanceKlass com/sun/xml/bind/v2/model/impl/RegistryInfoImpl
instanceKlass  @bci java/lang/reflect/Proxy getProxyConstructor (Ljava/lang/Class;Ljava/lang/ClassLoader;[Ljava/lang/Class;)Ljava/lang/reflect/Constructor; 80 <appendix> argL0 ; # java/lang/reflect/Proxy$$Lambda+0x000000010016e878
instanceKlass com/sun/xml/bind/v2/model/annotation/SecureLoader
instanceKlass javax/xml/bind/annotation/XmlValue
instanceKlass javax/xml/bind/annotation/XmlType
instanceKlass javax/xml/bind/annotation/XmlTransient
instanceKlass javax/xml/bind/annotation/XmlSchemaType
instanceKlass javax/xml/bind/annotation/XmlRootElement
instanceKlass javax/xml/bind/annotation/XmlEnum
instanceKlass javax/xml/bind/annotation/XmlElementRefs
instanceKlass javax/xml/bind/annotation/XmlElementRef
instanceKlass javax/xml/bind/annotation/XmlElementDecl
instanceKlass javax/xml/bind/annotation/XmlElement
instanceKlass javax/xml/bind/annotation/XmlAttribute
instanceKlass com/sun/xml/bind/v2/model/annotation/Quick
instanceKlass com/sun/xml/bind/v2/model/annotation/Init
instanceKlass com/sun/xml/bind/v2/model/annotation/LocatableAnnotation
instanceKlass javax/xml/bind/annotation/XmlRegistry
instanceKlass com/sun/xml/bind/v2/model/core/Ref
instanceKlass com/sun/xml/bind/api/CompositeStructure
instanceKlass com/sun/xml/bind/v2/runtime/IllegalAnnotationsException$Builder
instanceKlass java/util/Collections$UnmodifiableMap$UnmodifiableEntrySet$UnmodifiableEntry
instanceKlass java/util/Collections$UnmodifiableMap$UnmodifiableEntrySet$1
instanceKlass com/sun/xml/bind/v2/runtime/RuntimeUtil
instanceKlass com/sun/xml/bind/v2/model/impl/AnyTypeImpl
instanceKlass com/sun/xml/bind/v2/model/impl/TypeInfoSetImpl$1
instanceKlass com/sun/xml/bind/v2/model/impl/RuntimeBuiltinLeafInfoImpl$28
instanceKlass java/util/UUID
instanceKlass javax/xml/datatype/Duration
instanceKlass javax/xml/namespace/NamespaceContext
instanceKlass javax/xml/datatype/XMLGregorianCalendar
instanceKlass javax/xml/transform/Result
instanceKlass javax/activation/DataHandler
instanceKlass java/awt/datatransfer/Transferable
instanceKlass javax/activation/DataSource
instanceKlass java/awt/Graphics
instanceKlass java/awt/Component
instanceKlass java/awt/MenuContainer
instanceKlass java/awt/image/ImageObserver
instanceKlass java/awt/Transparency
instanceKlass java/awt/image/WritableRenderedImage
instanceKlass java/awt/Image
instanceKlass com/sun/xml/bind/v2/runtime/output/Pcdata
instanceKlass javax/xml/bind/ValidationEvent
instanceKlass java/awt/image/RenderedImage
instanceKlass java/util/Date
instanceKlass javax/xml/datatype/DatatypeConstants$Field
instanceKlass javax/xml/datatype/DatatypeConstants
instanceKlass java/util/Calendar
instanceKlass com/sun/xml/bind/v2/model/impl/RuntimeBuiltinLeafInfoImpl$1
instanceKlass com/sun/xml/bind/v2/model/impl/LeafInfoImpl
instanceKlass com/sun/xml/bind/v2/model/runtime/RuntimeBuiltinLeafInfo
instanceKlass com/sun/xml/bind/v2/model/core/BuiltinLeafInfo
instanceKlass com/sun/xml/bind/v2/model/impl/ModelBuilder$1
instanceKlass com/sun/xml/bind/v2/model/impl/Utils$1
instanceKlass com/sun/xml/bind/v2/model/nav/TypeVisitor
instanceKlass com/sun/xml/bind/v2/model/nav/ReflectionNavigator
instanceKlass com/sun/xml/bind/v2/model/nav/Navigator
instanceKlass com/sun/xml/bind/v2/model/impl/Utils
instanceKlass com/sun/xml/bind/WhiteSpaceProcessor
instanceKlass com/sun/xml/bind/v2/model/runtime/RuntimeTypeInfoSet
instanceKlass com/sun/xml/bind/v2/model/impl/TypeInfoSetImpl
instanceKlass com/sun/xml/bind/v2/model/runtime/RuntimeArrayInfo
instanceKlass com/sun/xml/bind/v2/runtime/Location
instanceKlass com/sun/xml/bind/v2/model/core/ArrayInfo
instanceKlass com/sun/xml/bind/v2/model/runtime/RuntimeElementInfo
instanceKlass com/sun/xml/bind/v2/model/core/ElementInfo
instanceKlass com/sun/xml/bind/v2/model/runtime/RuntimeElement
instanceKlass com/sun/xml/bind/v2/model/runtime/RuntimeClassInfo
instanceKlass com/sun/xml/bind/v2/model/core/ClassInfo
instanceKlass com/sun/xml/bind/v2/model/runtime/RuntimeEnumLeafInfo
instanceKlass com/sun/xml/bind/v2/model/impl/TypeInfoImpl
instanceKlass com/sun/xml/bind/v2/model/core/Element
instanceKlass com/sun/xml/bind/v2/model/core/EnumLeafInfo
instanceKlass com/sun/xml/bind/v2/runtime/Transducer
instanceKlass com/sun/xml/bind/v2/model/core/RegistryInfo
instanceKlass com/sun/xml/bind/v2/model/impl/ModelBuilder
instanceKlass com/sun/xml/bind/v2/model/impl/ModelBuilderI
instanceKlass com/sun/xml/bind/v2/runtime/NameBuilder
instanceKlass com/sun/istack/Pool$Impl
instanceKlass com/sun/xml/bind/v2/util/QNameMap$Entry
instanceKlass com/sun/xml/bind/v2/util/QNameMap
instanceKlass com/sun/xml/bind/v2/runtime/JAXBContextImpl$6
instanceKlass com/sun/xml/bind/v2/model/core/TypeInfoSet
instanceKlass com/sun/xml/bind/api/RawAccessor
instanceKlass com/sun/xml/bind/api/BridgeContext
instanceKlass javax/xml/bind/JAXBIntrospector
instanceKlass com/sun/xml/bind/v2/model/core/ErrorHandler
instanceKlass com/sun/xml/bind/api/ErrorListener
instanceKlass javax/xml/bind/Binder
instanceKlass com/sun/xml/bind/unmarshaller/InfosetScanner
instanceKlass javax/xml/bind/Marshaller
instanceKlass javax/xml/bind/Unmarshaller
instanceKlass com/sun/xml/bind/v2/runtime/AttributeAccessor
instanceKlass com/sun/xml/bind/v2/runtime/JaxBeanInfo
instanceKlass com/sun/xml/bind/api/Bridge
instanceKlass com/sun/xml/bind/v2/model/runtime/RuntimeLeafInfo
instanceKlass com/sun/xml/bind/v2/model/runtime/RuntimeNonElement
instanceKlass com/sun/xml/bind/v2/model/runtime/RuntimeTypeInfo
instanceKlass com/sun/xml/bind/v2/model/core/LeafInfo
instanceKlass com/sun/xml/bind/v2/model/core/MaybeElement
instanceKlass com/sun/xml/bind/v2/model/core/NonElement
instanceKlass com/sun/xml/bind/v2/model/core/TypeInfo
instanceKlass com/sun/xml/bind/v2/model/annotation/Locatable
instanceKlass com/sun/istack/Pool
instanceKlass com/sun/xml/bind/v2/model/annotation/AbstractInlineAnnotationReaderImpl
instanceKlass com/sun/xml/bind/v2/runtime/JAXBContextImpl$JAXBContextBuilder
instanceKlass com/sun/xml/bind/v2/util/TypeCast
instanceKlass java/lang/StackTraceElement$HashedModules
instanceKlass com/sun/xml/bind/Util
instanceKlass  @bci java/lang/invoke/BootstrapMethodInvoker invoke (Ljava/lang/Class;Ljava/lang/invoke/MethodHandle;Ljava/lang/String;Ljava/lang/Object;Ljava/lang/Object;Ljava/lang/Class;)Ljava/lang/Object; 462 <adapter> ; # java/lang/invoke/LambdaForm$MH+0x0000000100135000
# instanceKlass java/lang/invoke/LambdaForm$MH+0x0000000100134c00
# instanceKlass java/lang/invoke/LambdaForm$MH+0x0000000100134800
# instanceKlass java/lang/invoke/LambdaForm$MH+0x0000000100134400
# instanceKlass java/lang/invoke/LambdaForm$MH+0x0000000100134000
instanceKlass com/sun/xml/bind/v2/model/annotation/RuntimeAnnotationReader
instanceKlass com/sun/xml/bind/v2/model/annotation/AnnotationReader
instanceKlass com/sun/xml/bind/v2/ContextFactory
instanceKlass sun/security/util/ManifestEntryVerifier
instanceKlass jdk/internal/misc/ThreadTracker
instanceKlass java/util/jar/JarFile$ThreadTrackHolder
instanceKlass java/nio/charset/CoderResult
instanceKlass sun/net/www/MessageHeader
instanceKlass sun/net/www/protocol/jar/JarFileFactory
instanceKlass sun/net/www/protocol/jar/URLJarFile$URLJarFileCloseController
instanceKlass java/net/URLConnection
instanceKlass jdk/internal/foreign/MemorySessionImpl
instanceKlass java/lang/foreign/MemorySegment$Scope
instanceKlass javax/xml/bind/ServiceLoaderUtil
instanceKlass javax/xml/bind/JAXBContextFactory
instanceKlass javax/xml/bind/ModuleUtil
instanceKlass javax/xml/bind/GetPropertyAction
instanceKlass jdk/internal/logger/DefaultLoggerFinder$1
instanceKlass java/util/logging/Logger$SystemLoggerHelper$1
instanceKlass java/util/logging/Logger$SystemLoggerHelper
instanceKlass java/util/logging/LogManager$4
instanceKlass jdk/internal/logger/BootstrapLogger$BootstrapExecutors
instanceKlass jdk/internal/logger/BootstrapLogger$RedirectedLoggers
instanceKlass jdk/internal/loader/URLClassPath$1
instanceKlass java/lang/CompoundEnumeration
instanceKlass jdk/internal/loader/BuiltinClassLoader$1
instanceKlass java/util/Collections$EmptyEnumeration
instanceKlass jdk/internal/loader/BuiltinClassLoader$2
instanceKlass jdk/internal/module/Resources
instanceKlass java/util/Spliterators$1Adapter
instanceKlass jdk/internal/logger/BootstrapLogger$DetectBackend$1
instanceKlass jdk/internal/logger/BootstrapLogger$DetectBackend
instanceKlass jdk/internal/logger/BootstrapLogger
instanceKlass sun/util/logging/PlatformLogger$ConfigurableBridge
instanceKlass sun/util/logging/PlatformLogger$Bridge
instanceKlass java/lang/System$Logger
instanceKlass java/util/stream/Streams
instanceKlass java/util/stream/Streams$AbstractStreamBuilderImpl
instanceKlass java/util/stream/Stream$Builder
instanceKlass  @bci java/util/stream/FindOps$FindSink$OfRef <clinit> ()V 43 <appendix> argL0 ; # java/util/stream/FindOps$FindSink$OfRef$$Lambda+0x000000010015fae0
instanceKlass  @bci java/util/stream/FindOps$FindSink$OfRef <clinit> ()V 38 <appendix> argL0 ; # java/util/stream/FindOps$FindSink$OfRef$$Lambda+0x000000010015f860
instanceKlass  @bci java/util/stream/FindOps$FindSink$OfRef <clinit> ()V 16 <appendix> argL0 ; # java/util/stream/FindOps$FindSink$OfRef$$Lambda+0x000000010015f610
instanceKlass  @bci java/util/stream/FindOps$FindSink$OfRef <clinit> ()V 11 <appendix> argL0 ; # java/util/stream/FindOps$FindSink$OfRef$$Lambda+0x000000010015f390
instanceKlass java/util/stream/FindOps$FindOp
instanceKlass java/util/stream/FindOps$FindSink
instanceKlass java/util/stream/FindOps
instanceKlass  @bci java/util/logging/Level$KnownLevel findByName (Ljava/lang/String;Ljava/util/function/Function;)Ljava/util/Optional; 29 <appendix> argL0 ; # java/util/logging/Level$KnownLevel$$Lambda+0x000000010015e100
instanceKlass java/util/ArrayList$ArrayListSpliterator
instanceKlass  @bci java/util/logging/Level findLevel (Ljava/lang/String;)Ljava/util/logging/Level; 13 <appendix> argL0 ; # java/util/logging/Level$$Lambda+0x000000010015dbe8
instanceKlass java/util/Hashtable$Enumerator
instanceKlass java/util/Collections$SynchronizedCollection
instanceKlass java/util/Properties$EntrySet
instanceKlass sun/nio/ch/IOStatus
instanceKlass sun/nio/ch/Util$BufferCache
instanceKlass sun/nio/ch/Util
instanceKlass sun/nio/ch/NativeThread
instanceKlass java/util/Collections$3
instanceKlass java/util/logging/LogManager$LoggerContext$1
instanceKlass java/util/logging/LogManager$VisitedLoggers
instanceKlass java/io/ExternalChannelHolder
instanceKlass sun/nio/fs/WindowsChannelFactory$2
instanceKlass java/util/logging/LogManager$2
instanceKlass java/lang/System$LoggerFinder
instanceKlass java/security/Security$1
instanceKlass jdk/internal/access/JavaSecurityPropertiesAccess
instanceKlass java/util/concurrent/ConcurrentHashMap$MapEntry
instanceKlass java/io/FileInputStream$1
instanceKlass java/util/Properties$LineReader
instanceKlass  @bci java/security/Security <clinit> ()V 9 <appendix> argL0 ; # java/security/Security$$Lambda+0x00000001001582a8
instanceKlass java/security/Security
instanceKlass sun/security/util/SecurityProperties
instanceKlass sun/security/util/FilePermCompat
instanceKlass java/util/logging/LogManager$LoggingProviderAccess
instanceKlass sun/util/logging/internal/LoggingProviderImpl$LogManagerAccess
instanceKlass java/lang/Shutdown$Lock
instanceKlass java/lang/Shutdown
instanceKlass java/lang/ApplicationShutdownHooks$1
instanceKlass java/lang/ApplicationShutdownHooks
instanceKlass java/util/Collections$SynchronizedMap
instanceKlass java/util/logging/LogManager$LogNode
instanceKlass java/util/logging/LogManager$LoggerContext
instanceKlass java/util/logging/LogManager$1
instanceKlass java/util/logging/LogManager
instanceKlass java/util/logging/Logger$ConfigurationData
instanceKlass java/util/logging/Logger$LoggerBundle
instanceKlass  @bci java/util/logging/Level$KnownLevel add (Ljava/util/logging/Level;)V 49 <appendix> argL0 ; # java/util/logging/Level$KnownLevel$$Lambda+0x00000001001548a0
instanceKlass  @bci java/util/logging/Level$KnownLevel add (Ljava/util/logging/Level;)V 19 <appendix> argL0 ; # java/util/logging/Level$KnownLevel$$Lambda+0x0000000100154630
instanceKlass java/util/logging/Level
instanceKlass java/util/logging/Logger
instanceKlass javax/xml/bind/ServiceLoaderUtil$ExceptionHandler
instanceKlass java/util/logging/Handler
instanceKlass javax/xml/bind/ContextFinder
instanceKlass javax/xml/bind/JAXBContext
instanceKlass com/google/common/base/Joiner
instanceKlass com/google/common/collect/PeekingIterator
instanceKlass com/google/common/collect/Iterators
instanceKlass com/google/common/collect/Lists
instanceKlass org/xml/sax/XMLFilter
instanceKlass org/xml/sax/XMLReader
instanceKlass org/w3c/dom/ls/LSResourceResolver
instanceKlass org/xml/sax/ErrorHandler
instanceKlass javax/xml/transform/Source
instanceKlass com/android/repository/impl/meta/SchemaModuleUtil
instanceKlass java/nio/channels/NetworkChannel
instanceKlass sun/nio/ch/SelChImpl
instanceKlass sun/nio/ch/Streams
instanceKlass java/nio/channels/Channels
instanceKlass sun/nio/ch/FileChannelImpl$Closer
instanceKlass sun/nio/ch/NativeThreadSet
instanceKlass sun/nio/ch/IOUtil
instanceKlass sun/nio/ch/NativeDispatcher
instanceKlass java/nio/channels/spi/AbstractInterruptibleChannel
instanceKlass java/nio/channels/InterruptibleChannel
instanceKlass java/nio/channels/ScatteringByteChannel
instanceKlass java/nio/channels/GatheringByteChannel
instanceKlass java/nio/channels/SeekableByteChannel
instanceKlass java/nio/channels/ByteChannel
instanceKlass java/nio/channels/WritableByteChannel
instanceKlass java/nio/channels/ReadableByteChannel
instanceKlass java/nio/channels/Channel
instanceKlass sun/nio/fs/WindowsChannelFactory$Flags
instanceKlass sun/nio/fs/WindowsChannelFactory$1
instanceKlass sun/nio/fs/WindowsChannelFactory
instanceKlass sun/nio/fs/WindowsSecurityDescriptor
instanceKlass java/nio/file/attribute/FileAttribute
instanceKlass sun/nio/fs/BasicFileAttributesHolder
instanceKlass java/util/stream/ForEachOps$ForEachOp
instanceKlass java/util/stream/ForEachOps
instanceKlass  @bci com/android/repository/impl/meta/SchemaModuleUtil createValidationEventHandler (Lcom/android/repository/api/ProgressIndicator;ZLjava/lang/String;)Ljavax/xml/bind/ValidationEventHandler; 3 <adapter> ; # java/lang/invoke/LambdaForm$MH+0x0000000100129000
# instanceKlass java/lang/invoke/LambdaForm$DMH+0x0000000100128c00
instanceKlass  @bci com/android/repository/impl/meta/SchemaModuleUtil createValidationEventHandler (Lcom/android/repository/api/ProgressIndicator;ZLjava/lang/String;)Ljavax/xml/bind/ValidationEventHandler; 3 <appendix> form vmentry <vmtarget> ; # java/lang/invoke/LambdaForm$DMH+0x0000000100128800
instanceKlass  @bci com/android/repository/impl/manager/LocalRepoLoaderImpl collectPackages (Ljava/util/Collection;Ljava/nio/file/Path;I)V 137 <appendix> member <vmtarget> ; # com/android/repository/impl/manager/LocalRepoLoaderImpl$$Lambda+0x000000010012f8f0
instanceKlass  @bci java/util/function/Predicate negate ()Ljava/util/function/Predicate; 1 <appendix> member <vmtarget> ; # java/util/function/Predicate$$Lambda+0x000000010014b020
instanceKlass  @cpi java/util/function/Predicate 75 form vmentry <vmtarget> ; # java/lang/invoke/LambdaForm$DMH+0x0000000100128400
instanceKlass com/google/common/base/Predicates$InPredicate
instanceKlass com/google/common/base/CommonPattern
instanceKlass com/google/common/base/Predicates
instanceKlass java/util/stream/Sink$ChainedReference
instanceKlass java/util/stream/ReduceOps$Box
instanceKlass java/util/stream/ReduceOps$AccumulatingSink
instanceKlass java/util/stream/TerminalSink
instanceKlass java/util/stream/Sink
instanceKlass java/util/stream/ReduceOps$ReduceOp
instanceKlass java/util/stream/TerminalOp
instanceKlass java/util/stream/ReduceOps
instanceKlass  @bci com/google/common/collect/CollectCollectors <clinit> ()V 75 <appendix> argL0 ; # com/google/common/collect/CollectCollectors$$Lambda+0x000000010012ea80
instanceKlass  @bci com/google/common/collect/CollectCollectors <clinit> ()V 70 <appendix> argL0 ; # com/google/common/collect/CollectCollectors$$Lambda+0x000000010012e808
instanceKlass  @bci com/google/common/collect/CollectCollectors <clinit> ()V 65 <appendix> argL0 ; # com/google/common/collect/CollectCollectors$$Lambda+0x000000010012e5a8
instanceKlass com/google/common/collect/RangeGwtSerializationDependencies
instanceKlass com/google/common/base/Predicate
instanceKlass  @bci com/google/common/collect/CollectCollectors <clinit> ()V 60 <appendix> argL0 ; # com/google/common/collect/CollectCollectors$$Lambda+0x0000000100127db0
instanceKlass com/google/common/collect/ImmutableRangeSet$Builder
instanceKlass com/google/common/collect/SortedIterable
instanceKlass com/google/common/collect/AbstractRangeSet
instanceKlass com/google/common/collect/RangeSet
instanceKlass  @bci com/google/common/collect/CollectCollectors <clinit> ()V 45 <appendix> argL0 ; # com/google/common/collect/CollectCollectors$$Lambda+0x00000001001262b0
instanceKlass  @bci com/google/common/collect/CollectCollectors <clinit> ()V 40 <appendix> argL0 ; # com/google/common/collect/CollectCollectors$$Lambda+0x0000000100126038
instanceKlass  @bci com/google/common/collect/CollectCollectors <clinit> ()V 35 <appendix> argL0 ; # com/google/common/collect/CollectCollectors$$Lambda+0x0000000100125dd8
instanceKlass  @cpi com/google/common/collect/CollectCollectors 879 form vmentry <vmtarget> ; # java/lang/invoke/LambdaForm$DMH+0x0000000100128000
instanceKlass  @bci com/google/common/collect/CollectCollectors <clinit> ()V 30 <appendix> argL0 ; # com/google/common/collect/CollectCollectors$$Lambda+0x0000000100125b88
instanceKlass java/util/stream/Collectors
instanceKlass java/util/stream/Collector
instanceKlass  @bci com/google/common/collect/CollectCollectors <clinit> ()V 15 <appendix> argL0 ; # com/google/common/collect/CollectCollectors$$Lambda+0x0000000100125670
instanceKlass  @bci com/google/common/collect/CollectCollectors <clinit> ()V 10 <appendix> argL0 ; # com/google/common/collect/CollectCollectors$$Lambda+0x00000001001253f8
instanceKlass java/util/function/BinaryOperator
instanceKlass  @bci com/google/common/collect/CollectCollectors <clinit> ()V 5 <appendix> argL0 ; # com/google/common/collect/CollectCollectors$$Lambda+0x0000000100125198
instanceKlass java/util/function/BiConsumer
instanceKlass  @bci com/google/common/collect/CollectCollectors <clinit> ()V 0 <appendix> argL0 ; # com/google/common/collect/CollectCollectors$$Lambda+0x0000000100124f48
instanceKlass com/google/common/collect/ImmutableCollection$Builder
instanceKlass com/google/common/collect/CollectCollectors
instanceKlass  @bci com/android/repository/impl/manager/LocalRepoLoaderImpl resourceCachePaths ()Lcom/google/common/collect/ImmutableSet; 15 <appendix> member <vmtarget> ; # com/android/repository/impl/manager/LocalRepoLoaderImpl$$Lambda+0x00000001001245d0
instanceKlass java/util/Spliterators$ArraySpliterator
instanceKlass  @bci com/android/repository/impl/manager/LocalRepoLoaderImpl collectPackages (Ljava/util/Collection;Ljava/nio/file/Path;I)V 107 <appendix> argL0 ; # com/android/repository/impl/manager/LocalRepoLoaderImpl$$Lambda+0x0000000100124350
instanceKlass java/util/function/Predicate
instanceKlass  @bci java/nio/file/Files asUncheckedRunnable (Ljava/io/Closeable;)Ljava/lang/Runnable; 1 <appendix> member <vmtarget> ; # java/nio/file/Files$$Lambda+0x0000000100146590
instanceKlass java/util/EnumMap$1
instanceKlass java/util/stream/StreamOpFlag$MaskBuilder
instanceKlass java/util/stream/PipelineHelper
instanceKlass java/util/stream/Stream
instanceKlass java/util/stream/BaseStream
instanceKlass java/util/stream/StreamSupport
instanceKlass java/util/Spliterators$IteratorSpliterator
instanceKlass java/util/Spliterator$OfDouble
instanceKlass java/util/Spliterator$OfLong
instanceKlass java/util/Spliterator$OfInt
instanceKlass java/util/Spliterator$OfPrimitive
instanceKlass java/util/Spliterators$EmptySpliterator
instanceKlass java/util/Spliterator
instanceKlass java/util/Spliterators
instanceKlass java/nio/file/Files$2
instanceKlass sun/nio/fs/WindowsDirectoryStream$WindowsDirectoryIterator
instanceKlass sun/nio/fs/WindowsDirectoryStream
instanceKlass java/nio/file/DirectoryStream
instanceKlass java/nio/file/Files$AcceptAllFilter
instanceKlass java/nio/file/DirectoryStream$Filter
instanceKlass com/jetbrains/internal/IoToNioErrorMessageHolder
instanceKlass kotlin/ResultKt
instanceKlass kotlinx/coroutines/DispatchedTaskKt
instanceKlass kotlinx/coroutines/CompletedExceptionally
instanceKlass kotlinx/coroutines/EventLoop_commonKt
instanceKlass kotlinx/coroutines/AbstractTimeSourceKt
instanceKlass kotlinx/coroutines/CompletionStateKt
instanceKlass kotlin/Unit
instanceKlass  @bci kotlinx/coroutines/internal/ThreadContextKt <clinit> ()V 28 <appendix> argL0 ; # kotlinx/coroutines/internal/ThreadContextKt$$Lambda+0x0000000100122750
instanceKlass kotlinx/coroutines/internal/ThreadState
instanceKlass  @bci kotlinx/coroutines/internal/ThreadContextKt <clinit> ()V 20 <appendix> argL0 ; # kotlinx/coroutines/internal/ThreadContextKt$$Lambda+0x00000001001222c0
instanceKlass  @bci kotlinx/coroutines/internal/ThreadContextKt <clinit> ()V 12 <appendix> argL0 ; # kotlinx/coroutines/internal/ThreadContextKt$$Lambda+0x0000000100122070
instanceKlass kotlinx/coroutines/internal/ThreadContextKt
instanceKlass kotlinx/coroutines/internal/DispatchedContinuationKt
instanceKlass kotlinx/coroutines/scheduling/Task
instanceKlass kotlin/coroutines/jvm/internal/DebugProbesKt
instanceKlass kotlin/coroutines/intrinsics/IntrinsicsKt__IntrinsicsJvmKt
instanceKlass kotlinx/coroutines/intrinsics/CancellableKt
instanceKlass kotlinx/coroutines/CoroutineStart$WhenMappings
instanceKlass kotlin/coroutines/CombinedContext
instanceKlass kotlinx/coroutines/Job$DefaultImpls
instanceKlass  @bci kotlin/coroutines/CoroutineContext$DefaultImpls plus (Lkotlin/coroutines/CoroutineContext;Lkotlin/coroutines/CoroutineContext;)Lkotlin/coroutines/CoroutineContext; 19 <appendix> argL0 ; # kotlin/coroutines/CoroutineContext$DefaultImpls$$Lambda+0x000000010011cc70
instanceKlass kotlin/coroutines/CoroutineContext$DefaultImpls
instanceKlass kotlinx/coroutines/Job$Key
instanceKlass kotlin/coroutines/ContinuationInterceptor$DefaultImpls
instanceKlass java/lang/invoke/VarForm
instanceKlass java/lang/invoke/VarHandleGuards
instanceKlass java/lang/invoke/VarHandles
instanceKlass java/util/concurrent/atomic/AtomicReferenceArray
instanceKlass kotlinx/coroutines/internal/LockFreeTaskQueueCore$Companion
instanceKlass kotlinx/coroutines/internal/LockFreeTaskQueueCore
instanceKlass kotlinx/coroutines/internal/ResizableAtomicArray
instanceKlass kotlinx/coroutines/internal/LockFreeTaskQueue
instanceKlass java/util/concurrent/atomic/AtomicLongFieldUpdater$CASUpdater$1
instanceKlass java/util/concurrent/atomic/AtomicLongFieldUpdater
instanceKlass kotlinx/coroutines/scheduling/CoroutineScheduler$Companion
instanceKlass kotlinx/coroutines/scheduling/CoroutineScheduler
instanceKlass java/util/concurrent/Executor
instanceKlass kotlinx/coroutines/scheduling/SchedulerTimeSource
instanceKlass kotlin/ranges/RangesKt__RangesKt
instanceKlass kotlinx/coroutines/internal/SystemPropsKt__SystemProps_commonKt
instanceKlass kotlinx/coroutines/scheduling/TasksKt
instanceKlass  @bci kotlinx/coroutines/ExecutorCoroutineDispatcher$Key <init> ()V 7 <appendix> argL0 ; # kotlinx/coroutines/ExecutorCoroutineDispatcher$Key$$Lambda+0x000000010011bcf0
instanceKlass kotlinx/coroutines/Dispatchers
instanceKlass kotlinx/coroutines/CopyableThreadContextElement
instanceKlass kotlin/coroutines/CoroutineContext$Element$DefaultImpls
instanceKlass  @bci kotlinx/coroutines/CoroutineContextKt hasCopyableElements (Lkotlin/coroutines/CoroutineContext;)Z 5 <appendix> argL0 ; # kotlinx/coroutines/CoroutineContextKt$$Lambda+0x000000010011a790
instanceKlass  @cpi kotlinx/coroutines/CoroutineContextKt 90 form vmentry <vmtarget> ; # java/lang/invoke/LambdaForm$DMH+0x000000010011c000
instanceKlass kotlinx/coroutines/CoroutineContextKt
instanceKlass kotlinx/coroutines/GlobalScope
instanceKlass kotlinx/coroutines/CoroutineScope
instanceKlass java/util/concurrent/atomic/AtomicIntegerFieldUpdater$AtomicIntegerFieldUpdaterImpl$1
instanceKlass java/util/concurrent/atomic/AtomicIntegerFieldUpdater
instanceKlass  @bci kotlinx/coroutines/CoroutineDispatcher$Key <init> ()V 7 <appendix> argL0 ; # kotlinx/coroutines/CoroutineDispatcher$Key$$Lambda+0x0000000100119e88
instanceKlass kotlin/coroutines/AbstractCoroutineContextKey
instanceKlass kotlinx/coroutines/Delay
instanceKlass kotlinx/coroutines/EventLoopKt
instanceKlass kotlinx/coroutines/internal/ThreadLocalKt
instanceKlass kotlinx/coroutines/ThreadLocalEventLoop
instanceKlass kotlin/coroutines/ContinuationInterceptor$Key
instanceKlass kotlin/coroutines/CoroutineContext$Key
instanceKlass kotlin/coroutines/ContinuationInterceptor
instanceKlass kotlin/coroutines/EmptyCoroutineContext
instanceKlass kotlinx/coroutines/BuildersKt__BuildersKt
instanceKlass kotlinx/coroutines/BuildersKt
instanceKlass kotlin/coroutines/jvm/internal/BaseContinuationImpl
instanceKlass kotlin/coroutines/jvm/internal/CoroutineStackFrame
instanceKlass kotlin/coroutines/jvm/internal/SuspendFunction
instanceKlass kotlin/jvm/functions/Function2
instanceKlass com/android/repository/impl/manager/RepoManagerImpl$wrapRun$1
instanceKlass com/android/repository/api/ProgressRunner$ProgressRunnable
instanceKlass kotlinx/coroutines/NonDisposableHandle
instanceKlass kotlinx/coroutines/ChildHandle
instanceKlass kotlinx/coroutines/DisposableHandle
instanceKlass kotlinx/coroutines/internal/SystemPropsKt__SystemPropsKt
instanceKlass kotlinx/coroutines/internal/SystemPropsKt
instanceKlass kotlin/coroutines/AbstractCoroutineContextElement
instanceKlass kotlinx/coroutines/ThreadContextElement
instanceKlass kotlinx/coroutines/DebugKt
instanceKlass kotlinx/coroutines/Empty
instanceKlass kotlinx/coroutines/Incomplete
instanceKlass kotlinx/coroutines/internal/Symbol
instanceKlass kotlinx/coroutines/JobSupportKt
instanceKlass sun/reflect/misc/ReflectUtil
instanceKlass java/util/concurrent/atomic/AtomicReferenceFieldUpdater$AtomicReferenceFieldUpdaterImpl$1
instanceKlass java/util/concurrent/atomic/AtomicReferenceFieldUpdater
instanceKlass kotlinx/coroutines/JobSupport
instanceKlass kotlinx/coroutines/ParentJob
instanceKlass kotlinx/coroutines/ChildJob
instanceKlass kotlinx/coroutines/CompletableDeferred
instanceKlass kotlinx/coroutines/Deferred
instanceKlass kotlinx/coroutines/Job
instanceKlass kotlin/coroutines/CoroutineContext$Element
instanceKlass kotlin/coroutines/CoroutineContext
instanceKlass kotlinx/coroutines/CompletableDeferredKt
instanceKlass java/time/Instant
instanceKlass java/time/temporal/Temporal
instanceKlass  @bci java/time/ZoneOffset ofTotalSeconds (I)Ljava/time/ZoneOffset; 37 <appendix> argL0 ; # java/time/ZoneOffset$$Lambda+0x00000001000fd2a8
instanceKlass java/time/ZoneId
instanceKlass java/time/temporal/TemporalAdjuster
instanceKlass java/time/temporal/TemporalAccessor
instanceKlass java/time/Clock
instanceKlass java/time/InstantSource
instanceKlass kotlin/coroutines/Continuation
instanceKlass com/android/repository/impl/manager/RepoManagerImpl$AbstractLoadTask
instanceKlass com/android/repository/impl/manager/RepoManagerImpl$LoadTask
instanceKlass com/android/repository/api/RepoManager$DirectProgressRunner
instanceKlass com/android/repository/api/ProgressRunner
instanceKlass com/android/sdklib/repository/AndroidSdkHandler$getRepoManager$1$2
instanceKlass com/android/repository/api/RepoManager$RepoLoadedListener
instanceKlass com/android/repository/impl/meta/RepositoryPackages
instanceKlass com/google/common/collect/ObjectArrays
instanceKlass com/android/repository/impl/manager/RemoteRepoLoaderImpl
instanceKlass com/android/repository/impl/manager/RemoteRepoLoader
instanceKlass java/util/Arrays$ArrayItr
instanceKlass com/google/common/collect/Hashing
instanceKlass com/google/common/math/IntMath$1
instanceKlass com/google/common/math/MathPreconditions
instanceKlass com/google/common/math/IntMath
instanceKlass com/google/common/collect/ImmutableSet$SetBuilderImpl
instanceKlass com/android/repository/impl/manager/LocalRepoLoaderImpl
instanceKlass com/android/repository/impl/manager/LocalRepoLoader
instanceKlass java/time/Duration
instanceKlass java/time/temporal/TemporalAmount
instanceKlass com/android/repository/impl/manager/RepoManagerImpl$Companion
instanceKlass com/android/sdklib/repository/legacy/remote/internal/sources/SdkSource
instanceKlass com/android/sdklib/repository/legacy/LegacyRemoteRepoLoader
instanceKlass com/android/repository/api/FallbackRemoteRepoLoader
instanceKlass com/google/common/collect/ForwardingObject
instanceKlass com/google/common/collect/Sets
instanceKlass java/util/RegularEnumSet$EnumSetIterator
instanceKlass com/android/repository/io/FileOpUtils
instanceKlass com/google/common/collect/Platform
instanceKlass com/google/common/base/Preconditions
instanceKlass com/google/common/collect/Ordering
instanceKlass com/google/common/collect/Multiset
instanceKlass com/google/common/collect/AbstractMultimap
instanceKlass com/google/common/collect/SortedSetMultimap
instanceKlass com/google/common/collect/SetMultimap
instanceKlass com/android/sdklib/repository/legacy/local/LocalPkgInfo
instanceKlass com/android/sdklib/repository/legacy/local/LocalSdk
instanceKlass com/android/sdklib/repository/legacy/LegacyLocalRepoLoader
instanceKlass com/android/repository/api/FallbackLocalRepoLoader
instanceKlass kotlin/collections/ArrayAsCollection
instanceKlass kotlin/collections/ArraysUtilJVM
instanceKlass com/android/repository/impl/sources/LocalSourceProvider
instanceKlass  @bci com/android/sdklib/repository/AndroidSdkHandler$RepoConfig <init> (Lcom/android/repository/api/ProgressIndicator;)V 215 <appendix> form vmentry <vmtarget> ; # java/lang/invoke/LambdaForm$MH+0x00000001000f5000
instanceKlass  @bci com/android/sdklib/repository/AndroidSdkHandler$RepoConfig <init> (Lcom/android/repository/api/ProgressIndicator;)V 215 <appendix> argL3 form vmentry <vmtarget> ; # java/lang/invoke/LambdaForm$MH+0x00000001000f4c00
# instanceKlass java/lang/invoke/LambdaForm$MH+0x00000001000f4800
# instanceKlass java/lang/invoke/LambdaForm$MH+0x00000001000f4400
# instanceKlass java/lang/invoke/LambdaForm$MH+0x00000001000f4000
instanceKlass com/android/repository/api/SimpleRepositorySource
instanceKlass com/android/repository/impl/generated/generic/v2/package-info
instanceKlass com/android/repository/impl/generated/generic/v1/package-info
instanceKlass com/android/repository/impl/meta/TypeDetails$GenericType
instanceKlass com/android/repository/impl/meta/GenericFactory
instanceKlass com/android/repository/impl/generated/v2/package-info
instanceKlass com/android/repository/api/Checksum
instanceKlass com/android/repository/impl/generated/v1/package-info
instanceKlass com/android/repository/impl/meta/RepoPackageImpl$UsesLicense
instanceKlass com/android/repository/api/RemotePackage
instanceKlass com/android/repository/impl/meta/RepoPackageImpl$Dependencies
instanceKlass com/android/repository/api/Repository
instanceKlass com/android/repository/api/Dependency
instanceKlass com/android/repository/impl/meta/RemotePackageImpl$ChannelRef
instanceKlass com/android/repository/impl/meta/RepoPackageImpl
instanceKlass com/android/repository/api/LocalPackage
instanceKlass com/android/repository/impl/meta/Archive$ArchiveFile
instanceKlass com/android/repository/api/License
instanceKlass com/android/repository/api/Channel
instanceKlass com/android/repository/impl/meta/RevisionType
instanceKlass com/android/repository/impl/meta/RepoPackageImpl$Archives
instanceKlass com/android/repository/impl/meta/Archive
instanceKlass com/android/repository/impl/meta/CommonFactory
instanceKlass com/android/repository/api/RepoManager$Companion
instanceKlass  @bci com/android/sdklib/repository/AndroidSdkHandler$RepoConfig$Companion getRepoUrl (Lcom/android/repository/api/ProgressIndicator;I)Ljava/lang/String; 6 <appendix> form vmentry <vmtarget> ; # java/lang/invoke/LambdaForm$MH+0x00000001000e9c00
# instanceKlass java/lang/invoke/LambdaForm$MH+0x00000001000e9800
instanceKlass  @bci com/android/sdklib/repository/AndroidSdkHandler$RepoConfig$Companion getRepoUrl (Lcom/android/repository/api/ProgressIndicator;I)Ljava/lang/String; 6 <appendix> argL3 form vmentry <vmtarget> ; # java/lang/invoke/LambdaForm$MH+0x00000001000e9400
instanceKlass java/lang/invoke/MethodHandles$1
# instanceKlass java/lang/invoke/LambdaForm$MH+0x00000001000e9000
# instanceKlass java/lang/invoke/LambdaForm$MH+0x00000001000e8c00
# instanceKlass java/lang/invoke/LambdaForm$MH+0x00000001000e8800
instanceKlass  @bci com/android/sdklib/repository/AndroidSdkHandler$RepoConfig$Companion getRepoUrl (Lcom/android/repository/api/ProgressIndicator;I)Ljava/lang/String; 6 <appendix> argL2 form vmentry <vmtarget> ; # java/lang/invoke/LambdaForm$MH+0x00000001000e8400
# instanceKlass java/lang/invoke/LambdaForm$MH+0x00000001000e8000
instanceKlass  @bci com/android/sdklib/repository/AndroidSdkHandler$RepoConfig$Companion getRepoUrl (Lcom/android/repository/api/ProgressIndicator;I)Ljava/lang/String; 6 <appendix> argL1 form vmentry <vmtarget> ; # java/lang/invoke/LambdaForm$MH+0x00000001000e5c00
instanceKlass  @bci com/android/sdklib/repository/AndroidSdkHandler$RepoConfig$Companion getRepoUrl (Lcom/android/repository/api/ProgressIndicator;I)Ljava/lang/String; 6 <appendix> argL1 argL1 form vmentry <vmtarget> ; # java/lang/invoke/LambdaForm$MH+0x00000001000e5800
# instanceKlass java/lang/invoke/LambdaForm$MH+0x00000001000e5400
instanceKlass  @bci com/android/sdklib/repository/AndroidSdkHandler$RepoConfig$Companion getRepoUrl (Lcom/android/repository/api/ProgressIndicator;I)Ljava/lang/String; 6 <appendix> argL1 argL0 form vmentry <vmtarget> ; # java/lang/invoke/LambdaForm$MH+0x00000001000e5000
# instanceKlass java/lang/invoke/LambdaForm$MH+0x00000001000e4c00
# instanceKlass java/lang/invoke/LambdaForm$MH+0x00000001000e4800
instanceKlass java/lang/Long$LongCache
# instanceKlass java/lang/invoke/LambdaForm$MH+0x00000001000e4400
instanceKlass com/android/repository/api/ConstantSourceProvider
instanceKlass com/android/repository/impl/sources/generated/v1/package-info
instanceKlass com/android/repository/impl/sources/generated/v1/ObjectFactory
instanceKlass com/android/repository/api/RepoManager
instanceKlass com/android/repository/api/RemoteListSourceProvider
instanceKlass com/android/repository/api/RepositorySourceProvider
instanceKlass kotlin/collections/MapsKt__MapWithDefaultKt
instanceKlass com/android/sdklib/repository/sources/RemoteSiteType$SysImgSiteType
instanceKlass kotlin/TuplesKt
instanceKlass kotlin/collections/SetsKt__SetsJVMKt
instanceKlass com/android/sdklib/repository/sources/RemoteSiteType$AddonSiteType
instanceKlass com/android/repository/api/RepositorySource
instanceKlass kotlin/Pair
instanceKlass  @bci javax/xml/bind/ModuleUtil getClassesFromContextPath (Ljava/lang/String;Ljava/lang/ClassLoader;)[Ljava/lang/Class; 68 <appendix> form vmentry <vmtarget> ; # java/lang/invoke/LambdaForm$MH+0x00000001000e4000
instanceKlass com/android/sdklib/repository/sources/generated/v6/package-info
instanceKlass com/android/sdklib/repository/sources/generated/v6/ObjectFactory
instanceKlass com/android/sdklib/repository/sources/generated/v5/package-info
instanceKlass com/android/sdklib/repository/sources/generated/v5/ObjectFactory
instanceKlass com/android/sdklib/repository/sources/generated/v4/package-info
instanceKlass com/android/sdklib/repository/sources/generated/v4/ObjectFactory
instanceKlass com/android/sdklib/repository/sources/generated/v3/package-info
instanceKlass com/android/sdklib/repository/sources/generated/v3/ObjectFactory
instanceKlass com/android/sdklib/repository/sources/generated/v2/package-info
instanceKlass com/android/sdklib/repository/sources/generated/v2/ObjectFactory
instanceKlass com/android/sdklib/repository/sources/generated/v1/package-info
instanceKlass com/android/sdklib/repository/sources/generated/v1/ObjectFactory
instanceKlass com/android/sdklib/repository/sources/RemoteSiteType
instanceKlass com/android/sdklib/repository/AndroidSdkHandler$RepoConfig$Companion
instanceKlass com/android/sdklib/repository/AndroidSdkHandler$RepoConfig
instanceKlass com/android/sdklib/repository/legacy/remote/internal/DownloadCache
instanceKlass com/android/sdklib/repository/legacy/FileOp
instanceKlass com/android/sdklib/repository/legacy/LegacyDownloader
instanceKlass kotlin/Result$Failure
instanceKlass sun/nio/fs/WindowsPath$1
instanceKlass com/android/ProgressManagerAdapter
instanceKlass java/nio/file/FileVisitor
instanceKlass com/android/io/CancellableFileIo
instanceKlass com/android/prefs/QueryResult
instanceKlass kotlin/collections/EmptyList
instanceKlass kotlin/collections/CollectionsKt___CollectionsKt$asSequence$$inlined$Sequence$1
instanceKlass kotlin/collections/CollectionsKt__CollectionsJVMKt
instanceKlass com/android/prefs/VariableValue
instanceKlass com/android/prefs/LocationValue
instanceKlass com/android/prefs/PathLocator$WhenMappings
instanceKlass kotlin/jvm/internal/ArrayIterator
instanceKlass kotlin/jvm/internal/ArrayIteratorKt
instanceKlass kotlin/sequences/TransformingSequence$iterator$1
instanceKlass kotlin/sequences/FlatteningSequence$iterator$1
instanceKlass kotlin/jvm/internal/CallableReference$NoReceiver
instanceKlass kotlin/reflect/KDeclarationContainer
instanceKlass kotlin/jvm/internal/CallableReference
instanceKlass kotlin/reflect/KFunction
instanceKlass kotlin/reflect/KCallable
instanceKlass kotlin/reflect/KAnnotatedElement
instanceKlass kotlin/sequences/FlatteningSequence
instanceKlass kotlin/sequences/TransformingSequence
instanceKlass kotlin/sequences/SequencesKt__SequenceBuilderKt
instanceKlass kotlin/collections/ArraysKt___ArraysKt$asSequence$$inlined$Sequence$1
instanceKlass kotlin/sequences/Sequence
instanceKlass kotlin/collections/ArraysKt__ArraysJVMKt
instanceKlass kotlin/collections/AbstractList$Companion
instanceKlass kotlin/collections/AbstractCollection
instanceKlass kotlin/enums/EnumEntries
instanceKlass kotlin/jvm/internal/markers/KMappedMarker
instanceKlass kotlin/enums/EnumEntriesKt
instanceKlass com/android/utils/NullLogger
instanceKlass com/android/prefs/PathLocator
instanceKlass kotlin/Result$Companion
instanceKlass kotlin/Result
instanceKlass sun/nio/fs/WindowsLinkSupport
instanceKlass kotlin/jvm/internal/Lambda
instanceKlass kotlin/jvm/internal/FunctionBase
instanceKlass kotlin/jvm/functions/Function1
instanceKlass kotlin/Function
instanceKlass com/android/sdklib/util/CacheByCanonicalPath
instanceKlass com/android/sdklib/repository/AndroidSdkHandler$DefaultInstanceProvider
instanceKlass com/android/sdklib/repository/AndroidSdkHandler$InstanceProvider
instanceKlass com/android/sdklib/repository/generated/common/v3/package-info
instanceKlass com/android/sdklib/repository/generated/common/v2/package-info
instanceKlass com/android/sdklib/repository/generated/common/v1/package-info
instanceKlass com/android/sdklib/repository/meta/Library
instanceKlass com/android/sdklib/OptionalLibrary
instanceKlass com/android/sdklib/repository/IdDisplay
instanceKlass com/android/sdklib/repository/meta/SdkCommonFactory
instanceKlass com/android/sdklib/repository/generated/sysimg/v4/package-info
instanceKlass com/android/sdklib/repository/generated/sysimg/v3/package-info
instanceKlass com/android/sdklib/repository/generated/sysimg/v2/package-info
instanceKlass com/android/sdklib/repository/generated/sysimg/v1/package-info
instanceKlass com/android/sdklib/repository/meta/DetailsTypes$SysImgDetailsType
instanceKlass com/android/sdklib/repository/meta/SysImgFactory
instanceKlass com/android/sdklib/repository/generated/repository/v3/package-info
instanceKlass com/android/sdklib/repository/generated/repository/v2/package-info
instanceKlass com/android/sdklib/repository/generated/repository/v1/package-info
instanceKlass com/android/sdklib/repository/meta/DetailsTypes$SourceDetailsType
instanceKlass com/android/sdklib/repository/meta/DetailsTypes$PlatformDetailsType
instanceKlass com/android/sdklib/repository/meta/DetailsTypes$PlatformDetailsType$LayoutlibType
instanceKlass com/android/sdklib/repository/meta/RepoFactory
instanceKlass com/android/sdklib/repository/generated/addon/v3/package-info
instanceKlass com/android/sdklib/repository/generated/addon/v2/package-info
instanceKlass java/lang/Class$AnnotationData
instanceKlass java/lang/annotation/Target
# instanceKlass java/lang/invoke/LambdaForm$MH+0x00000001000cc800
instanceKlass  @bci sun/security/ec/ParametersMap get (Ljava/util/function/Function;Ljava/security/spec/AlgorithmParameterSpec;)Ljava/lang/Object; 29 <appendix> form vmentry <vmtarget> ; # java/lang/invoke/LambdaForm$MH+0x00000001000cc400
instanceKlass java/lang/reflect/Proxy$ProxyBuilder$1
instanceKlass jdk/internal/org/objectweb/asm/Edge
instanceKlass  @bci java/lang/reflect/ProxyGenerator addProxyMethod (Ljava/lang/reflect/Method;Ljava/lang/Class;)V 23 <appendix> argL0 ; # java/lang/reflect/ProxyGenerator$$Lambda+0x00000001000b99f8
instanceKlass  @bci java/lang/reflect/ProxyGenerator addProxyMethod (Ljava/lang/reflect/ProxyGenerator$ProxyMethod;)V 10 <appendix> argL0 ; # java/lang/reflect/ProxyGenerator$$Lambda+0x00000001000b9788
instanceKlass java/util/StringJoiner
instanceKlass java/lang/reflect/ProxyGenerator$ProxyMethod
instanceKlass  @bci java/lang/reflect/Proxy getLoader (Ljava/lang/Module;)Ljava/lang/ClassLoader; 6 <appendix> member <vmtarget> ; # java/lang/reflect/Proxy$$Lambda+0x00000001000b8ad0
instanceKlass  @bci java/lang/WeakPairMap computeIfAbsent (Ljava/lang/Object;Ljava/lang/Object;Ljava/util/function/BiFunction;)Ljava/lang/Object; 18 <appendix> member <vmtarget> ; # java/lang/WeakPairMap$$Lambda+0x00000001000b8618
instanceKlass  @bci java/lang/Module implAddExportsOrOpens (Ljava/lang/String;Ljava/lang/Module;ZZ)V 145 <appendix> argL0 ; # java/lang/Module$$Lambda+0x00000001000b83b8
instanceKlass  @bci java/lang/module/ModuleDescriptor$Builder packages (Ljava/util/Set;)Ljava/lang/module/ModuleDescriptor$Builder; 17 <appendix> argL0 ; # java/lang/module/ModuleDescriptor$Builder$$Lambda+0x00000001000b7378
instanceKlass java/lang/WeakPairMap$Pair$Lookup
instanceKlass java/lang/WeakPairMap$Pair
instanceKlass java/lang/WeakPairMap
instanceKlass java/lang/Module$ReflectionData
instanceKlass java/util/function/Consumer
instanceKlass jdk/internal/module/Checks
instanceKlass java/lang/module/ModuleDescriptor$Builder
instanceKlass  @bci java/lang/reflect/Proxy$ProxyBuilder getDynamicModule (Ljava/lang/ClassLoader;)Ljava/lang/Module; 4 <appendix> argL0 ; # java/lang/reflect/Proxy$ProxyBuilder$$Lambda+0x00000001000b6168
instanceKlass java/util/LinkedHashMap$LinkedHashIterator
instanceKlass java/lang/PublicMethods
instanceKlass java/util/Collections$1
instanceKlass java/lang/reflect/Proxy$ProxyBuilder
instanceKlass  @bci java/lang/reflect/Proxy getProxyConstructor (Ljava/lang/Class;Ljava/lang/ClassLoader;[Ljava/lang/Class;)Ljava/lang/reflect/Constructor; 35 <appendix> argL0 ; # java/lang/reflect/Proxy$$Lambda+0x00000001000b48a8
instanceKlass java/lang/ClassValue$Version
instanceKlass java/lang/ClassValue$Identity
instanceKlass java/lang/ClassValue
instanceKlass java/lang/reflect/Proxy
instanceKlass sun/reflect/annotation/AnnotationInvocationHandler
instanceKlass java/lang/reflect/InvocationHandler
instanceKlass sun/reflect/annotation/AnnotationParser$1
instanceKlass java/lang/annotation/Inherited
instanceKlass java/lang/annotation/Retention
# instanceKlass java/lang/invoke/LambdaForm$MH+0x00000001000cc000
instanceKlass java/lang/Class$3
instanceKlass  @bci sun/reflect/annotation/AnnotationParser parseAnnotationArray (ILjava/lang/Class;Ljava/nio/ByteBuffer;Ljdk/internal/reflect/ConstantPool;Ljava/lang/Class;)Ljava/lang/Object; 15 <appendix> member <vmtarget> ; # sun/reflect/annotation/AnnotationParser$$Lambda+0x00000001000b1bf8
instanceKlass sun/reflect/annotation/ExceptionProxy
instanceKlass javax/xml/bind/annotation/XmlNs
instanceKlass sun/reflect/annotation/AnnotationType$1
instanceKlass sun/reflect/annotation/AnnotationType
instanceKlass java/lang/reflect/GenericArrayType
instanceKlass sun/reflect/generics/visitor/Reifier
instanceKlass sun/reflect/generics/visitor/TypeTreeVisitor
instanceKlass sun/reflect/generics/factory/CoreReflectionFactory
instanceKlass sun/reflect/generics/factory/GenericsFactory
instanceKlass sun/reflect/generics/scope/AbstractScope
instanceKlass sun/reflect/generics/scope/Scope
instanceKlass sun/reflect/generics/tree/ClassTypeSignature
instanceKlass sun/reflect/generics/tree/SimpleClassTypeSignature
instanceKlass sun/reflect/generics/tree/FieldTypeSignature
instanceKlass sun/reflect/generics/tree/BaseType
instanceKlass sun/reflect/generics/tree/TypeSignature
instanceKlass sun/reflect/generics/tree/ReturnType
instanceKlass sun/reflect/generics/tree/TypeArgument
instanceKlass sun/reflect/generics/tree/TypeTree
instanceKlass sun/reflect/generics/tree/Tree
instanceKlass sun/reflect/generics/parser/SignatureParser
instanceKlass sun/reflect/annotation/AnnotationParser
instanceKlass com/android/sdklib/repository/generated/addon/v1/package-info
instanceKlass  @bci java/lang/Package getPackageInfo ()Ljava/lang/Class; 41 <appendix> member <vmtarget> ; # java/lang/Package$$Lambda+0x00000001000adc38
instanceKlass javax/xml/bind/annotation/XmlSchema
instanceKlass com/android/repository/api/SchemaModule$SchemaModuleVersion
instanceKlass javax/xml/namespace/QName
instanceKlass com/android/sdklib/repository/meta/DetailsTypes$AddonDetailsType$Libraries
instanceKlass com/android/sdklib/repository/meta/DetailsTypes$ExtraDetailsType
instanceKlass com/android/sdklib/repository/meta/DetailsTypes$AddonDetailsType
instanceKlass com/android/sdklib/repository/meta/DetailsTypes$ApiDetailsType
instanceKlass com/android/repository/impl/meta/PackageDisplayNameQualifier
instanceKlass com/android/sdklib/repository/meta/AddonFactory
instanceKlass sun/util/resources/Bundles$CacheKeyReference
instanceKlass  @bci java/util/ResourceBundle$ResourceBundleProviderHelper newResourceBundle (Ljava/lang/Class;)Ljava/util/ResourceBundle; 22 <appendix> member <vmtarget> ; # java/util/ResourceBundle$ResourceBundleProviderHelper$$Lambda+0x00000001000abe00
instanceKlass java/util/ResourceBundle$ResourceBundleProviderHelper
instanceKlass  @bci sun/util/cldr/CLDRLocaleProviderAdapter applyAliases (Ljava/util/Locale;)Ljava/util/Locale; 4 <appendix> argL0 ; # sun/util/cldr/CLDRLocaleProviderAdapter$$Lambda+0x00000001000aaf58
instanceKlass sun/util/resources/Bundles$CacheKey
instanceKlass java/util/ResourceBundle$1
instanceKlass jdk/internal/access/JavaUtilResourceBundleAccess
instanceKlass sun/util/resources/Bundles
instanceKlass sun/util/resources/LocaleData$LocaleDataStrategy
instanceKlass sun/util/resources/Bundles$Strategy
instanceKlass sun/util/resources/LocaleData$1
instanceKlass java/util/ResourceBundle
instanceKlass java/util/ResourceBundle$Control
instanceKlass sun/util/resources/LocaleData
instanceKlass java/util/regex/ASCII
instanceKlass sun/util/locale/provider/LocaleResources
instanceKlass java/util/Locale$Builder
instanceKlass sun/util/locale/provider/CalendarDataUtility
instanceKlass java/util/Collections$EmptyIterator
instanceKlass sun/util/locale/provider/AvailableLanguageTags
instanceKlass  @bci sun/util/locale/provider/JRELocaleProviderAdapter getDecimalFormatSymbolsProvider ()Ljava/text/spi/DecimalFormatSymbolsProvider; 8 <appendix> member <vmtarget> ; # sun/util/locale/provider/JRELocaleProviderAdapter$$Lambda+0x00000001000a7438
instanceKlass java/util/ServiceLoader$ProviderImpl
instanceKlass java/util/ServiceLoader$Provider
instanceKlass java/util/ServiceLoader$1
instanceKlass sun/util/resources/cldr/provider/CLDRLocaleDataMetaInfo
instanceKlass jdk/internal/jimage/decompressor/ZipDecompressor
instanceKlass jdk/internal/jimage/decompressor/ResourceDecompressor
instanceKlass jdk/internal/jimage/decompressor/ResourceDecompressorFactory
instanceKlass jdk/internal/jimage/decompressor/ResourceDecompressorRepository
instanceKlass jdk/internal/jimage/decompressor/CompressedResourceHeader
instanceKlass  @bci jdk/internal/jimage/BasicImageReader getResourceBuffer (Ljdk/internal/jimage/ImageLocation;)Ljava/nio/ByteBuffer; 168 <appendix> member <vmtarget> ; # jdk/internal/jimage/BasicImageReader$$Lambda+0x00000001000a5840
instanceKlass jdk/internal/jimage/decompressor/ResourceDecompressor$StringsProvider
instanceKlass java/util/TimSort
instanceKlass java/util/Arrays$LegacyMergeSort
instanceKlass java/util/AbstractMap$SimpleEntry
instanceKlass jdk/internal/jimage/ImageBufferCache$2
instanceKlass jdk/internal/jimage/ImageBufferCache
instanceKlass jdk/internal/jimage/ImageLocation
instanceKlass jdk/internal/jimage/decompressor/Decompressor
instanceKlass jdk/internal/jimage/ImageStringsReader
instanceKlass jdk/internal/jimage/ImageStrings
instanceKlass jdk/internal/jimage/ImageHeader
instanceKlass jdk/internal/jimage/NativeImageBuffer$1
instanceKlass jdk/internal/jimage/NativeImageBuffer
instanceKlass jdk/internal/jimage/BasicImageReader$1
instanceKlass jdk/internal/jimage/BasicImageReader
instanceKlass jdk/internal/jimage/ImageReader
instanceKlass jdk/internal/jimage/ImageReaderFactory$1
instanceKlass java/nio/file/Paths
instanceKlass jdk/internal/jimage/ImageReaderFactory
instanceKlass jdk/internal/module/SystemModuleFinders$SystemImage
instanceKlass jdk/internal/module/ModulePatcher$PatchedModuleReader
instanceKlass jdk/internal/module/SystemModuleFinders$SystemModuleReader
instanceKlass java/lang/module/ModuleReader
instanceKlass jdk/internal/loader/BuiltinClassLoader$5
instanceKlass java/util/ServiceLoader$3
instanceKlass java/util/ServiceLoader$2
instanceKlass java/util/ServiceLoader$LazyClassPathLookupIterator
instanceKlass java/util/concurrent/CopyOnWriteArrayList$COWIterator
instanceKlass java/util/ServiceLoader$ModuleServicesLookupIterator
instanceKlass java/util/ServiceLoader
instanceKlass  @bci sun/util/cldr/CLDRLocaleProviderAdapter <init> ()V 4 <appendix> argL0 ; # sun/util/cldr/CLDRLocaleProviderAdapter$$Lambda+0x000000010009f600
instanceKlass jdk/internal/reflect/MethodHandleAccessorFactory$LazyStaticHolder
instanceKlass sun/util/locale/LocaleObjectCache
instanceKlass sun/util/locale/BaseLocale$Key
instanceKlass sun/util/locale/InternalLocaleBuilder$CaseInsensitiveChar
instanceKlass sun/util/locale/InternalLocaleBuilder
instanceKlass sun/util/locale/StringTokenIterator
instanceKlass sun/util/locale/ParseStatus
instanceKlass sun/util/locale/LanguageTag
instanceKlass sun/util/cldr/CLDRBaseLocaleDataMetaInfo
instanceKlass sun/util/locale/provider/LocaleDataMetaInfo
instanceKlass sun/util/locale/provider/ResourceBundleBasedAdapter
instanceKlass java/util/Collections$UnmodifiableCollection$1
instanceKlass java/util/Collections$UnmodifiableCollection
instanceKlass sun/util/locale/provider/LocaleProviderAdapter
instanceKlass java/util/spi/LocaleServiceProvider
instanceKlass java/text/DecimalFormatSymbols
instanceKlass java/util/Formatter$Flags
instanceKlass java/util/Formatter$FormatSpecifier
instanceKlass java/util/Formatter$Conversion
instanceKlass java/util/Formatter$FixedString
instanceKlass java/util/Formatter$FormatString
instanceKlass  @bci java/util/regex/CharPredicates ASCII_DIGIT ()Ljava/util/regex/Pattern$BmpCharPredicate; 0 <appendix> argL0 ; # java/util/regex/CharPredicates$$Lambda+0x0000000100098ca0
instanceKlass java/util/regex/CharPredicates
instanceKlass java/util/Formatter
instanceKlass java/util/regex/IntHashSet
instanceKlass java/util/regex/Matcher
instanceKlass java/util/regex/MatchResult
instanceKlass java/util/regex/Pattern$TreeInfo
instanceKlass  @bci java/util/regex/Pattern union (Ljava/util/regex/Pattern$CharPredicate;Ljava/util/regex/Pattern$CharPredicate;Z)Ljava/util/regex/Pattern$CharPredicate; 6 <appendix> member <vmtarget> ; # java/util/regex/Pattern$$Lambda+0x0000000100096910
instanceKlass  @bci java/util/regex/Pattern Range (II)Ljava/util/regex/Pattern$CharPredicate; 23 <appendix> member <vmtarget> ; # java/util/regex/Pattern$$Lambda+0x0000000100096650
instanceKlass java/util/regex/Pattern$BitClass
instanceKlass  @bci java/util/regex/Pattern Single (I)Ljava/util/regex/Pattern$BmpCharPredicate; 1 <appendix> member <vmtarget> ; # java/util/regex/Pattern$$Lambda+0x00000001000960c8
instanceKlass java/util/regex/Pattern$BmpCharPredicate
instanceKlass  @bci java/util/regex/Pattern DOT ()Ljava/util/regex/Pattern$CharPredicate; 0 <appendix> argL0 ; # java/util/regex/Pattern$$Lambda+0x0000000100095298
instanceKlass java/util/regex/Pattern$CharPredicate
instanceKlass java/util/regex/Pattern$Node
instanceKlass java/util/regex/Pattern
instanceKlass com/google/common/collect/UnmodifiableIterator
instanceKlass com/google/common/collect/SortedMapDifference
instanceKlass com/google/common/collect/MapDifference
instanceKlass com/google/common/collect/ImmutableMap
instanceKlass com/google/common/collect/Maps$EntryTransformer
instanceKlass com/google/common/base/Converter
instanceKlass com/google/common/base/Function
instanceKlass com/google/common/collect/BiMap
instanceKlass com/google/common/collect/Maps
instanceKlass com/android/repository/api/SchemaModule
instanceKlass com/android/sdklib/repository/AndroidSdkHandler$Companion
instanceKlass com/android/sdklib/repository/AndroidSdkHandler
instanceKlass com/android/utils/StdLogger
instanceKlass com/android/utils/ILogger
instanceKlass com/android/utils/EnvironmentProvider$DirectEnvironmentProvider
instanceKlass com/android/utils/EnvironmentProvider
instanceKlass com/android/prefs/AbstractAndroidLocations$Companion
instanceKlass com/android/prefs/AbstractAndroidLocations
instanceKlass java/util/LinkedList$ListItr
instanceKlass java/util/LinkedList$Node
instanceKlass kotlin/jvm/internal/Intrinsics
instanceKlass com/android/repository/api/ProgressIndicatorAdapter
instanceKlass java/lang/ProcessEnvironment$CheckedEntry
instanceKlass java/lang/ProcessEnvironment$CheckedEntrySet$1
instanceKlass java/lang/ProcessEnvironment$EntryComparator
instanceKlass java/lang/ProcessEnvironment$NameComparator
instanceKlass  @bci com/android/sdklib/tool/sdkmanager/ListAction register (Ljava/util/Map;)V 17 <appendix> argL0 ; # com/android/sdklib/tool/sdkmanager/ListAction$$Lambda+0x00000001000c49d0
instanceKlass  @bci com/android/sdklib/tool/sdkmanager/ListAction register (Ljava/util/Map;)V 3 <appendix> argL0 ; # com/android/sdklib/tool/sdkmanager/ListAction$$Lambda+0x00000001000c4760
instanceKlass  @bci com/android/sdklib/tool/sdkmanager/ShowVersionAction register (Ljava/util/Map;)V 3 <appendix> argL0 ; # com/android/sdklib/tool/sdkmanager/ShowVersionAction$$Lambda+0x00000001000c4278
instanceKlass  @bci com/android/sdklib/tool/sdkmanager/UpdateAction register (Ljava/util/Map;)V 3 <appendix> argL0 ; # com/android/sdklib/tool/sdkmanager/UpdateAction$$Lambda+0x0000000100003cd0
instanceKlass  @bci com/android/sdklib/tool/sdkmanager/LicensesAction register (Ljava/util/Map;)V 3 <appendix> argL0 ; # com/android/sdklib/tool/sdkmanager/LicensesAction$$Lambda+0x00000001000037c8
instanceKlass  @bci com/android/sdklib/tool/sdkmanager/UninstallAction register (Ljava/util/Map;)V 3 <appendix> argL0 ; # com/android/sdklib/tool/sdkmanager/UninstallAction$$Lambda+0x00000001000032e0
instanceKlass  @bci sun/security/util/HostnameChecker hasIllegalWildcard (Ljava/lang/String;Z)Z 162 <appendix> form vmentry <vmtarget> ; # java/lang/invoke/LambdaForm$MH+0x00000001000c0000
instanceKlass jdk/internal/org/objectweb/asm/FieldVisitor
instanceKlass java/util/ArrayList$Itr
instanceKlass java/lang/invoke/InvokerBytecodeGenerator$ClassData
instanceKlass jdk/internal/org/objectweb/asm/Frame
instanceKlass java/lang/invoke/LambdaFormBuffer
instanceKlass java/lang/invoke/LambdaFormEditor$TransformKey
instanceKlass java/lang/invoke/LambdaFormEditor
instanceKlass java/lang/invoke/DelegatingMethodHandle$Holder
instanceKlass java/lang/invoke/DirectMethodHandle$2
instanceKlass java/lang/invoke/ClassSpecializer$Factory
instanceKlass java/lang/invoke/ClassSpecializer$SpeciesData
instanceKlass java/lang/invoke/ClassSpecializer$1
instanceKlass java/lang/invoke/ClassSpecializer
instanceKlass sun/invoke/empty/Empty
instanceKlass sun/invoke/util/VerifyType
instanceKlass  @bci com/android/sdklib/tool/sdkmanager/InstallAction register (Ljava/util/Map;)V 3 <appendix> argL0 ; # com/android/sdklib/tool/sdkmanager/InstallAction$$Lambda+0x0000000100002de0
instanceKlass java/lang/invoke/MethodHandles$Lookup$ClassDefiner
instanceKlass java/lang/invoke/MethodHandles$Lookup$ClassFile
instanceKlass jdk/internal/org/objectweb/asm/AnnotationVisitor
instanceKlass jdk/internal/org/objectweb/asm/Attribute
instanceKlass jdk/internal/org/objectweb/asm/Handler
instanceKlass jdk/internal/org/objectweb/asm/Label
instanceKlass jdk/internal/org/objectweb/asm/MethodVisitor
instanceKlass java/lang/invoke/LambdaProxyClassArchive
instanceKlass jdk/internal/org/objectweb/asm/ByteVector
instanceKlass jdk/internal/org/objectweb/asm/Symbol
instanceKlass jdk/internal/org/objectweb/asm/SymbolTable
instanceKlass jdk/internal/org/objectweb/asm/ClassVisitor
instanceKlass java/lang/invoke/InfoFromMemberName
instanceKlass java/lang/invoke/MethodHandleInfo
instanceKlass jdk/internal/org/objectweb/asm/ConstantDynamic
instanceKlass sun/invoke/util/BytecodeDescriptor
instanceKlass jdk/internal/org/objectweb/asm/Handle
instanceKlass sun/security/action/GetBooleanAction
instanceKlass jdk/internal/org/objectweb/asm/Type
instanceKlass java/lang/invoke/AbstractValidatingLambdaMetafactory
instanceKlass java/lang/invoke/MethodHandleImpl$1
instanceKlass jdk/internal/access/JavaLangInvokeAccess
instanceKlass java/lang/invoke/Invokers$Holder
instanceKlass java/lang/invoke/BootstrapMethodInvoker
instanceKlass java/lang/invoke/InvokerBytecodeGenerator$1
instanceKlass java/lang/invoke/InvokerBytecodeGenerator
instanceKlass java/lang/invoke/LambdaForm$Holder
instanceKlass java/lang/invoke/LambdaForm$Name
instanceKlass java/lang/invoke/Invokers
instanceKlass java/lang/invoke/MethodHandleImpl
instanceKlass sun/invoke/util/ValueConversions
instanceKlass java/lang/invoke/DirectMethodHandle$Holder
instanceKlass java/lang/invoke/LambdaForm$NamedFunction
instanceKlass sun/invoke/util/Wrapper$Format
instanceKlass java/lang/invoke/MethodTypeForm
instanceKlass jdk/internal/util/StrongReferenceKey
instanceKlass jdk/internal/util/ReferenceKey
instanceKlass jdk/internal/util/ReferencedKeyMap
instanceKlass java/lang/invoke/MethodType$1
instanceKlass java/lang/invoke/LambdaMetafactory
instanceKlass com/google/common/collect/Multimap
instanceKlass com/android/repository/api/PackageOperation
instanceKlass com/android/repository/api/RepoPackage
instanceKlass java/net/SocketAddress
instanceKlass java/io/Reader
instanceKlass java/lang/Readable
instanceKlass com/android/repository/api/ProgressIndicator
instanceKlass com/android/sdklib/tool/sdkmanager/SdkAction
instanceKlass com/android/sdklib/tool/sdkmanager/SdkManagerCliSettings
instanceKlass java/net/URI$Parser
instanceKlass java/nio/file/FileSystems$DefaultFileSystemHolder$1
instanceKlass java/nio/file/FileSystems$DefaultFileSystemHolder
instanceKlass java/nio/file/FileSystems
instanceKlass java/lang/Void
instanceKlass java/lang/PublicMethods$Key
instanceKlass java/lang/PublicMethods$MethodList
instanceKlass com/android/repository/api/Downloader
instanceKlass com/android/repository/api/SettingsController
instanceKlass java/util/TreeMap$PrivateEntryIterator
instanceKlass java/util/TreeMap$Entry
instanceKlass java/util/NavigableMap
instanceKlass java/util/SortedMap
instanceKlass java/util/NavigableSet
instanceKlass java/util/SortedSet
instanceKlass java/util/SequencedSet
instanceKlass com/android/prefs/AndroidLocationsProvider
instanceKlass jdk/internal/misc/PreviewFeatures
instanceKlass jdk/internal/misc/MainMethodFinder
instanceKlass com/android/sdklib/tool/sdkmanager/SdkManagerCli
instanceKlass java/security/SecureClassLoader$DebugHolder
instanceKlass java/security/Permission
instanceKlass java/security/Guard
instanceKlass java/security/PermissionCollection
instanceKlass java/security/SecureClassLoader$1
instanceKlass java/util/zip/Checksum$1
instanceKlass java/util/zip/CRC32
instanceKlass java/util/zip/Checksum
instanceKlass sun/nio/ByteBuffered
instanceKlass java/util/zip/ZipFile$InflaterCleanupAction
instanceKlass java/util/zip/Inflater$InflaterZStreamRef
instanceKlass java/util/zip/Inflater
instanceKlass java/lang/Package$VersionInfo
instanceKlass java/lang/NamedPackage
instanceKlass jdk/internal/loader/Resource
instanceKlass java/util/StringTokenizer
instanceKlass java/lang/reflect/Array
instanceKlass java/util/jar/Attributes$Name
instanceKlass java/util/SequencedMap
instanceKlass java/util/jar/Attributes
instanceKlass java/util/jar/JarVerifier
instanceKlass sun/security/action/GetIntegerAction
instanceKlass sun/security/util/Debug
instanceKlass sun/security/util/SignatureFileVerifier
instanceKlass java/util/zip/ZipEntry
instanceKlass java/util/zip/ZipFile$2
instanceKlass java/nio/Bits$1
instanceKlass jdk/internal/misc/VM$BufferPool
instanceKlass java/nio/Bits
instanceKlass sun/nio/ch/DirectBuffer
instanceKlass jdk/internal/perf/PerfCounter$CoreCounters
instanceKlass jdk/internal/perf/Perf
instanceKlass jdk/internal/perf/Perf$GetPerfAction
instanceKlass jdk/internal/perf/PerfCounter
instanceKlass sun/util/locale/LocaleUtils
instanceKlass sun/util/locale/BaseLocale
instanceKlass java/util/Locale
instanceKlass java/nio/file/attribute/FileTime
instanceKlass java/util/zip/ZipUtils
instanceKlass java/util/zip/ZipFile$Source$End
instanceKlass java/util/zip/ZipFile$Source$RandomAccessFileAccessor
instanceKlass java/util/zip/ZipFile$Source$FileAccessor
instanceKlass java/io/RandomAccessFile$2
instanceKlass jdk/internal/access/JavaIORandomAccessFileAccess
instanceKlass java/io/RandomAccessFile
instanceKlass java/io/DataInput
instanceKlass java/io/DataOutput
instanceKlass sun/nio/fs/WindowsNativeDispatcher$CompletionStatus
instanceKlass sun/nio/fs/WindowsNativeDispatcher$AclInformation
instanceKlass sun/nio/fs/WindowsNativeDispatcher$Account
instanceKlass sun/nio/fs/WindowsNativeDispatcher$DiskFreeSpace
instanceKlass sun/nio/fs/WindowsNativeDispatcher$VolumeInformation
instanceKlass sun/nio/fs/WindowsNativeDispatcher$FirstStream
instanceKlass sun/nio/fs/WindowsNativeDispatcher$FirstFile
instanceKlass java/util/concurrent/ConcurrentHashMap$Traverser
instanceKlass java/util/Enumeration
instanceKlass jdk/internal/loader/NativeLibraries$3
instanceKlass jdk/internal/loader/NativeLibrary
instanceKlass java/util/ArrayDeque$DeqIterator
instanceKlass jdk/internal/loader/NativeLibraries$NativeLibraryContext$1
instanceKlass jdk/internal/loader/NativeLibraries$NativeLibraryContext
instanceKlass jdk/internal/loader/NativeLibraries$2
instanceKlass jdk/internal/loader/NativeLibraries$1
instanceKlass jdk/internal/loader/NativeLibraries$LibraryPaths
instanceKlass sun/nio/fs/WindowsNativeDispatcher
instanceKlass sun/nio/fs/NativeBuffer$Deallocator
instanceKlass sun/nio/fs/NativeBuffer
instanceKlass sun/nio/fs/NativeBuffers
instanceKlass sun/nio/fs/WindowsFileAttributes
instanceKlass java/nio/file/attribute/DosFileAttributes
instanceKlass sun/nio/fs/AbstractBasicFileAttributeView
instanceKlass sun/nio/fs/DynamicFileAttributeView
instanceKlass sun/nio/fs/WindowsFileAttributeViews
instanceKlass sun/nio/fs/Util
instanceKlass java/nio/file/attribute/BasicFileAttributeView
instanceKlass java/nio/file/attribute/FileAttributeView
instanceKlass java/nio/file/attribute/AttributeView
instanceKlass java/nio/file/Files
instanceKlass java/nio/file/CopyOption
instanceKlass java/nio/file/attribute/BasicFileAttributes
instanceKlass sun/nio/fs/WindowsPath
instanceKlass java/nio/file/Path
instanceKlass java/nio/file/Watchable
instanceKlass java/util/zip/ZipFile$Source$Key
instanceKlass sun/nio/fs/WindowsPathParser$Result
instanceKlass sun/nio/fs/WindowsPathParser
instanceKlass java/nio/file/FileSystem
instanceKlass java/nio/file/OpenOption
instanceKlass java/nio/file/spi/FileSystemProvider
instanceKlass sun/nio/fs/DefaultFileSystemProvider
instanceKlass java/util/zip/ZipFile$Source
instanceKlass java/util/zip/ZipCoder
instanceKlass java/util/zip/ZipFile$CleanableResource
instanceKlass java/lang/Runtime$Version
instanceKlass java/util/jar/JavaUtilJarAccessImpl
instanceKlass jdk/internal/access/JavaUtilJarAccess
instanceKlass jdk/internal/loader/FileURLMapper
instanceKlass jdk/internal/loader/URLClassPath$JarLoader$1
instanceKlass java/util/zip/ZipFile$1
instanceKlass jdk/internal/access/JavaUtilZipFileAccess
instanceKlass java/util/zip/ZipFile
instanceKlass java/util/zip/ZipConstants
instanceKlass jdk/internal/loader/URLClassPath$Loader
instanceKlass jdk/internal/loader/URLClassPath$3
instanceKlass java/security/PrivilegedExceptionAction
instanceKlass sun/net/util/URLUtil
instanceKlass com/jetbrains/internal/IoOverNio$ThreadLocalCloseable
instanceKlass java/lang/ThreadLocal$ThreadLocalMap
instanceKlass java/lang/StringCoding
instanceKlass java/nio/charset/CharsetDecoder
instanceKlass sun/nio/cs/ArrayDecoder
instanceKlass sun/launcher/LauncherHelper
instanceKlass java/lang/invoke/StringConcatFactory
instanceKlass java/lang/ModuleLayer$Controller
instanceKlass java/util/concurrent/CopyOnWriteArrayList
instanceKlass jdk/internal/module/ServicesCatalog$ServiceProvider
instanceKlass jdk/internal/loader/AbstractClassLoaderValue$Memoizer
instanceKlass java/util/ImmutableCollections$ListItr
instanceKlass java/util/ListIterator
instanceKlass java/lang/ModuleLayer
instanceKlass jdk/internal/module/ModuleLoaderMap$Modules
instanceKlass jdk/internal/module/ModuleLoaderMap$Mapper
instanceKlass jdk/internal/module/ModuleLoaderMap
instanceKlass java/util/AbstractMap$1$1
instanceKlass java/lang/module/ResolvedModule
instanceKlass java/lang/module/Configuration
instanceKlass jdk/internal/loader/BuiltinClassLoader$LoadedModule
instanceKlass jdk/internal/loader/AbstractClassLoaderValue
instanceKlass jdk/internal/module/ServicesCatalog
instanceKlass java/util/Deque
instanceKlass java/util/Queue
instanceKlass sun/net/util/IPAddressUtil$MASKS
instanceKlass sun/net/util/IPAddressUtil
instanceKlass java/net/URLStreamHandler
instanceKlass sun/net/www/ParseUtil
instanceKlass java/net/URL$3
instanceKlass jdk/internal/access/JavaNetURLAccess
instanceKlass java/net/URL$DefaultFactory
instanceKlass java/net/URLStreamHandlerFactory
instanceKlass jdk/internal/loader/URLClassPath
instanceKlass java/lang/ClassLoader$ParallelLoaders
instanceKlass java/security/cert/Certificate
instanceKlass jdk/internal/loader/ArchivedClassLoaders
instanceKlass java/util/concurrent/ConcurrentHashMap$CollectionView
instanceKlass jdk/internal/loader/ClassLoaderHelper
instanceKlass jdk/internal/loader/NativeLibraries
instanceKlass java/lang/Module$EnableNativeAccess
instanceKlass jdk/internal/loader/BootLoader
instanceKlass java/util/Optional
instanceKlass jdk/internal/module/SystemModuleFinders$SystemModuleFinder
instanceKlass java/lang/module/ModuleFinder
instanceKlass jdk/internal/module/SystemModuleFinders$3
instanceKlass jdk/internal/module/ModuleHashes$HashSupplier
instanceKlass jdk/internal/module/SystemModuleFinders$2
instanceKlass java/util/function/Supplier
instanceKlass java/lang/module/ModuleReference
instanceKlass jdk/internal/module/ModuleResolution
instanceKlass java/util/Collections$UnmodifiableMap
instanceKlass jdk/internal/module/ModuleHashes$Builder
instanceKlass jdk/internal/module/ModuleHashes
instanceKlass jdk/internal/module/ModuleTarget
instanceKlass java/util/ImmutableCollections$Set12$1
instanceKlass java/lang/reflect/AccessFlag$18
instanceKlass java/lang/reflect/AccessFlag$17
instanceKlass java/lang/reflect/AccessFlag$16
instanceKlass java/lang/reflect/AccessFlag$15
instanceKlass java/lang/reflect/AccessFlag$14
instanceKlass java/lang/reflect/AccessFlag$13
instanceKlass java/lang/reflect/AccessFlag$12
instanceKlass java/lang/reflect/AccessFlag$11
instanceKlass java/lang/reflect/AccessFlag$10
instanceKlass java/lang/reflect/AccessFlag$9
instanceKlass java/lang/reflect/AccessFlag$8
instanceKlass java/lang/reflect/AccessFlag$7
instanceKlass java/lang/reflect/AccessFlag$6
instanceKlass java/lang/reflect/AccessFlag$5
instanceKlass java/lang/reflect/AccessFlag$4
instanceKlass java/lang/reflect/AccessFlag$3
instanceKlass java/lang/reflect/AccessFlag$2
instanceKlass java/lang/reflect/AccessFlag$1
instanceKlass java/lang/module/ModuleDescriptor$Version
instanceKlass java/lang/module/ModuleDescriptor$Provides
instanceKlass java/lang/module/ModuleDescriptor$Opens
instanceKlass java/util/ImmutableCollections$SetN$SetNIterator
instanceKlass java/lang/module/ModuleDescriptor$Exports
instanceKlass java/lang/module/ModuleDescriptor$Requires
instanceKlass jdk/internal/module/Builder
instanceKlass jdk/internal/module/SystemModules$default
instanceKlass jdk/internal/module/SystemModules
instanceKlass jdk/internal/module/SystemModulesMap
instanceKlass java/net/URI$1
instanceKlass jdk/internal/access/JavaNetUriAccess
instanceKlass java/net/URI
instanceKlass jdk/internal/module/SystemModuleFinders
instanceKlass jdk/internal/module/ArchivedModuleGraph
instanceKlass jdk/internal/module/ArchivedBootLayer
instanceKlass jdk/internal/module/ModuleBootstrap$Counters
instanceKlass jdk/internal/module/ModulePatcher
instanceKlass java/io/DefaultFileSystem
instanceKlass java/io/FileSystem
instanceKlass java/lang/ThreadLocal
instanceKlass com/jetbrains/internal/IoOverNio
instanceKlass java/io/File
instanceKlass java/lang/module/ModuleDescriptor$1
instanceKlass jdk/internal/access/JavaLangModuleAccess
instanceKlass sun/invoke/util/VerifyAccess
instanceKlass java/util/KeyValueHolder
instanceKlass java/util/ImmutableCollections$MapN$MapNIterator
instanceKlass java/lang/StrictMath
instanceKlass java/lang/invoke/MethodHandles$Lookup
instanceKlass java/lang/invoke/MemberName$Factory
instanceKlass java/lang/invoke/MethodHandles
instanceKlass java/lang/module/ModuleDescriptor
instanceKlass jdk/internal/module/ModuleBootstrap
instanceKlass java/lang/Character$CharacterCache
instanceKlass java/util/HexFormat
instanceKlass jdk/internal/util/ClassFileDumper
instanceKlass java/lang/invoke/MethodHandleStatics
instanceKlass java/util/Collections
instanceKlass jdk/internal/misc/Blocker
instanceKlass sun/io/Win32ErrorMode
instanceKlass jdk/internal/misc/OSEnvironment
instanceKlass java/lang/Integer$IntegerCache
instanceKlass jdk/internal/misc/Signal$NativeHandler
instanceKlass java/util/Hashtable$Entry
instanceKlass jdk/internal/misc/Signal
instanceKlass java/lang/Terminator$1
instanceKlass jdk/internal/misc/Signal$Handler
instanceKlass java/lang/Terminator
instanceKlass java/nio/ByteOrder
instanceKlass java/nio/Buffer$2
instanceKlass jdk/internal/access/JavaNioAccess
instanceKlass java/nio/Buffer$1
instanceKlass jdk/internal/misc/ScopedMemoryAccess
instanceKlass java/nio/charset/CodingErrorAction
instanceKlass sun/nio/cs/SingleByte
instanceKlass java/lang/StringUTF16
instanceKlass sun/nio/cs/MS1252$Holder
instanceKlass java/nio/charset/CharsetEncoder
instanceKlass sun/nio/cs/ArrayEncoder
instanceKlass java/io/Writer
instanceKlass java/io/PrintStream$1
instanceKlass jdk/internal/access/JavaIOPrintStreamAccess
instanceKlass jdk/internal/misc/InternalLock
instanceKlass java/util/concurrent/ForkJoinPool$ManagedBlocker
instanceKlass java/util/concurrent/locks/AbstractQueuedSynchronizer$Node
instanceKlass java/io/OutputStream
instanceKlass java/io/Flushable
instanceKlass java/lang/Thread$ThreadIdentifiers
instanceKlass java/security/Principal
instanceKlass java/security/ProtectionDomain$Key
instanceKlass java/security/ProtectionDomain$JavaSecurityAccessImpl
instanceKlass jdk/internal/access/JavaSecurityAccess
instanceKlass sun/security/action/GetPropertyAction
instanceKlass java/util/concurrent/locks/AbstractQueuedSynchronizer$ConditionObject
instanceKlass java/util/concurrent/locks/Condition
instanceKlass jdk/internal/ref/CleanerImpl
instanceKlass java/lang/ref/Cleaner$1
instanceKlass java/lang/ref/Cleaner
instanceKlass jdk/internal/ref/CleanerFactory$1
instanceKlass java/util/concurrent/ThreadFactory
instanceKlass jdk/internal/ref/CleanerFactory
instanceKlass java/lang/ref/Cleaner$Cleanable
instanceKlass java/io/FileDescriptor$1
instanceKlass jdk/internal/access/JavaIOFileDescriptorAccess
instanceKlass java/io/FileDescriptor
instanceKlass jdk/internal/util/StaticProperty
instanceKlass jdk/internal/reflect/MethodHandleAccessorFactory
instanceKlass java/lang/reflect/Modifier
instanceKlass java/lang/Class$1
instanceKlass java/lang/Class$Atomic
instanceKlass java/lang/Class$ReflectionData
instanceKlass java/nio/charset/StandardCharsets
instanceKlass sun/nio/cs/HistoricallyNamedCharset
instanceKlass java/nio/charset/spi/CharsetProvider
instanceKlass java/nio/charset/Charset
instanceKlass java/util/HashMap$HashIterator
instanceKlass java/util/concurrent/locks/LockSupport
instanceKlass java/util/concurrent/ConcurrentHashMap$Node
instanceKlass java/util/concurrent/ConcurrentHashMap$CounterCell
instanceKlass java/util/concurrent/locks/ReentrantLock
instanceKlass java/util/concurrent/locks/Lock
instanceKlass java/lang/CharacterData
instanceKlass java/util/Arrays
instanceKlass jdk/internal/util/Preconditions$3
instanceKlass jdk/internal/util/Preconditions$2
instanceKlass jdk/internal/util/Preconditions$4
instanceKlass java/util/function/BiFunction
instanceKlass jdk/internal/util/Preconditions$1
instanceKlass java/util/function/Function
instanceKlass jdk/internal/util/Preconditions
instanceKlass java/lang/Runtime
instanceKlass java/lang/VersionProps
instanceKlass java/lang/StringConcatHelper
instanceKlass java/util/HashMap$Node
instanceKlass java/util/Map$Entry
instanceKlass jdk/internal/util/ArraysSupport
instanceKlass jdk/internal/util/SystemProps$Raw
instanceKlass jdk/internal/util/SystemProps
instanceKlass java/lang/System$2
instanceKlass jdk/internal/access/JavaLangAccess
instanceKlass java/lang/ref/NativeReferenceQueue$Lock
instanceKlass java/lang/ref/ReferenceQueue
instanceKlass java/lang/ref/Reference$1
instanceKlass jdk/internal/access/JavaLangRefAccess
instanceKlass jdk/internal/reflect/ReflectionFactory
instanceKlass java/lang/Math
instanceKlass java/lang/StringLatin1
instanceKlass jdk/internal/reflect/Reflection
instanceKlass jdk/internal/reflect/ReflectionFactory$GetReflectionFactoryAction
instanceKlass java/security/PrivilegedAction
instanceKlass jdk/internal/access/SharedSecrets
instanceKlass java/lang/reflect/ReflectAccess
instanceKlass jdk/internal/access/JavaLangReflectAccess
instanceKlass java/util/ImmutableCollections
instanceKlass java/util/Objects
instanceKlass java/util/Set
instanceKlass jdk/internal/misc/CDS
instanceKlass java/lang/Module$ArchivedData
instanceKlass jdk/internal/misc/VM
instanceKlass java/lang/String$CaseInsensitiveComparator
instanceKlass java/util/Comparator
instanceKlass java/io/ObjectStreamField
instanceKlass jdk/internal/vm/FillerObject
instanceKlass jdk/internal/vm/vector/VectorSupport$VectorPayload
instanceKlass jdk/internal/vm/vector/VectorSupport
instanceKlass java/lang/reflect/RecordComponent
instanceKlass java/util/Iterator
instanceKlass java/lang/Number
instanceKlass java/lang/Character
instanceKlass java/lang/Boolean
instanceKlass java/util/concurrent/locks/AbstractOwnableSynchronizer
instanceKlass java/lang/LiveStackFrame
instanceKlass java/lang/StackFrameInfo
instanceKlass java/lang/StackWalker$StackFrame
instanceKlass java/lang/StackStreamFactory$AbstractStackWalker
instanceKlass java/lang/StackWalker
instanceKlass java/nio/Buffer
instanceKlass java/lang/StackTraceElement
instanceKlass java/util/AbstractCollection
instanceKlass java/util/RandomAccess
instanceKlass java/util/List
instanceKlass java/util/SequencedCollection
instanceKlass java/util/Collection
instanceKlass java/lang/Iterable
instanceKlass java/util/AbstractMap
instanceKlass java/util/concurrent/ConcurrentMap
instanceKlass java/security/CodeSource
instanceKlass jdk/internal/loader/ClassLoaders
instanceKlass java/util/jar/Manifest
instanceKlass java/lang/Enum
instanceKlass java/net/URL
instanceKlass java/io/InputStream
instanceKlass java/io/Closeable
instanceKlass java/lang/AutoCloseable
instanceKlass jdk/internal/module/Modules
instanceKlass jdk/internal/misc/Unsafe
instanceKlass jdk/internal/misc/UnsafeConstants
instanceKlass java/lang/AbstractStringBuilder
instanceKlass java/lang/Appendable
instanceKlass java/lang/AssertionStatusDirectives
instanceKlass jdk/internal/foreign/abi/ABIDescriptor
instanceKlass jdk/internal/foreign/abi/NativeEntryPoint
instanceKlass java/lang/invoke/CallSite
instanceKlass java/lang/invoke/MethodType
instanceKlass java/lang/invoke/TypeDescriptor$OfMethod
instanceKlass java/lang/invoke/LambdaForm
instanceKlass java/lang/invoke/MethodHandleNatives
instanceKlass java/lang/invoke/ResolvedMethodName
instanceKlass java/lang/invoke/MemberName
instanceKlass java/lang/invoke/VarHandle
instanceKlass java/lang/invoke/MethodHandle
instanceKlass jdk/internal/reflect/CallerSensitive
instanceKlass java/lang/annotation/Annotation
instanceKlass jdk/internal/reflect/FieldAccessor
instanceKlass jdk/internal/reflect/ConstantPool
instanceKlass jdk/internal/reflect/ConstructorAccessor
instanceKlass jdk/internal/reflect/MethodAccessor
instanceKlass jdk/internal/reflect/MagicAccessorImpl
instanceKlass jdk/internal/vm/StackChunk
instanceKlass jdk/internal/vm/Continuation
instanceKlass jdk/internal/vm/ContinuationScope
instanceKlass java/lang/reflect/Parameter
instanceKlass java/lang/reflect/Member
instanceKlass java/lang/reflect/AccessibleObject
instanceKlass java/lang/Module
instanceKlass java/util/Dictionary
instanceKlass java/util/Map
instanceKlass java/lang/ThreadGroup
instanceKlass java/lang/Thread$UncaughtExceptionHandler
instanceKlass java/lang/Thread$Constants
instanceKlass java/lang/Thread$FieldHolder
instanceKlass java/lang/Thread
instanceKlass java/lang/Runnable
instanceKlass java/lang/ref/Reference
instanceKlass java/lang/Record
instanceKlass java/security/AccessController
instanceKlass java/security/AccessControlContext
instanceKlass java/security/ProtectionDomain
instanceKlass java/lang/SecurityManager
instanceKlass java/lang/Throwable
instanceKlass java/lang/System
instanceKlass java/lang/ClassLoader
instanceKlass java/lang/Cloneable
instanceKlass java/lang/Class
instanceKlass java/lang/invoke/TypeDescriptor$OfField
instanceKlass java/lang/invoke/TypeDescriptor
instanceKlass java/lang/reflect/Type
instanceKlass java/lang/reflect/GenericDeclaration
instanceKlass java/lang/reflect/AnnotatedElement
instanceKlass java/lang/String
instanceKlass java/lang/constant/ConstantDesc
instanceKlass java/lang/constant/Constable
instanceKlass java/lang/CharSequence
instanceKlass java/lang/Comparable
instanceKlass java/io/Serializable
ciInstanceKlass java/lang/Object 1 1 124 7 1 10 12 1 1 10 7 12 1 1 1 10 7 12 1 1 1 10 12 1 1 8 1 10 12 1 1 10 7 12 1 1 1 10 12 1 10 12 1 1 10 7 12 1 1 1 10 12 1 10 12 1 7 1 10 100 12 1 1 1 10 12 1 1 10 12 1 100 1 8 1 10 12 1 3 8 1 100 1 5 0 1 1 1 1 1 1 1 1 1 1 1 1 1 1 1 1 7 1 1 1 1 1 1 1 1 1 1 7 1 1 1 1 1 1 1 1 1 1 3 1 1
ciInstanceKlass java/io/Serializable 1 0 7 100 1 100 1 1 1
ciInstanceKlass java/lang/Comparable 1 0 12 100 1 100 1 1 1 1 1 1 1 1
ciInstanceKlass java/lang/CharSequence 1 1 131 11 100 12 1 1 1 18 12 1 1 100 1 10 100 12 1 1 1 18 10 100 12 1 1 1 11 12 1 1 11 100 1 11 12 1 1 10 100 12 1 1 1 11 12 1 1 100 1 10 12 1 1 10 100 12 1 1 1 100 1 10 10 12 1 1 100 1 1 1 1 1 1 1 1 1 1 1 1 1 1 1 1 1 1 1 1 1 1 1 1 1 1 1 1 1 1 1 1 1 16 1 15 11 12 16 15 11 12 15 10 100 12 1 1 1 1 1 100 1 100 1 1 100 1 1 100 1 100 1 1
ciInstanceKlass java/lang/constant/Constable 1 0 11 100 1 100 1 1 1 1 1 1 1
ciInstanceKlass java/lang/constant/ConstantDesc 1 0 37 100 1 100 1 1 1 1 100 1 1 1 1 100 1 100 1 100 1 100 1 100 1 100 1 100 1 100 1 100 1 1 100 1 100 1 1
ciInstanceKlass java/lang/String 1 1 1443 10 7 12 1 1 1 8 1 9 7 12 1 1 1 9 12 1 1 9 12 1 1 9 12 1 1 10 12 1 10 12 1 1 10 12 1 1 9 12 1 10 7 12 1 1 1 10 7 1 10 7 12 1 1 1 10 12 1 1 10 12 1 1 10 12 1 10 12 1 1 10 12 1 10 7 12 1 1 1 7 1 9 7 12 1 1 1 10 7 12 1 1 1 10 7 12 1 1 1 10 12 1 1 10 12 1 1 10 12 1 1 10 12 1 1 9 7 12 1 1 10 12 9 7 12 1 1 10 12 1 1 3 10 12 1 1 7 1 11 12 1 1 11 12 1 11 12 1 1 10 7 12 1 1 1 10 12 1 1 9 100 12 1 1 1 10 12 1 1 10 12 1 11 12 1 1 10 12 1 1 10 12 10 12 1 1 10 100 12 1 1 1 10 12 1 1 10 12 1 1 100 1 100 1 10 12 1 10 12 1 10 12 1 1 100 1 10 12 1 1 100 1 10 12 1 1 10 12 1 1 10 12 1 10 10 12 1 100 1 100 1 100 1 10 12 1 10 12 1 1 10 12 1 1 10 12 1 10 12 1 1 10 12 1 1 10 100 12 1 1 100 1 11 10 7 12 1 1 11 12 1 11 12 1 10 12 1 1 10 12 1 10 12 10 12 1 1 10 10 7 12 1 1 1 10 7 12 1 1 10 12 1 1 10 7 12 1 1 10 12 1 10 12 1 1 10 12 1 1 10 12 1 10 12 1 10 12 1 1 100 1 10 12 1 1 10 12 10 12 1 10 12 1 1 10 12 1 1 10 100 12 1 1 1 10 12 1 10 12 1 1 10 12 1 10 12 1 3 3 10 12 1 1 10 12 1 10 12 1 1 10 12 1 1 10 12 1 1 10 12 1 10 12 1 1 10 12 1 1 10 12 1 10 12 1 10 12 1 10 12 1 1 10 12 1 10 12 1 10 12 1 10 12 1 10 12 1 10 12 1 10 100 1 10 8 1 10 12 1 1 10 12 1 8 1 10 12 1 1 10 12 10 12 1 8 1 10 10 12 1 1 10 12 1 1 10 12 1 1 10 100 1 10 10 12 1 10 12 1 10 12 1 10 10 12 1 10 12 1 10 12 1 10 12 1 10 12 1 10 12 1 10 12 1 1 10 12 1 1 10 12 1 1 10 10 12 1 1 10 10 12 1 100 1 10 10 12 1 1 10 12 1 1 10 7 1 10 12 1 10 12 1 10 7 12 1 1 1 10 12 1 10 12 1 1 10 12 1 11 7 1 11 12 10 12 1 10 12 1 1 10 12 1 1 10 10 12 1 10 12 1 9 12 1 1 11 7 12 1 1 1 10 12 10 10 12 1 10 12 1 1 10 10 12 1 10 12 1 10 12 1 1 10 12 1 1 10 10 12 1 1 10 12 1 10 10 12 1 10 12 10 10 12 10 10 12 1 10 12 1 10 10 12 10 7 12 1 1 1 10 12 10 10 12 10 12 1 10 12 10 12 10 10 12 1 10 12 1 1 10 12 1 1 10 10 12 1 10 7 12 1 1 1 10 12 1 1 10 10 7 12 1 1 1 11 10 12 1 10 12 1 1 10 12 1 1 10 7 12 1 1 1 10 12 1 10 12 1 10 12 1 10 12 1 10 12 1 10 12 1 100 1 100 1 8 1 10 10 10 12 1 10 12 1 1 8 1 10 12 1 3 3 10 12 1 10 12 1 1 10 12 7 1 10 10 12 1 1 10 12 1 10 12 1 10 12 1 1 10 12 1 1 11 7 12 1 1 1 7 1 10 12 1 10 12 1 1 8 1 10 12 1 1 10 12 1 11 100 12 1 1 1 11 100 12 1 1 11 12 1 10 12 1 10 12 1 1 10 10 7 12 1 1 1 10 12 1 10 12 1 10 10 12 10 12 1 1 10 10 12 1 10 10 12 1 10 10 12 1 10 10 12 1 10 12 1 1 10 10 12 1 8 1 10 12 1 1 18 12 1 1 11 100 12 1 1 1 100 1 3 18 12 1 18 12 1 8 1 10 100 12 1 1 1 11 12 1 1 10 12 10 10 12 1 10 11 12 1 1 10 12 1 1 11 12 1 18 3 11 10 12 1 11 11 10 12 1 10 12 1 1 8 1 10 12 1 10 12 1 10 12 1 1 10 10 12 1 11 100 12 1 100 1 100 1 10 12 100 1 10 10 100 12 1 1 1 100 1 10 7 1 10 10 12 1 10 10 12 1 8 1 10 10 12 1 8 1 8 1 10 12 1 10 12 1 10 10 12 10 100 12 1 1 10 100 12 1 1 10 100 12 1 1 8 1 10 12 1 10 12 1 10 9 12 1 10 12 9 7 12 1 1 1 10 12 1 10 12 1 10 12 1 10 12 1 10 12 1 8 1 10 100 12 1 1 1 10 12 10 12 1 1 10 12 10 10 12 10 12 7 1 9 12 1 1 7 1 10 100 1 100 1 100 1 100 1 1 1 1 1 1 5 0 1 1 1 1 1 3 1 3 1 1 1 1 1 1 1 1 1 1 1 1 1 1 1 100 1 1 1 1 1 1 1 1 1 1 1 1 1 1 1 1 1 1 1 1 1 1 1 1 1 1 1 1 1 1 1 100 1 1 1 1 1 1 1 1 1 1 100 1 1 1 1 1 1 1 1 1 1 1 1 1 1 1 1 1 1 1 1 1 1 1 1 1 1 1 1 1 1 1 1 1 1 1 1 1 1 1 1 1 1 1 1 1 1 1 1 1 1 1 1 1 1 1 1 1 1 1 1 1 1 1 1 1 1 1 1 1 1 1 1 1 1 1 1 1 1 1 1 1 1 1 1 1 1 1 1 1 1 1 1 1 1 1 1 1 1 1 1 1 1 1 1 1 1 1 1 1 1 1 1 1 1 1 1 1 1 1 1 1 1 1 1 1 1 1 1 1 1 1 1 1 1 1 1 1 1 1 1 1 1 1 1 1 1 1 1 1 1 1 1 1 1 1 1 1 1 1 1 1 1 1 1 1 1 1 1 1 1 1 1 1 1 1 100 1 1 1 1 1 1 1 1 1 1 1 1 1 1 1 1 1 1 1 1 1 1 1 100 1 1 1 1 1 1 1 1 1 1 1 1 1 1 1 100 1 1 1 1 1 1 1 1 1 1 1 1 1 1 1 16 15 10 12 16 15 10 12 15 10 12 15 10 12 15 10 100 12 1 1 1 1 1 1 1 100 1 100 1 1 1
staticfield java/lang/String COMPACT_STRINGS Z 1
staticfield java/lang/String serialPersistentFields [Ljava/io/ObjectStreamField; 0 [Ljava/io/ObjectStreamField;
staticfield java/lang/String CASE_INSENSITIVE_ORDER Ljava/util/Comparator; java/lang/String$CaseInsensitiveComparator
ciInstanceKlass java/lang/reflect/AnnotatedElement 1 1 164 11 7 12 1 1 1 11 12 1 1 100 1 10 100 12 1 1 1 10 12 1 1 10 12 1 1 10 12 1 10 100 12 1 1 1 11 12 1 1 11 100 12 1 1 10 100 12 1 1 1 10 12 1 10 100 12 1 1 1 18 12 1 1 11 100 12 1 1 18 12 1 18 12 1 1 10 100 12 1 1 1 11 100 12 1 1 1 100 1 10 100 12 1 1 1 1 1 1 1 1 1 1 1 1 1 1 1 1 1 1 1 1 1 1 1 1 1 100 1 1 1 1 1 1 1 1 1 1 1 16 15 16 1 16 1 15 11 12 16 16 1 15 10 100 12 1 1 1 16 1 15 10 100 12 1 1 1 1 100 1 100 1 1
ciInstanceKlass java/lang/reflect/GenericDeclaration 1 0 30 100 1 100 1 100 1 1 1 1 1 1 1 1 100 1 8 1 1 12 10 1 1 1 8 1 1 1 8 1
ciInstanceKlass java/lang/reflect/Type 1 1 17 11 100 12 1 1 1 100 1 1 1 1 1 1 1 1 1
ciInstanceKlass java/lang/invoke/TypeDescriptor 1 0 17 100 1 100 1 1 1 1 1 1 100 1 100 1 1 1 1
ciInstanceKlass java/lang/invoke/TypeDescriptor$OfField 1 0 21 100 1 100 1 100 1 1 1 1 1 1 1 1 1 1 1 1 1 1 1
ciInstanceKlass java/lang/Class 1 1 1687 10 7 12 1 1 1 9 7 12 1 1 1 9 12 1 1 10 12 1 1 8 1 10 12 1 8 1 8 1 10 12 1 1 10 7 12 1 1 1 10 12 1 7 1 10 10 12 1 10 12 1 1 10 12 1 1 10 12 1 1 10 7 12 1 1 10 12 1 10 12 1 10 12 1 8 1 10 12 1 8 1 10 12 1 8 1 8 1 10 12 1 1 10 100 12 1 1 1 18 12 1 1 11 100 12 1 1 1 8 1 8 1 8 1 10 100 12 1 1 1 11 12 1 1 8 1 10 12 1 10 11 100 12 1 1 1 11 100 12 1 1 1 11 8 1 18 8 1 10 12 1 10 7 12 1 1 10 12 1 1 10 7 12 1 1 1 10 12 1 1 10 12 1 1 10 7 12 1 1 1 10 12 9 100 12 1 1 1 10 100 12 1 1 1 10 12 1 10 7 12 1 1 1 10 12 1 1 18 12 1 1 10 7 12 1 1 1 10 7 12 1 10 12 1 1 10 7 1 100 1 10 12 1 1 9 12 1 1 100 1 8 1 10 12 1 10 12 1 1 10 12 1 1 10 7 12 1 1 1 7 1 10 12 1 7 1 100 1 10 10 12 1 1 10 12 1 1 100 1 10 100 12 1 1 1 10 12 1 1 10 12 1 1 9 12 1 1 10 12 1 10 12 1 1 9 12 1 1 9 12 1 1 10 12 1 1 10 7 1 10 12 1 10 12 1 10 12 1 1 10 9 12 1 10 12 1 8 1 10 12 1 1 10 12 1 1 10 12 1 10 12 1 1 10 12 1 1 10 12 1 1 9 7 12 1 1 1 10 7 12 1 1 10 12 10 12 1 10 12 1 10 12 1 10 12 1 9 100 12 1 1 1 9 12 1 10 12 1 10 100 12 1 1 1 10 12 1 1 10 100 12 1 1 10 12 1 10 12 1 1 10 100 12 1 1 1 10 12 1 10 12 1 1 10 12 1 10 12 1 10 12 1 1 10 7 1 10 10 10 12 1 1 10 12 1 1 10 12 10 10 12 1 1 100 1 8 1 10 10 12 1 1 10 12 1 100 1 11 12 1 10 100 12 1 1 10 12 1 10 12 1 10 100 12 1 1 10 10 12 1 1 8 1 10 12 1 10 12 1 1 8 1 10 12 1 9 12 1 10 12 1 10 12 1 10 12 1 10 12 100 1 9 12 1 10 12 1 9 12 1 10 12 1 10 12 1 10 12 1 10 10 12 1 10 12 1 10 7 12 1 1 10 12 1 10 12 1 10 12 1 1 10 12 1 10 12 1 10 12 1 100 1 10 12 1 10 12 1 1 10 12 1 1 10 12 1 1 10 12 1 1 10 12 1 1 10 12 1 1 7 1 10 10 12 1 1 10 12 1 1 10 12 1 1 10 10 12 1 10 12 1 1 10 12 1 1 10 12 1 1 10 12 1 1 7 1 10 10 12 11 100 12 1 1 10 12 1 10 12 1 10 7 12 1 1 1 10 12 1 1 10 10 12 1 1 100 1 10 10 12 1 1 10 100 12 1 1 1 100 1 100 1 10 12 1 1 10 12 1 10 10 12 1 1 10 12 1 10 12 1 10 12 1 10 100 12 1 1 1 11 7 12 1 1 10 12 1 10 12 1 9 12 1 10 12 1 1 10 12 1 9 7 12 1 1 1 9 12 1 10 100 12 1 1 1 10 12 1 10 12 1 10 100 12 1 1 1 10 12 1 10 12 10 12 1 1 100 1 10 8 1 10 12 1 11 11 12 1 1 11 7 12 1 1 11 12 1 8 1 10 12 1 10 12 1 1 9 12 1 9 12 1 1 10 7 12 1 1 9 12 1 10 12 1 1 10 10 12 1 10 7 12 1 1 1 10 7 12 1 1 10 7 12 1 1 9 12 1 1 10 12 1 9 12 1 10 12 1 10 12 1 1 9 12 1 1 9 12 1 10 12 1 10 12 1 1 9 12 1 100 1 10 10 12 1 1 7 1 10 12 1 1 100 11 100 1 9 12 1 1 9 12 1 100 1 10 12 1 9 12 1 1 9 12 1 10 12 1 10 12 1 1 9 12 1 7 1 10 10 12 1 1 10 10 12 1 10 12 10 10 12 1 9 12 1 10 12 1 1 10 7 12 1 1 1 10 12 1 1 10 12 1 8 10 7 8 1 18 8 1 8 1 10 12 1 9 12 1 9 12 1 1 10 12 1 7 1 100 1 10 12 1 9 12 1 1 7 1 10 10 12 1 10 7 1 9 12 1 8 1 10 12 1 7 1 10 12 1 10 12 1 1 100 1 100 1 9 12 1 100 1 8 1 10 10 7 12 1 1 1 10 12 11 7 12 1 1 1 10 12 1 10 12 1 1 10 8 1 8 1 10 12 1 1 9 7 12 1 1 11 12 7 1 11 7 12 1 1 9 12 1 10 100 12 1 1 1 10 7 12 1 1 10 12 1 1 9 12 1 9 10 12 1 1 10 12 1 1 10 12 1 1 10 12 1 1 10 12 1 1 11 12 1 7 1 11 12 1 10 7 12 1 1 1 10 12 1 11 12 1 10 7 12 1 1 1 10 12 1 10 7 12 1 1 1 11 12 1 11 12 1 1 10 12 1 10 12 1 1 9 12 1 1 9 100 12 1 1 10 12 1 10 100 12 1 1 1 10 12 1 1 10 12 1 10 12 1 10 12 1 10 7 12 1 1 1 10 12 1 8 1 10 12 1 10 12 1 10 12 1 100 1 10 12 10 100 12 1 1 1 11 100 12 1 1 1 10 12 1 1 10 12 1 18 12 1 1 11 12 1 1 18 11 12 1 18 12 1 11 12 1 10 12 1 1 10 12 1 10 12 1 10 12 1 10 12 1 10 12 10 12 1 8 1 10 12 1 7 1 9 12 1 1 100 1 100 1 100 1 100 1 1 1 3 1 3 1 3 1 1 1 1 1 1 1 5 0 1 1 1 1 1 1 1 1 1 1 1 1 1 1 1 1 1 1 1 1 1 1 1 1 100 1 1 1 1 1 1 1 100 1 1 1 1 1 100 1 1 1 1 1 1 1 1 1 1 1 1 1 1 1 1 1 1 1 1 1 1 1 1 1 1 1 1 1 1 1 1 1 1 1 1 1 1 1 1 1 1 100 1 1 1 1 1 1 1 1 1 1 1 1 1 1 1 1 1 1 1 1 1 1 1 1 1 1 1 1 1 1 1 100 1 1 1 1 1 1 1 1 1 1 1 1 1 1 1 1 1 1 1 1 3 1 1 1 1 1 1 1 1 1 1 1 1 1 1 1 1 1 1 1 1 1 1 1 1 1 1 1 1 1 1 1 1 1 1 1 100 1 100 1 1 1 1 1 1 1 100 1 1 1 1 1 1 1 1 1 1 1 1 1 1 1 1 1 1 1 1 1 1 1 1 1 1 1 1 1 1 1 1 1 1 1 1 1 1 1 1 1 1 1 1 1 1 1 1 1 1 1 1 1 1 1 1 1 1 1 1 1 1 1 1 1 1 1 1 1 1 1 1 1 1 1 1 1 1 1 1 1 1 1 1 1 1 1 1 1 1 1 1 1 1 1 1 1 1 1 1 1 1 1 1 1 1 1 1 1 1 1 1 1 1 1 1 1 1 1 1 1 1 1 1 16 15 10 12 16 15 11 12 16 1 16 15 16 15 10 12 16 16 15 10 12 16 15 16 1 15 10 12 16 15 10 100 12 1 1 1 1 1 1 1 1 1 1 1 1 1 100 1 1 100 1 100 1 1 100 1 100 1 1 100 1 100 1 1
staticfield java/lang/Class EMPTY_CLASS_ARRAY [Ljava/lang/Class; 0 [Ljava/lang/Class;
staticfield java/lang/Class serialPersistentFields [Ljava/io/ObjectStreamField; 0 [Ljava/io/ObjectStreamField;
ciInstanceKlass java/lang/Cloneable 1 0 7 100 1 100 1 1 1
instanceKlass jdk/internal/reflect/DelegatingClassLoader
instanceKlass java/security/SecureClassLoader
ciInstanceKlass java/lang/ClassLoader 1 1 1108 9 7 12 1 1 1 10 7 12 1 1 1 9 12 1 1 10 7 12 1 1 1 7 1 10 12 1 1 10 12 1 1 9 12 1 1 10 12 1 1 100 1 10 12 1 10 12 1 1 10 7 12 1 1 1 100 1 8 1 10 12 1 10 7 12 1 1 1 10 100 12 1 10 7 1 10 7 1 7 1 7 1 10 12 1 10 12 1 9 12 1 1 10 10 7 12 1 1 1 9 12 1 1 9 12 1 9 12 1 1 9 12 1 9 12 1 1 9 12 1 1 7 1 10 12 1 9 12 1 1 10 12 1 1 10 7 12 1 1 1 9 12 1 9 12 1 1 9 12 1 10 12 1 1 9 12 10 12 1 1 7 1 10 8 1 10 12 1 1 10 12 1 10 7 1 7 1 10 12 1 1 10 100 12 1 1 1 8 1 10 12 1 10 12 1 10 12 1 1 10 12 1 1 10 12 1 1 10 12 1 1 10 12 1 1 10 12 1 100 1 10 12 1 10 100 12 1 1 1 10 12 1 1 10 12 1 10 12 1 10 12 1 10 12 1 10 12 1 1 10 10 12 1 10 12 1 10 100 12 1 1 10 12 1 1 10 12 1 1 10 12 1 100 1 10 12 1 100 1 10 12 1 10 100 12 1 1 1 10 10 12 1 1 10 12 1 1 100 1 8 1 10 8 1 10 12 1 10 12 1 100 1 8 1 10 12 1 1 10 12 1 1 10 10 12 1 1 10 12 1 1 10 12 1 1 10 7 1 10 12 1 1 10 12 1 1 10 12 1 1 10 12 1 1 10 12 1 1 10 12 1 1 10 12 1 10 7 12 1 1 1 10 12 1 10 12 1 10 12 1 1 10 12 1 10 12 1 10 12 1 10 12 1 1 10 12 1 10 12 1 1 8 1 9 12 1 10 12 1 1 8 1 8 1 10 7 12 1 1 100 1 10 10 12 10 12 1 10 12 1 10 12 1 10 12 1 1 10 7 12 1 1 10 12 1 10 7 1 7 1 10 12 1 1 10 12 1 10 7 1 10 12 1 100 1 18 12 1 10 100 12 1 1 1 10 100 12 1 1 1 10 7 12 1 1 10 12 1 10 12 1 100 1 10 12 1 8 1 10 10 12 1 1 10 12 1 10 12 1 1 100 1 10 12 1 10 12 1 1 10 7 12 1 1 10 12 1 8 1 100 1 10 10 12 1 9 12 1 10 7 12 1 1 10 12 1 100 1 8 1 10 12 1 10 8 1 8 1 10 12 1 1 10 12 1 1 10 12 1 1 10 100 12 1 1 100 1 100 1 10 12 1 1 100 1 100 1 10 100 12 1 1 10 12 1 10 12 1 1 10 12 1 10 12 1 1 10 12 1 1 9 100 12 1 1 1 10 12 1 1 10 12 1 10 12 1 10 12 1 1 10 12 1 8 1 7 1 18 12 1 1 10 12 1 1 10 12 1 10 12 1 10 12 1 8 1 10 12 1 10 12 1 18 12 1 11 100 12 1 1 1 100 1 10 12 1 1 10 12 1 10 11 12 1 1 10 18 10 12 1 1 11 100 12 1 18 12 1 11 12 1 1 10 12 10 12 1 1 10 12 1 1 100 1 8 1 10 10 12 1 8 1 8 1 10 100 12 1 1 10 12 1 100 1 10 10 12 1 8 1 8 1 8 1 10 12 1 10 12 1 1 10 12 1 10 100 12 1 1 1 11 100 12 1 1 100 1 10 11 10 12 1 10 12 1 10 12 1 1 9 100 12 1 1 9 12 1 1 9 12 9 12 1 9 12 1 9 12 1 8 10 12 1 1 10 7 12 1 1 1 10 12 1 1 10 12 1 1 10 12 1 10 10 12 1 11 12 1 1 10 100 12 1 1 1 100 1 10 12 1 10 12 1 10 12 1 1 1 1 1 1 1 1 1 1 1 1 1 1 1 1 1 1 1 1 1 1 1 1 1 1 1 1 100 1 1 1 1 1 1 1 1 1 1 1 1 1 1 1 1 1 1 1 1 1 100 1 1 1 1 1 1 1 1 1 1 100 1 1 1 1 1 1 1 1 1 1 1 1 1 1 1 1 1 1 1 1 1 1 1 1 1 1 1 1 1 1 1 1 1 1 1 1 1 1 1 1 1 100 1 1 1 1 1 1 1 1 1 1 1 1 1 1 1 1 1 1 1 100 1 1 1 1 1 1 1 1 1 1 1 1 1 1 1 1 1 1 1 1 1 1 1 1 1 1 1 1 1 1 1 1 1 1 1 1 1 1 1 1 1 1 1 1 1 1 1 1 1 1 100 1 1 1 1 1 1 1 1 1 1 1 1 1 1 1 1 1 1 1 1 1 1 1 1 1 1 1 1 1 1 1 1 1 1 1 1 1 1 1 1 1 1 1 1 1 1 16 1 15 10 12 16 1 16 15 10 12 16 1 16 1 15 10 12 16 15 10 12 16 15 10 12 16 15 10 100 12 1 1 1 1 1 100 1 100 1 1
staticfield java/lang/ClassLoader nocerts [Ljava/security/cert/Certificate; 0 [Ljava/security/cert/Certificate;
staticfield java/lang/ClassLoader $assertionsDisabled Z 1
ciInstanceKlass java/lang/System 1 1 856 10 100 12 1 1 1 9 7 12 1 1 1 10 12 1 10 12 1 1 10 12 1 1 10 12 1 9 12 1 1 10 7 12 1 1 1 11 100 12 1 1 1 10 100 12 1 1 1 10 12 1 1 10 12 1 1 100 1 8 1 10 12 1 10 100 12 1 1 1 10 7 12 1 1 1 18 12 1 1 10 100 12 1 1 1 100 1 10 12 1 1 10 100 12 1 1 1 10 12 1 10 7 12 1 1 1 9 100 12 1 1 1 10 7 12 1 1 1 11 7 12 1 1 1 10 12 1 1 10 7 12 1 1 1 100 1 10 10 12 1 1 8 1 10 12 1 8 1 10 12 1 9 12 1 1 8 1 10 7 12 1 1 1 10 12 1 1 100 1 8 1 10 9 12 1 1 8 1 10 12 1 1 10 100 12 1 1 1 8 1 10 12 1 100 1 10 12 1 8 1 10 12 1 10 12 1 1 100 1 10 12 10 12 1 9 12 1 1 9 12 1 1 10 7 12 1 1 1 10 7 12 1 1 1 10 12 1 1 10 12 1 10 12 1 10 7 12 1 1 1 10 12 1 100 1 100 1 8 1 10 12 1 10 12 1 1 7 1 10 12 1 100 1 8 1 10 10 12 1 100 1 8 1 10 8 1 10 7 12 1 1 8 1 10 12 100 1 8 1 10 10 12 1 1 10 7 12 1 1 1 100 1 18 12 1 100 1 9 100 12 1 1 1 10 12 1 100 1 10 12 1 1 10 12 1 1 10 7 12 1 1 1 10 12 1 1 10 12 1 10 12 1 10 12 1 1 10 12 1 7 1 10 12 1 9 7 12 1 1 1 10 7 12 1 1 1 10 12 1 10 12 1 10 7 12 1 1 1 100 1 8 1 10 9 12 1 9 12 1 10 12 1 10 100 12 1 1 10 12 1 10 12 1 1 8 1 10 12 1 1 8 1 11 12 1 10 12 11 12 1 1 11 7 12 1 1 1 11 7 12 1 1 11 12 1 1 7 1 11 12 1 10 12 1 8 1 10 12 1 1 8 1 8 1 8 1 8 1 11 12 1 10 12 1 10 12 1 10 12 1 8 1 10 12 1 1 8 1 9 12 1 8 1 10 7 12 1 1 8 1 7 1 9 7 12 1 1 1 10 12 1 7 1 9 12 10 9 12 7 1 10 12 9 12 1 1 8 1 10 12 1 1 8 1 10 7 12 1 1 10 12 1 10 12 1 1 11 7 12 1 1 10 12 10 7 12 1 1 1 9 12 1 1 100 1 8 1 10 12 1 1 10 7 12 1 1 1 7 1 10 12 1 1 10 12 1 8 1 8 1 10 8 1 8 1 8 1 8 1 10 10 7 12 1 1 10 12 1 10 12 1 1 10 12 1 1 10 12 1 10 100 12 1 1 1 10 100 1 8 1 10 10 10 12 1 1 10 12 1 1 8 1 10 12 1 8 1 8 1 10 12 1 10 7 12 1 1 1 10 12 1 1 8 1 10 12 1 8 1 10 100 12 1 1 7 1 10 10 12 1 10 12 1 9 12 1 1 3 1 3 1 1 1 1 1 1 1 1 1 1 1 1 100 1 1 100 1 1 1 1 1 1 1 1 1 1 1 100 1 100 1 1 1 1 1 1 1 1 1 1 1 1 1 1 1 1 1 1 1 1 1 1 1 1 1 1 1 1 1 1 1 1 1 1 1 1 1 1 1 1 1 1 1 1 1 1 1 1 1 1 1 1 1 1 1 1 1 1 100 1 1 1 1 1 1 1 1 1 1 1 1 1 1 1 1 1 1 1 1 1 1 1 1 1 1 1 1 1 1 1 1 1 1 1 1 1 1 100 1 1 16 15 10 12 1 1 16 15 10 12 16 1 15 10 100 12 1 1 1 1 1 1 1 1 100 1 100 1 1 1 100 1 100 1 1
staticfield java/lang/System in Ljava/io/InputStream; java/io/BufferedInputStream
staticfield java/lang/System out Ljava/io/PrintStream; java/io/PrintStream
staticfield java/lang/System err Ljava/io/PrintStream; java/io/PrintStream
instanceKlass java/lang/Exception
instanceKlass java/lang/Error
ciInstanceKlass java/lang/Throwable 1 1 428 10 7 12 1 1 1 9 7 12 1 1 1 9 12 1 1 9 12 1 9 12 1 1 9 12 1 10 12 1 1 9 12 1 1 10 12 1 1 10 12 1 100 1 100 1 10 8 1 10 12 1 1 8 1 10 100 12 1 1 10 10 12 1 100 1 8 1 10 10 12 1 1 10 7 12 1 1 10 12 1 8 1 9 100 12 1 1 1 10 12 1 1 100 1 10 12 10 12 1 10 100 12 1 1 1 100 1 10 12 10 12 1 10 12 1 100 1 10 10 7 12 1 1 1 11 100 12 1 1 1 10 12 1 1 10 12 1 1 8 1 10 12 1 10 12 1 1 8 1 8 1 10 12 1 1 10 12 1 8 1 8 1 9 12 1 1 10 12 1 1 100 1 10 11 12 1 8 1 8 1 10 7 12 1 1 8 1 10 12 1 8 1 100 1 10 12 1 9 12 1 1 10 12 1 10 7 12 1 9 12 1 1 10 12 1 1 100 1 8 1 10 12 1 10 100 12 1 1 10 12 1 1 100 1 10 100 12 1 1 1 10 12 1 11 100 12 1 1 1 11 100 12 1 1 11 12 1 8 1 10 12 1 1 8 1 10 10 9 100 12 1 1 1 8 1 10 12 1 1 11 10 100 1 8 1 10 11 12 1 1 8 1 9 12 1 10 100 12 1 1 11 9 12 1 1 11 12 1 1 100 9 12 1 1 11 100 12 1 1 100 1 10 12 1 10 12 1 1 100 1 1 1 1 5 0 1 1 1 1 1 1 1 1 1 1 1 1 1 1 1 1 1 1 1 1 1 1 1 1 1 1 1 1 1 1 1 1 1 1 1 1 1 1 1 1 1 1 1 1 1 1 1 1 1 1 1 1 1 1 1 1 1 100 1 100 1 1 1 1 1 1 1 1 1 1 1 1 1 1 1 1 1 1 1 1 1 1 1 1 1 1 1 100 1 100 1 1
staticfield java/lang/Throwable UNASSIGNED_STACK [Ljava/lang/StackTraceElement; 0 [Ljava/lang/StackTraceElement;
staticfield java/lang/Throwable SUPPRESSED_SENTINEL Ljava/util/List; java/util/Collections$EmptyList
staticfield java/lang/Throwable EMPTY_THROWABLE_ARRAY [Ljava/lang/Throwable; 0 [Ljava/lang/Throwable;
staticfield java/lang/Throwable $assertionsDisabled Z 1
instanceKlass javax/xml/parsers/FactoryConfigurationError
instanceKlass kotlin/jvm/KotlinReflectionNotSupportedError
instanceKlass kotlin/NotImplementedError
instanceKlass java/lang/AssertionError
instanceKlass java/lang/VirtualMachineError
instanceKlass java/lang/LinkageError
ciInstanceKlass java/lang/Error 1 1 40 10 7 12 1 1 1 10 12 1 10 12 1 10 12 1 10 12 1 100 1 1 1 1 5 0 1 1 1 1 1 1 1 1 1 1 1 1 1 1
instanceKlass sun/security/ec/ECOperations$IntermediateValueException
instanceKlass sun/security/pkcs11/wrapper/PKCS11Exception
instanceKlass com/google/common/collect/RegularImmutableMap$BucketOverflowException
instanceKlass java/security/GeneralSecurityException
instanceKlass javax/xml/datatype/DatatypeConfigurationException
instanceKlass javax/xml/stream/XMLStreamException
instanceKlass java/lang/CloneNotSupportedException
instanceKlass com/sun/xml/bind/v2/model/impl/ClassInfoImpl$ConflictException
instanceKlass com/sun/xml/bind/v2/model/impl/ClassInfoImpl$DuplicateException
instanceKlass javax/activation/MimeTypeParseException
instanceKlass com/sun/xml/bind/api/AccessorException
instanceKlass javax/xml/transform/TransformerException
instanceKlass javax/xml/parsers/ParserConfigurationException
instanceKlass org/xml/sax/SAXException
instanceKlass sun/nio/fs/WindowsException
instanceKlass javax/xml/bind/JAXBException
instanceKlass java/net/URISyntaxException
instanceKlass java/lang/InterruptedException
instanceKlass java/security/PrivilegedActionException
instanceKlass com/android/prefs/AndroidLocationsException
instanceKlass java/io/IOException
instanceKlass com/android/sdklib/tool/sdkmanager/SdkManagerCliSettings$FailSilentlyException
instanceKlass com/android/sdklib/tool/sdkmanager/SdkManagerCliSettings$ShowUsageException
instanceKlass com/android/sdklib/tool/sdkmanager/SdkManagerCli$CommandFailedException
instanceKlass java/lang/ReflectiveOperationException
instanceKlass java/lang/RuntimeException
ciInstanceKlass java/lang/Exception 1 1 54 10 7 12 1 1 1 10 12 1 10 12 1 10 12 1 10 12 1 100 1 1 1 1 5 0 1 1 1 1 1 1 1 1 1 1 1 1 1 1 1 100 1 100 1 100 1 100 1 1 1 1 1 1
instanceKlass java/lang/TypeNotPresentException
instanceKlass com/sun/jna/LastErrorException
instanceKlass java/io/UncheckedIOException
instanceKlass java/security/ProviderException
instanceKlass java/lang/reflect/MalformedParameterizedTypeException
instanceKlass java/util/concurrent/RejectedExecutionException
instanceKlass java/util/NoSuchElementException
instanceKlass java/lang/IndexOutOfBoundsException
instanceKlass kotlin/NoWhenBranchMatchedException
instanceKlass java/lang/reflect/UndeclaredThrowableException
instanceKlass java/lang/SecurityException
instanceKlass kotlin/UninitializedPropertyAccessException
instanceKlass java/lang/UnsupportedOperationException
instanceKlass java/lang/IllegalStateException
instanceKlass com/android/sdklib/tool/sdkmanager/SdkManagerCli$UncheckedCommandFailedException
instanceKlass java/lang/IllegalArgumentException
instanceKlass java/lang/ArithmeticException
instanceKlass java/lang/NullPointerException
instanceKlass java/lang/IllegalMonitorStateException
instanceKlass java/lang/ArrayStoreException
instanceKlass java/lang/ClassCastException
ciInstanceKlass java/lang/RuntimeException 1 1 40 10 7 12 1 1 1 10 12 1 10 12 1 10 12 1 10 12 1 100 1 1 1 1 5 0 1 1 1 1 1 1 1 1 1 1 1 1 1 1
ciInstanceKlass java/lang/SecurityManager 0 0 576 10 100 12 1 1 1 9 100 12 1 1 1 10 100 12 1 1 1 100 1 8 1 10 12 1 10 12 1 1 10 100 12 1 1 1 10 100 1 10 100 1 10 9 100 12 1 1 1 10 100 12 1 1 1 10 12 1 1 10 100 12 1 1 100 1 8 1 10 9 12 1 1 9 12 1 8 1 9 12 1 100 1 10 8 1 10 12 1 1 10 12 1 10 12 1 1 100 1 10 10 12 1 1 100 1 8 1 10 12 1 8 1 8 1 8 1 8 1 8 1 8 1 10 12 1 8 1 8 1 8 1 8 1 8 1 10 100 12 1 1 1 10 12 1 1 8 1 100 1 8 1 10 8 1 8 1 8 1 8 1 8 1 10 100 12 1 1 8 1 100 1 8 1 8 1 10 8 1 10 12 1 100 1 8 1 10 10 12 1 1 10 12 1 10 12 1 10 12 1 10 100 12 1 1 1 10 12 1 10 100 12 1 1 11 100 12 1 1 1 18 12 1 1 11 100 12 1 1 1 18 12 1 1 11 12 1 1 18 18 11 12 1 18 12 1 11 12 1 1 9 12 1 1 9 12 1 9 12 1 9 12 1 100 1 10 100 12 1 1 10 12 1 10 12 1 18 12 1 18 10 100 12 1 1 1 18 12 1 10 12 1 18 18 8 1 10 12 1 9 12 1 1 11 100 12 1 1 1 8 1 100 1 10 12 1 10 12 1 1 10 12 1 1 9 12 1 1 10 12 1 10 12 1 1 8 1 100 1 10 9 12 1 8 1 10 12 1 8 1 100 1 10 10 100 12 1 1 10 100 1 9 100 12 1 1 1 11 12 1 1 10 12 1 11 12 1 10 12 1 100 1 10 10 12 1 1 10 12 1 1 1 1 1 1 1 1 1 1 1 100 1 1 1 1 1 1 1 1 1 1 1 1 1 1 1 1 1 1 1 1 1 1 1 1 1 1 1 1 1 1 1 1 1 1 1 1 1 1 1 1 1 1 1 1 1 1 1 1 1 1 1 1 1 1 1 1 3 1 1 1 1 1 1 1 1 1 1 100 1 1 1 1 1 1 1 1 1 1 1 1 1 1 1 1 1 1 1 1 1 1 1 1 1 1 1 1 1 1 1 1 1 1 1 1 1 1 16 15 10 100 12 1 1 1 16 1 16 15 10 12 16 1 15 10 12 16 15 11 100 1 16 1 16 1 15 10 12 16 15 10 12 16 15 10 12 1 16 1 15 11 12 1 15 10 12 16 15 10 16 1 15 10 100 12 1 1 1 1 1 1 100 1 100 1 1
ciInstanceKlass java/security/ProtectionDomain 1 1 348 10 7 12 1 1 1 9 7 12 1 1 1 7 1 10 9 12 1 1 9 12 1 1 9 12 1 1 10 7 12 1 1 7 1 9 12 1 9 12 1 1 7 1 9 12 1 1 9 12 1 10 100 12 1 1 10 100 12 1 1 1 10 12 1 1 10 12 1 9 12 1 9 100 12 1 1 10 12 1 1 10 100 1 10 12 1 1 8 1 100 1 8 1 10 12 1 10 11 10 100 12 1 1 1 10 12 1 1 8 1 11 8 1 10 12 1 8 1 8 1 10 12 1 1 10 12 1 10 12 1 1 10 12 1 8 1 10 12 1 8 1 8 1 10 100 12 1 1 1 9 100 12 1 1 1 10 12 1 1 9 100 12 1 1 1 10 100 12 1 1 1 100 1 18 12 1 1 10 100 12 1 1 1 10 100 1 10 12 1 10 12 1 1 11 100 12 1 1 11 12 1 100 1 11 100 12 1 1 1 10 12 1 10 11 12 1 1 11 12 1 1 10 12 1 10 7 12 1 1 10 100 12 1 1 11 12 1 10 12 10 12 1 8 1 8 1 10 7 12 1 1 1 7 1 10 10 7 12 1 1 1 1 1 1 1 1 1 1 100 1 1 100 1 1 1 1 1 1 1 1 1 1 1 1 1 1 1 1 1 1 1 1 1 1 1 1 1 1 1 1 1 1 1 1 1 1 1 1 1 1 1 1 1 1 1 1 100 1 1 1 1 1 1 100 1 1 16 15 10 12 16 15 10 100 12 1 1 1 1 1 1 1 100 1 100 1 1
staticfield java/security/ProtectionDomain filePermCompatInPD Z 0
ciInstanceKlass java/security/AccessControlContext 1 1 374 9 7 12 1 1 1 9 12 1 1 10 100 12 1 1 1 8 1 10 100 12 1 1 1 10 7 12 1 1 1 9 12 1 9 12 1 1 9 12 1 1 10 7 12 1 1 100 1 10 12 1 11 100 12 1 1 1 11 12 1 11 12 1 11 12 1 1 7 1 11 12 1 1 10 12 1 10 7 12 1 1 1 9 100 12 1 1 1 10 100 12 1 1 1 11 100 12 1 1 1 10 7 1 100 1 8 1 10 12 1 10 12 1 1 7 1 10 7 12 1 1 1 9 12 1 9 12 1 9 12 1 9 12 1 1 9 12 1 1 9 12 1 9 12 1 10 7 12 1 1 1 9 12 1 10 12 1 1 10 12 1 1 8 1 10 12 1 1 10 12 1 1 10 100 12 1 1 1 100 1 10 10 12 1 1 10 100 12 1 1 1 10 8 1 10 100 12 1 1 8 1 10 100 12 1 1 8 1 8 1 10 12 1 8 1 10 12 1 8 1 10 12 1 10 12 1 10 12 1 1 8 1 8 1 100 1 10 12 1 10 12 1 1 100 1 10 12 1 8 1 10 12 1 10 12 1 10 8 1 10 12 1 1 10 12 1 1 10 12 1 1 10 12 1 1 10 12 1 10 12 1 11 10 12 1 10 12 1 1 10 10 10 12 1 1 1 1 1 1 1 1 1 1 1 1 1 1 1 1 1 1 1 1 1 1 1 1 100 1 1 1 1 1 1 1 1 1 1 1 1 1 1 1 1 1 1 1 1 1 1 1 1 1 1 1 1 1 1 1 1 1 1 1 1 1 1 1 1 1 1 1 1 1 1 1 1 1 1 1 1 3 1 1
ciInstanceKlass java/security/AccessController 1 1 295 10 100 12 1 1 1 10 7 12 1 1 1 10 7 12 1 1 1 10 12 1 1 10 12 1 1 10 7 12 1 1 1 10 12 1 1 10 12 1 10 12 1 1 10 12 1 100 1 8 1 10 12 1 10 12 1 10 12 1 1 10 12 1 7 1 7 1 10 12 1 1 10 12 1 10 12 1 10 12 1 1 10 7 12 1 1 1 10 12 1 1 9 100 12 1 1 1 10 100 12 1 1 1 10 12 1 10 12 1 9 100 12 1 1 1 10 12 1 10 12 1 1 9 12 1 1 10 100 1 10 11 7 12 1 1 1 10 7 12 1 1 11 7 1 7 1 10 12 1 10 12 1 10 12 1 8 1 10 12 1 1 8 1 10 100 12 1 1 1 8 1 100 1 10 10 12 1 1 10 12 1 10 7 12 1 1 1 10 12 1 8 1 10 100 12 1 1 8 1 8 1 10 12 1 8 1 10 12 1 10 12 1 1 10 12 1 1 1 1 1 1 1 1 1 1 1 1 1 1 1 1 1 1 1 1 1 1 1 1 1 1 1 1 100 1 1 1 1 1 1 1 1 1 1 1 1 1 1 1 1 1 1 1 1 1 1 1 1 1 1 1 1 1 1 1 1 1 1 100 1 100 1 1 1 1 1 1 1 1 1 3 1 1 1
staticfield java/security/AccessController $assertionsDisabled Z 1
instanceKlass jdk/internal/loader/BuiltinClassLoader
instanceKlass java/net/URLClassLoader
ciInstanceKlass java/security/SecureClassLoader 1 1 102 10 7 12 1 1 1 7 1 10 12 1 9 7 12 1 1 1 10 12 1 10 12 1 10 12 1 1 10 12 1 1 10 12 1 7 1 10 7 1 10 12 1 7 1 10 12 1 11 7 12 1 1 1 7 1 11 12 1 10 12 1 1 1 1 1 1 1 1 1 1 1 1 1 1 1 1 1 1 1 1 1 1 1 1 1 1 1 1 1 1 1 1 1 1 1 1 100 1 1 1 1
instanceKlass java/lang/reflect/InvocationTargetException
instanceKlass java/lang/InstantiationException
instanceKlass java/lang/IllegalAccessException
instanceKlass java/lang/NoSuchFieldException
instanceKlass java/lang/NoSuchMethodException
instanceKlass java/lang/ClassNotFoundException
ciInstanceKlass java/lang/ReflectiveOperationException 1 1 34 10 7 12 1 1 1 10 12 1 10 12 1 10 12 1 100 1 1 1 1 5 0 1 1 1 1 1 1 1 1 1 1 1
ciInstanceKlass java/lang/ClassNotFoundException 1 1 96 7 1 10 7 12 1 1 1 10 12 1 10 12 1 1 10 100 12 1 1 1 8 1 10 100 12 1 1 1 10 7 12 1 1 10 100 12 1 1 1 10 100 12 1 1 1 10 12 1 1 7 1 10 12 1 9 12 1 1 1 1 1 5 0 1 1 1 1 1 1 1 1 1 1 1 1 1 1 1 1 1 1 100 1 1 1 1 1 1 1 1 1 1 1 1
staticfield java/lang/ClassNotFoundException serialPersistentFields [Ljava/io/ObjectStreamField; 1 [Ljava/io/ObjectStreamField;
instanceKlass jdk/net/UnixDomainPrincipal
instanceKlass jdk/internal/misc/ThreadTracker$ThreadRef
instanceKlass java/nio/DirectByteBuffer$Deallocator
instanceKlass java/io/IoOverNioFileSystem$StreamInitializationBundle
instanceKlass java/util/stream/Collectors$CollectorImpl
instanceKlass java/lang/reflect/Proxy$ProxyBuilder$ProxyClassContext
instanceKlass java/security/SecureClassLoader$CodeSourceKey
instanceKlass jdk/internal/reflect/ReflectionFactory$Config
instanceKlass jdk/internal/foreign/abi/UpcallLinker$CallRegs
instanceKlass jdk/internal/foreign/abi/VMStorage
ciInstanceKlass java/lang/Record 1 1 22 10 7 12 1 1 1 100 1 1 1 1 1 1 1 1 1 1 1 1 1 1
instanceKlass java/lang/UnsatisfiedLinkError
instanceKlass java/lang/ExceptionInInitializerError
instanceKlass java/lang/IncompatibleClassChangeError
instanceKlass java/lang/BootstrapMethodError
instanceKlass java/lang/NoClassDefFoundError
ciInstanceKlass java/lang/LinkageError 1 1 31 10 7 12 1 1 1 10 12 1 10 12 1 100 1 1 1 1 5 0 1 1 1 1 1 1 1 1 1 1 1
ciInstanceKlass java/lang/NoClassDefFoundError 0 0 26 10 100 12 1 1 1 10 12 1 100 1 1 1 1 5 0 1 1 1 1 1 1 1 1 1
ciInstanceKlass java/lang/ClassCastException 1 1 26 10 100 12 1 1 1 10 12 1 100 1 1 1 1 5 0 1 1 1 1 1 1 1 1 1
ciInstanceKlass java/lang/ArrayStoreException 1 1 26 10 100 12 1 1 1 10 12 1 100 1 1 1 1 5 0 1 1 1 1 1 1 1 1 1
instanceKlass java/lang/StackOverflowError
instanceKlass java/lang/OutOfMemoryError
instanceKlass java/lang/InternalError
ciInstanceKlass java/lang/VirtualMachineError 1 1 34 10 100 12 1 1 1 10 12 1 10 12 1 10 12 1 100 1 1 1 1 5 0 1 1 1 1 1 1 1 1 1 1 1
ciInstanceKlass java/lang/InternalError 0 0 34 10 100 12 1 1 1 10 12 1 10 12 1 10 12 1 100 1 1 1 1 5 0 1 1 1 1 1 1 1 1 1 1 1
ciInstanceKlass java/lang/OutOfMemoryError 1 1 26 10 100 12 1 1 1 10 12 1 100 1 1 1 1 5 0 1 1 1 1 1 1 1 1 1
ciInstanceKlass java/lang/StackOverflowError 1 1 26 10 100 12 1 1 1 10 12 1 100 1 1 1 1 5 0 1 1 1 1 1 1 1 1 1
ciInstanceKlass java/lang/IllegalMonitorStateException 1 1 26 10 100 12 1 1 1 10 12 1 100 1 1 1 1 5 0 1 1 1 1 1 1 1 1 1
instanceKlass java/lang/ref/PhantomReference
instanceKlass java/lang/ref/FinalReference
instanceKlass java/lang/ref/WeakReference
instanceKlass java/lang/ref/SoftReference
ciInstanceKlass java/lang/ref/Reference 1 1 190 9 7 12 1 1 1 9 7 12 1 1 10 12 1 1 10 12 1 1 9 12 1 1 10 12 1 1 9 12 1 1 9 12 1 1 7 1 10 12 1 10 7 12 1 1 10 12 1 10 12 1 1 10 12 1 7 1 8 1 10 12 1 1 7 1 10 12 1 1 10 12 1 1 10 12 1 9 12 1 10 12 1 1 10 12 1 10 12 1 9 12 1 100 1 100 1 10 12 9 12 1 9 12 1 100 1 10 10 12 1 10 10 7 12 1 1 7 1 10 10 7 12 1 1 1 1 1 1 1 1 1 1 1 1 1 1 1 1 1 1 1 100 1 1 1 100 1 1 1 1 1 1 1 1 1 1 1 1 1 1 1 1 1 1 1 1 1 1 1 1 1 1 1 1 1 1 1 1 1 1 1 100 1 100 1 100 1 1 1
staticfield java/lang/ref/Reference processPendingLock Ljava/lang/Object; java/lang/Object
staticfield java/lang/ref/Reference $assertionsDisabled Z 1
instanceKlass sun/security/util/MemoryCache$SoftCacheEntry
instanceKlass sun/util/locale/provider/LocaleResources$ResourceReference
instanceKlass sun/util/resources/Bundles$BundleReference
instanceKlass sun/util/locale/LocaleObjectCache$CacheEntry
instanceKlass java/lang/invoke/LambdaFormEditor$Transform
ciInstanceKlass java/lang/ref/SoftReference 1 1 47 10 7 12 1 1 1 9 7 12 1 1 1 9 12 1 10 12 1 10 12 1 1 1 1 1 1 1 1 1 1 1 1 1 1 1 1 1 1 1 1 100 1 1 1 1 1
instanceKlass com/sun/jna/CallbackReference
instanceKlass javax/crypto/JceSecurity$WeakIdentityWrapper
instanceKlass java/util/logging/LogManager$LoggerWeakRef
instanceKlass java/util/logging/Level$KnownLevel
instanceKlass java/lang/WeakPairMap$WeakRefPeer
instanceKlass java/lang/ClassValue$Entry
instanceKlass jdk/internal/util/WeakReferenceKey
instanceKlass java/lang/ThreadLocal$ThreadLocalMap$Entry
instanceKlass java/util/WeakHashMap$Entry
ciInstanceKlass java/lang/ref/WeakReference 1 1 31 10 7 12 1 1 1 10 12 1 100 1 1 1 1 1 1 1 1 1 1 1 1 1 1 1 1 1 1 1 1
instanceKlass java/lang/ref/Finalizer
ciInstanceKlass java/lang/ref/FinalReference 1 1 50 10 7 12 1 1 1 10 7 12 1 1 1 10 12 1 1 100 1 8 1 10 12 1 1 1 1 1 1 1 1 1 1 1 1 1 1 1 1 1 1 1 1 1 1 1 1 1 100 1
instanceKlass jdk/internal/ref/Cleaner
instanceKlass jdk/internal/ref/PhantomCleanable
ciInstanceKlass java/lang/ref/PhantomReference 1 1 39 10 100 12 1 1 1 10 7 12 1 1 1 1 1 1 1 1 1 1 1 1 1 1 1 1 1 1 1 1 1 1 1 1 1 1 1 1 1
ciInstanceKlass java/lang/ref/Finalizer 1 1 155 9 7 12 1 1 1 10 7 12 1 1 1 9 12 1 1 9 12 1 1 9 12 1 9 12 1 9 12 1 1 10 12 1 100 1 8 1 10 12 1 10 12 1 1 9 12 1 100 1 10 12 1 7 1 11 7 12 1 1 10 12 1 100 1 10 12 1 100 1 10 12 1 10 100 12 1 1 1 10 100 12 1 1 1 100 1 10 10 12 1 7 1 10 12 1 7 1 10 12 1 1 10 12 1 1 10 12 1 10 7 12 1 1 1 7 1 10 7 1 10 10 12 1 1 1 1 1 1 1 1 1 1 1 1 1 1 1 1 1 1 1 1 1 1 1 1 1 1 1 1 1 1 1 1
staticfield java/lang/ref/Finalizer lock Ljava/lang/Object; java/lang/Object
staticfield java/lang/ref/Finalizer ENABLED Z 1
staticfield java/lang/ref/Finalizer $assertionsDisabled Z 1
ciInstanceKlass java/lang/Runnable 1 0 11 100 1 100 1 1 1 1 1 1 1
instanceKlass java/util/logging/LogManager$Cleaner
instanceKlass java/util/concurrent/ForkJoinWorkerThread
instanceKlass java/lang/ref/Finalizer$FinalizerThread
instanceKlass java/lang/ref/Reference$ReferenceHandler
instanceKlass jdk/internal/misc/InnocuousThread
instanceKlass java/lang/BaseVirtualThread
ciInstanceKlass java/lang/Thread 1 1 870 10 7 12 1 1 1 9 12 1 1 10 7 12 1 1 10 12 1 10 100 12 1 1 100 1 8 1 10 12 1 1 9 12 1 9 12 1 1 9 12 1 1 7 1 10 12 1 1 10 12 1 10 7 12 1 1 1 10 12 9 12 1 1 10 12 1 100 1 10 12 1 100 1 8 1 10 9 7 12 1 1 1 10 12 1 1 10 12 1 1 10 12 1 1 10 12 1 10 12 1 1 3 8 1 100 1 5 0 10 7 12 1 1 1 9 12 1 10 12 1 1 10 7 12 1 1 1 10 7 12 1 1 1 10 12 1 1 10 12 1 1 9 12 1 1 10 100 1 8 1 10 7 1 10 12 1 9 12 1 1 10 100 12 1 1 1 10 10 12 1 1 9 100 12 1 1 1 10 12 1 1 10 12 1 1 10 7 12 1 1 10 12 1 10 12 1 10 7 12 1 1 9 12 1 10 7 12 1 1 1 10 12 1 1 9 12 1 1 9 12 1 1 10 7 12 1 1 1 9 12 1 1 10 100 12 1 1 10 100 12 1 1 1 10 12 1 10 12 1 10 7 12 1 1 9 12 1 8 1 9 100 12 1 1 9 12 1 1 5 0 100 1 10 100 1 10 100 1 10 100 1 10 8 1 10 12 1 1 10 100 12 1 10 12 1 10 12 1 100 1 8 1 10 10 12 1 10 12 1 1 10 100 12 1 1 1 10 100 12 1 1 1 10 12 1 7 1 9 12 1 1 100 1 10 10 12 1 9 12 1 1 10 12 1 1 10 12 1 1 10 12 1 10 12 1 9 12 1 1 10 10 12 1 1 10 12 1 1 11 7 12 1 1 10 7 12 1 1 9 12 1 9 12 1 1 9 12 1 1 10 100 12 1 1 10 12 1 1 9 7 12 1 1 1 10 7 12 1 1 10 12 1 10 12 1 100 1 10 10 12 9 12 1 1 10 12 1 11 100 12 1 1 10 12 1 10 12 1 10 12 1 9 12 1 10 10 12 1 10 12 1 1 9 12 1 9 12 10 12 1 8 1 10 12 1 10 12 1 10 12 1 10 12 1 10 12 1 1 10 12 1 10 12 1 1 10 12 1 10 12 1 10 12 1 10 12 1 10 12 1 1 9 7 12 1 1 1 8 1 10 9 12 1 10 12 1 100 1 8 1 10 10 12 1 8 1 10 12 1 1 9 12 10 12 8 1 10 10 12 1 10 12 1 8 1 10 12 1 10 8 1 10 100 12 1 1 10 12 1 1 100 1 8 1 10 9 12 1 9 12 1 1 10 12 1 1 10 10 12 1 10 12 1 100 10 7 12 1 1 1 9 12 1 10 12 1 1 10 12 1 1 10 100 12 1 1 1 11 100 12 1 1 1 9 100 12 1 1 1 10 100 12 1 1 1 100 1 10 12 1 100 1 10 12 1 10 12 1 1 10 12 1 1 8 1 9 12 1 10 12 1 10 12 1 1 11 100 12 1 1 1 10 12 1 1 1 1 3 1 3 1 3 1 3 1 1 1 1 1 1 1 1 1 1 1 1 1 1 1 1 1 1 1 1 1 100 1 1 1 1 1 1 1 1 1 1 1 1 1 1 1 1 1 1 1 1 1 1 100 1 1 1 1 1 1 1 1 1 1 1 1 1 1 1 1 100 1 100 1 1 1 1 1 1 1 1 1 1 1 1 1 1 1 1 1 1 1 1 1 1 1 1 1 1 1 1 1 1 1 1 1 1 1 1 1 1 1 1 1 1 1 1 1 1 1 1 1 1 1 1 1 1 1 1 1 1 1 1 1 1 1 1 1 1 1 1 1 1 1 1 1 1 1 1 100 100 1 1 1 1 1 1 1 1 1 1 1 1 1 1 1 1 1 1 1 1 1 1 1 1 1 1 100 1 100 1 100 1 100 1 100 1 1 100 1 1 1 1 1 1 1 1 1 1 1 1 1 1 1
staticfield java/lang/Thread NEW_THREAD_BINDINGS Ljava/lang/Object; java/lang/Class
staticfield java/lang/Thread EMPTY_STACK_TRACE [Ljava/lang/StackTraceElement; 0 [Ljava/lang/StackTraceElement;
ciInstanceKlass java/lang/Thread$FieldHolder 1 1 48 10 7 12 1 1 1 9 7 12 1 1 1 9 12 1 1 9 12 1 1 9 12 1 1 9 12 1 1 1 1 1 1 1 1 1 1 100 1 100 1 1 1 1 100 1 1 1
ciInstanceKlass java/lang/Thread$Constants 0 0 59 100 1 10 100 12 1 1 1 100 1 10 10 100 12 1 1 1 100 1 8 1 10 12 1 9 100 12 1 1 1 100 1 100 1 10 12 1 10 12 1 9 12 1 1 1 1 1 1 1 1 1 1 1 1 1 1 1 1
ciInstanceKlass java/lang/Thread$UncaughtExceptionHandler 1 0 16 100 1 100 1 1 1 1 1 1 1 1 100 1 1 1
ciInstanceKlass java/lang/ThreadGroup 1 1 411 10 7 12 1 1 1 9 7 12 1 1 1 8 1 9 12 1 1 100 1 9 12 1 1 9 12 1 1 10 7 12 1 1 1 10 12 1 1 10 12 1 10 12 1 10 12 1 10 12 1 1 10 12 1 1 10 12 1 10 12 1 1 10 12 1 10 12 1 10 100 12 1 1 1 10 12 1 1 18 12 1 1 11 100 12 1 1 1 10 7 12 1 1 1 10 100 12 1 10 12 1 1 10 12 1 1 10 12 1 1 10 100 12 1 1 1 10 12 1 11 12 1 1 11 100 12 1 1 11 12 1 1 10 12 1 1 10 12 1 10 12 1 11 12 1 11 12 1 1 100 1 10 10 12 1 100 1 10 18 12 1 1 11 100 12 1 1 1 11 12 1 1 9 12 1 1 10 12 1 1 8 1 10 100 12 1 1 1 10 100 12 1 1 1 10 12 1 1 11 12 10 12 1 1 10 12 1 1 11 100 1 9 12 1 100 1 10 8 1 10 12 1 1 10 12 1 1 8 1 10 12 1 10 100 12 1 1 1 10 12 1 1 10 7 1 8 1 10 8 1 10 12 1 10 12 1 8 1 9 12 1 1 9 12 1 10 100 12 1 1 1 100 9 12 1 1 100 1 9 12 1 10 12 10 12 1 1 100 10 12 9 12 1 10 12 1 100 1 10 11 12 1 1 100 1 10 10 12 1 10 12 1 1 1 1 1 1 1 1 1 1 1 1 1 1 1 1 1 1 3 1 1 1 1 1 1 1 1 1 1 1 1 100 1 1 1 1 1 1 1 1 1 1 1 1 1 1 1 1 1 1 1 1 1 1 1 1 1 1 1 1 1 1 1 1 1 1 1 1 1 1 1 1 1 1 1 16 15 10 12 16 16 15 10 12 16 15 10 100 12 1 1 1 1 1 100 1 100 1 1
staticfield java/lang/ThreadGroup $assertionsDisabled Z 1
instanceKlass java/lang/ThreadBuilders$BoundVirtualThread
instanceKlass java/lang/VirtualThread
ciInstanceKlass java/lang/BaseVirtualThread 0 0 36 10 100 12 1 1 1 100 1 1 1 1 1 1 1 1 1 1 1 1 1 1 1 1 1 1 1 1 100 1 100 1 1 100 1 1
ciInstanceKlass java/lang/VirtualThread 0 0 907 9 100 12 1 1 1 10 100 12 1 1 1 10 100 12 1 1 1 10 100 12 1 1 1 9 12 1 1 9 12 1 1 100 1 10 12 1 9 12 1 1 18 12 1 1 9 12 1 1 10 12 1 1 100 1 10 12 1 10 12 1 1 10 12 1 1 10 12 1 1 10 12 1 10 100 12 1 10 12 1 10 12 1 10 12 1 10 12 1 11 100 12 1 1 1 100 1 10 12 1 1 10 100 12 1 1 1 10 100 12 1 1 1 10 12 1 100 1 10 10 12 1 10 12 1 1 9 12 1 1 10 12 1 1 9 12 1 1 10 12 1 9 12 1 1 9 12 1 100 1 10 10 12 1 10 100 12 1 1 10 9 10 10 12 1 1 10 12 1 1 10 100 12 1 1 10 100 1 10 9 10 10 12 1 100 1 10 12 1 1 10 12 1 10 12 1 10 12 1 1 9 12 1 10 12 1 10 12 1 9 12 1 1 10 12 1 10 12 1 9 12 1 1 10 12 1 10 12 1 10 12 1 11 100 12 1 1 10 12 1 1 10 12 1 1 10 12 1 1 9 12 1 10 100 1 10 12 1 1 10 12 1 1 10 12 1 10 12 1 10 12 1 10 12 9 12 1 1 10 100 12 1 1 10 12 1 10 12 1 1 10 100 12 1 1 10 12 1 100 1 8 1 10 12 1 10 12 1 1 10 12 1 10 12 1 10 100 12 1 1 10 12 1 10 12 1 1 10 12 1 10 12 1 1 10 100 12 1 1 10 12 1 1 10 12 1 1 100 1 10 10 12 1 100 1 9 12 1 1 10 100 12 1 1 10 9 12 1 1 18 9 100 12 1 1 1 11 100 12 1 1 1 11 100 1 11 12 10 12 1 10 12 1 1 10 12 1 100 1 10 10 12 1 10 12 1 1 10 12 1 1 10 12 1 10 12 1 10 12 1 9 12 1 1 11 100 12 1 1 10 12 9 100 12 1 1 1 9 12 1 10 12 1 1 9 12 1 9 12 1 9 12 1 100 1 10 10 12 1 1 10 12 1 10 12 100 1 100 1 10 8 1 10 12 1 1 10 12 1 10 12 1 10 10 12 1 8 1 10 10 12 1 10 12 1 10 100 12 1 1 8 1 8 1 10 9 100 12 1 1 1 10 12 1 1 10 12 1 10 10 10 12 9 12 1 10 12 1 1 9 12 1 10 12 1 1 9 12 1 10 12 1 1 18 12 1 1 18 12 1 10 100 12 1 1 1 8 1 10 100 12 1 1 1 10 100 12 1 1 1 18 12 1 10 100 12 1 1 1 100 1 10 12 1 8 1 10 12 1 8 1 10 12 1 1 8 1 8 1 10 100 12 1 1 8 1 10 12 1 8 1 8 1 10 100 12 1 1 1 10 12 1 10 12 1 1 10 12 1 18 12 1 1 18 12 1 1 5 0 9 12 1 10 12 1 18 12 1 100 1 10 12 10 100 12 1 1 10 12 1 1 100 1 8 1 10 10 12 1 10 12 1 1 10 12 1 9 12 1 8 10 12 1 1 8 8 9 12 1 8 10 12 1 1 3 1 3 1 3 1 3 1 3 1 3 1 3 1 3 1 3 1 3 1 3 1 3 3 1 3 1 1 1 1 1 1 1 1 1 1 1 1 1 1 100 1 1 1 1 1 1 1 1 1 1 1 1 1 1 100 1 1 1 1 1 1 1 1 1 1 1 100 1 1 1 1 1 1 1 1 1 1 1 1 1 1 1 1 1 1 1 1 1 1 1 1 1 1 1 1 1 1 1 1 1 1 1 1 1 1 1 100 1 1 1 1 1 1 1 1 1 1 1 1 1 1 1 1 1 1 1 1 1 1 1 1 1 1 1 1 1 1 1 1 1 1 1 100 1 1 1 1 1 1 1 1 1 1 1 1 1 1 100 1 1 16 15 10 12 15 16 15 10 12 16 15 10 12 16 16 15 10 12 16 15 10 12 16 15 10 12 16 15 10 12 16 1 15 10 100 12 1 1 1 1 1 1 1 100 1 1 100 1 100 1 1
ciInstanceKlass java/lang/ThreadBuilders$BoundVirtualThread 0 0 132 10 100 12 1 1 1 9 100 12 1 1 1 10 100 12 1 1 1 9 12 1 1 10 12 1 1 10 12 1 1 9 12 1 1 10 100 12 1 1 1 10 12 1 1 100 1 8 1 10 12 1 10 12 1 1 10 12 1 1 10 12 1 1 10 100 12 1 1 1 8 1 10 12 1 8 1 10 12 1 1 10 100 12 1 1 9 100 12 1 1 1 10 12 1 1 10 10 12 1 1 1 1 1 1 1 1 1 1 1 1 1 1 1 1 1 1 1 1 1 1 1 1 1 1 1 1 100 1 1 1 1
ciInstanceKlass java/util/Map 1 1 263 11 7 12 1 1 1 11 12 1 1 10 7 12 1 1 11 12 1 1 11 7 12 1 1 1 11 100 12 1 1 1 11 12 1 1 7 1 11 12 1 11 12 1 100 1 100 1 10 12 1 1 11 100 12 1 1 1 11 100 12 1 1 1 11 12 1 11 12 1 10 12 1 1 11 12 1 11 7 12 1 9 7 12 1 1 1 7 1 10 12 7 1 7 1 10 12 1 7 1 10 7 1 11 12 1 11 12 1 1 11 12 1 1 7 1 11 12 1 1 1 1 1 1 1 1 1 1 1 1 1 1 1 1 1 1 1 1 1 1 1 1 1 1 1 1 1 1 1 1 1 1 1 1 1 1 1 1 1 1 1 1 1 1 1 1 1 1 1 1 1 1 1 1 1 1 1 1 1 1 1 1 1 1 1 1 1 1 1 1 1 1 1 1 1 1 1 1 1 1 1 1 1 1 1 1 1 1 1 1 1 1 1 1 1 1 1 1 1 1 1 1 1 1 1 1 1 1 1 1 1 1 1 1 1 1 1 1 1 1 1 1 1 1 100 1 1 1 1 1 1 1 1 1 1 1 1 1 1 1 1 1 1
instanceKlass java/util/Hashtable
ciInstanceKlass java/util/Dictionary 1 1 36 10 7 12 1 1 1 100 1 1 1 1 1 1 1 1 1 1 1 1 1 1 1 1 1 1 1 1 1 1 1 1 1 1 1 1
instanceKlass java/util/Properties
ciInstanceKlass java/util/Hashtable 1 1 516 100 1 10 7 12 1 1 1 9 7 12 1 1 1 100 1 100 1 10 8 1 10 12 1 1 10 12 1 10 12 1 1 10 12 1 10 7 12 1 1 1 8 1 10 12 1 9 12 1 1 7 1 9 12 1 1 4 10 7 12 1 1 1 9 12 1 4 10 12 1 11 100 12 1 1 1 10 12 1 1 10 12 1 1 9 12 1 10 12 1 1 100 1 10 9 12 1 1 10 7 12 1 1 1 9 12 1 1 10 12 1 10 12 1 3 9 12 1 9 12 1 3 10 12 1 10 12 1 10 12 1 1 11 12 1 1 11 100 12 1 1 1 11 100 12 1 1 1 11 12 1 100 1 11 12 1 11 12 1 10 12 1 1 10 12 1 1 10 12 1 9 12 1 1 9 12 9 12 1 1 10 100 1 100 1 10 12 1 10 8 1 10 10 12 1 8 1 10 8 1 10 100 12 1 1 1 7 1 10 12 1 10 12 1 100 1 10 12 1 10 12 1 1 100 1 10 100 1 10 10 12 1 1 11 12 1 1 11 12 1 100 1 10 10 10 100 12 1 1 11 100 12 1 1 1 100 1 10 11 100 12 1 1 11 100 12 1 10 12 1 10 12 1 1 10 100 12 1 1 10 12 1 1 10 12 1 1 10 12 1 1 10 100 12 1 1 1 8 10 100 12 1 1 100 1 8 1 10 4 4 10 12 1 1 10 12 1 8 1 4 10 12 10 100 12 1 1 1 100 1 11 100 12 1 1 1 10 100 12 1 1 1 10 12 1 10 12 1 1 10 100 1 100 1 1 1 1 1 1 5 0 1 1 1 1 1 3 1 3 1 3 1 1 1 1 1 1 1 1 1 1 1 1 1 1 1 1 1 1 1 1 1 1 1 1 1 100 1 1 1 1 1 1 1 1 1 1 1 1 1 1 1 1 1 1 1 1 1 1 1 1 1 1 1 1 1 100 1 1 1 1 1 1 1 1 1 1 1 1 1 1 100 1 1 1 1 1 1 1 1 1 1 1 1 1 1 1 1 1 1 1 1 1 1 1 1 1 1 1 1 1 1 1 1 1 1 1 1 1 1 1 1 1 1 1 1 100 1 1 1 100 1 1 1 1 1 100 1 1 1 1 1 1 1 1 1 1 1 1 1 1 1 1 1 1
instanceKlass java/security/Provider
ciInstanceKlass java/util/Properties 1 1 690 10 7 12 1 1 1 100 1 10 7 12 1 1 7 1 10 12 1 9 12 1 1 9 12 1 1 9 12 1 1 10 7 12 1 1 1 10 12 1 1 8 1 10 7 12 1 1 1 7 1 10 12 1 10 12 1 1 8 1 10 12 1 7 1 10 12 10 12 1 1 9 12 1 1 10 12 1 1 7 1 10 12 1 10 12 1 10 12 1 1 100 1 8 1 10 12 1 10 12 1 10 12 1 1 10 12 1 100 1 3 10 10 7 12 1 1 1 10 12 1 10 12 1 1 8 1 10 12 1 10 12 1 1 8 1 10 7 12 1 1 10 12 1 1 10 12 1 10 12 1 1 100 1 10 12 1 10 12 1 1 7 1 9 7 12 1 1 1 10 12 1 10 12 1 1 10 12 1 1 10 12 1 1 7 1 9 12 1 1 7 1 7 1 10 12 1 7 1 11 7 12 1 1 1 11 12 1 1 11 7 12 1 1 1 11 7 12 1 1 1 11 12 1 1 11 12 1 11 12 1 10 12 1 1 8 1 10 12 1 10 7 12 1 1 10 12 1 7 1 10 10 12 1 10 12 1 100 1 10 10 12 1 1 10 100 12 1 1 9 100 12 1 1 10 12 1 1 10 100 12 1 1 1 100 1 100 1 100 1 10 8 1 8 1 10 12 1 10 12 1 10 12 1 1 10 10 12 1 1 10 12 1 1 7 1 10 10 12 1 11 7 12 1 1 10 7 12 1 1 1 8 1 10 100 12 1 1 11 11 7 1 8 1 10 100 1 11 10 12 1 10 10 12 1 10 12 1 1 10 12 1 1 10 12 1 1 10 12 1 10 12 1 10 10 12 1 10 12 1 10 12 1 10 10 12 1 1 10 12 1 1 10 10 12 1 10 12 1 10 12 1 10 12 1 10 12 1 1 10 12 1 1 10 12 1 10 12 1 10 12 1 1 10 12 10 12 1 1 10 12 1 1 10 12 1 10 12 1 1 10 12 1 1 10 12 10 11 12 1 4 11 10 12 1 1 10 100 12 1 1 11 12 1 10 12 1 1 10 100 12 1 1 10 12 1 100 1 8 1 10 12 1 10 10 100 12 1 1 1 100 1 6 0 10 12 1 1 11 100 12 1 1 1 10 12 1 10 12 1 1 1 1 1 5 0 1 1 1 1 1 1 1 1 1 1 1 1 1 1 1 1 1 1 1 1 1 1 1 1 1 1 1 1 1 1 1 1 1 1 1 1 1 1 1 100 1 1 1 1 1 1 1 1 1 1 1 1 1 1 1 1 1 1 1 1 100 1 1 1 1 1 1 1 1 1 1 1 1 100 1 100 1 1 1 1 1 100 1 1 1 1 1 1 1 1 1 1 1 1 1 1 1 1 1 1 1 1 1 1 1 1 1 1 1 1 1 1 1 1 1 1 1 1 1 1 1 1 1 1 1 1 1 1 1 1 1 1 1 1 1 1 1 1 1 1 1 1 1 1 1 1 1 1 1 1 1 1 1 1 1 1 1 1 1 100 1 1 1 1 1 1 1 1 1 1 1 100 1 1
staticfield java/util/Properties UNSAFE Ljdk/internal/misc/Unsafe; jdk/internal/misc/Unsafe
ciInstanceKlass java/lang/Module 1 1 1070 10 7 12 1 1 1 9 7 12 1 1 1 10 7 12 1 1 1 9 12 1 9 12 1 1 9 12 1 1 10 12 1 1 10 12 1 10 12 1 1 10 7 12 1 1 1 7 1 10 7 12 1 1 1 10 12 1 1 11 7 12 1 1 1 10 12 1 1 10 7 12 1 1 1 10 12 1 1 10 7 12 1 1 1 9 100 12 1 1 1 10 100 12 1 1 1 10 12 1 8 1 10 7 12 1 1 1 10 7 12 1 1 1 10 7 12 1 1 1 10 12 1 10 12 1 9 12 1 1 10 100 12 1 1 100 1 100 1 10 8 1 10 12 1 1 10 12 1 10 12 10 12 1 10 7 12 1 1 8 1 8 1 10 8 1 8 1 9 12 1 1 8 1 10 100 12 1 1 1 10 12 1 9 12 1 1 11 12 1 9 7 12 1 1 10 7 12 1 1 1 10 100 12 1 1 1 10 12 1 1 8 1 10 12 1 1 10 12 1 10 12 1 1 9 7 12 1 1 1 10 12 1 1 10 12 1 1 9 12 1 10 12 1 10 12 1 9 12 1 1 11 7 12 1 1 10 12 1 1 9 12 1 9 12 1 10 12 1 10 12 1 100 1 8 1 10 10 12 1 1 10 12 1 8 1 10 12 1 1 8 1 8 1 10 12 1 1 10 12 1 10 12 1 1 18 12 1 1 10 12 1 1 11 12 1 9 12 1 11 12 10 100 12 1 1 100 1 8 1 10 11 12 1 1 10 7 12 1 1 1 10 12 1 10 12 1 1 11 12 1 1 11 7 12 1 1 11 12 1 1 9 12 1 11 12 1 10 12 1 1 10 12 1 1 9 12 1 10 12 10 7 12 1 1 10 7 1 18 12 1 1 11 100 12 1 1 1 18 12 1 11 12 1 1 10 100 12 1 1 1 11 12 1 1 10 7 12 1 1 7 1 11 12 1 7 1 7 1 10 12 1 10 7 12 1 1 1 10 11 7 12 1 8 1 10 10 12 1 1 10 7 12 1 1 10 12 1 10 12 1 7 1 10 12 1 10 11 12 1 1 10 12 10 12 1 1 9 12 1 1 100 1 10 10 12 1 1 11 7 1 10 12 1 1 11 12 1 10 10 12 1 11 10 12 1 1 10 12 1 1 10 12 1 1 10 7 12 1 1 10 12 1 10 12 1 1 10 10 12 1 1 10 12 1 18 12 1 11 12 1 18 12 1 10 12 1 10 12 1 10 12 7 1 10 12 1 10 12 1 10 12 1 9 12 1 7 1 10 10 10 10 12 1 10 12 1 10 12 1 10 12 1 1 10 12 1 1 10 12 1 9 12 1 18 12 1 1 10 100 12 1 1 1 100 1 8 1 10 12 1 1 10 12 1 1 10 100 12 1 1 100 1 10 12 1 1 100 1 8 1 10 12 1 1 100 1 11 12 1 1 10 100 12 1 1 1 18 12 1 1 11 100 12 1 1 1 100 1 10 12 1 10 12 1 1 100 1 100 1 10 12 8 1 10 12 1 1 10 12 1 1 10 100 12 1 1 10 12 1 1 10 12 1 10 12 10 12 1 1 100 1 10 10 12 1 1 10 100 12 1 1 1 100 1 10 12 1 1 10 100 12 1 1 8 1 18 12 1 1 100 1 100 1 9 12 1 1 9 12 1 9 12 1 11 100 12 1 1 1 100 1 11 12 1 1 100 1 10 12 1 8 1 10 12 1 10 12 10 12 1 8 1 10 10 100 12 1 1 7 1 10 10 12 1 10 7 12 1 1 9 12 1 9 12 1 9 12 1 9 12 1 10 12 11 12 1 10 12 1 100 1 1 1 1 1 1 1 1 1 1 1 1 1 1 1 1 1 1 1 100 1 1 1 1 1 1 1 1 1 1 1 1 1 1 1 1 1 1 1 1 1 1 1 1 1 1 1 1 1 1 1 1 1 1 1 1 1 1 1 1 1 1 1 1 1 1 1 1 1 1 1 1 1 1 1 1 1 1 1 1 1 1 1 1 1 1 1 1 1 1 1 1 1 1 1 1 1 1 1 1 1 1 1 1 1 1 1 1 1 1 1 1 1 1 1 100 100 1 1 1 1 1 1 1 1 1 1 1 1 1 1 1 1 1 1 1 1 1 1 1 1 1 1 1 100 1 100 1 1 1 1 1 1 1 1 1 1 1 1 1 1 1 1 1 1 1 1 100 1 1 1 1 1 1 1 1 1 1 1 1 1 1 1 1 1 1 1 1 1 1 1 16 15 10 12 16 16 15 10 12 16 16 15 10 16 1 15 10 12 16 1 15 10 12 16 1 16 15 10 12 16 16 1 15 10 12 16 15 10 7 12 1 1 1 15 10 100 12 1 1 1 1 1 1 1 1 1 1 1 100 1 100 1 1 100 1 100 1 1
staticfield java/lang/Module ALL_UNNAMED_MODULE Ljava/lang/Module; java/lang/Module
staticfield java/lang/Module ALL_UNNAMED_MODULE_SET Ljava/util/Set; java/util/ImmutableCollections$Set12
staticfield java/lang/Module EVERYONE_MODULE Ljava/lang/Module; java/lang/Module
staticfield java/lang/Module EVERYONE_SET Ljava/util/Set; java/util/ImmutableCollections$Set12
staticfield java/lang/Module $assertionsDisabled Z 1
instanceKlass java/lang/reflect/Executable
instanceKlass java/lang/reflect/Field
ciInstanceKlass java/lang/reflect/AccessibleObject 1 1 400 10 7 12 1 1 1 9 100 12 1 1 1 10 100 12 1 1 1 10 7 12 1 1 10 7 12 1 1 1 10 100 12 1 1 1 10 12 1 1 10 12 1 1 9 12 1 1 100 1 10 7 12 1 1 1 11 12 1 100 1 10 12 1 7 1 100 1 10 12 1 10 12 1 1 10 12 1 1 10 12 1 1 10 12 1 1 7 1 10 100 12 1 1 1 10 12 1 1 11 10 7 12 1 1 1 10 12 1 1 10 12 1 10 12 1 10 12 1 1 10 12 1 8 1 100 1 100 1 10 10 12 1 1 8 1 10 12 1 10 12 1 8 1 8 1 8 1 8 1 8 1 8 1 8 1 8 1 8 1 100 1 10 12 1 10 12 1 9 12 1 1 10 12 1 1 10 12 1 10 100 1 100 1 8 1 10 8 1 10 12 1 8 1 10 12 1 10 12 1 1 10 100 1 8 1 10 11 7 12 1 1 1 10 12 1 1 10 12 1 1 10 12 1 1 9 12 1 1 100 1 10 12 1 7 1 10 12 1 10 12 1 1 10 100 1 10 12 1 10 12 10 12 1 10 12 1 10 12 1 1 10 12 1 9 12 1 10 100 12 1 1 8 1 10 100 12 1 1 1 8 1 10 100 12 1 1 1 9 12 1 100 1 10 7 1 10 10 7 12 1 1 1 7 1 10 10 7 12 1 1 1 7 1 9 12 1 1 1 1 1 1 1 1 1 1 1 1 1 1 1 1 1 1 1 1 1 1 1 1 1 1 1 1 1 1 1 1 1 1 1 1 1 1 1 1 1 1 1 1 1 1 1 1 1 1 1 1 1 1 1 1 1 1 1 1 1 1 1 1 1 1 1 1 1 1 1 1 1 1 1 1 1 1 1 1 1 1 1 1
staticfield java/lang/reflect/AccessibleObject reflectionFactory Ljdk/internal/reflect/ReflectionFactory; jdk/internal/reflect/ReflectionFactory
ciInstanceKlass java/lang/reflect/Member 1 1 37 100 1 10 12 1 1 100 1 100 1 1 1 1 3 1 3 1 1 1 1 1 1 1 1 1 1 1 1 1 1 1 1 1 1 1 1
ciInstanceKlass java/lang/reflect/Field 1 1 457 9 7 12 1 1 1 10 12 1 1 10 7 12 1 1 1 10 7 12 1 1 9 12 1 1 10 12 1 1 10 12 1 1 10 7 12 1 1 10 7 12 1 1 1 9 12 1 1 9 12 1 9 12 1 9 12 1 1 9 12 1 1 9 12 1 9 12 1 1 9 12 1 1 100 1 8 1 10 12 1 10 12 1 9 12 1 1 9 12 1 10 12 1 10 7 12 1 1 10 12 1 1 10 12 1 1 10 12 1 10 12 1 1 9 100 12 1 1 1 10 100 12 1 1 1 100 1 10 12 1 1 10 12 1 1 10 12 1 1 10 12 1 10 12 1 10 7 1 10 100 12 1 1 100 1 10 8 1 10 12 1 1 10 12 1 1 8 1 10 12 10 12 1 8 1 8 1 10 11 100 1 9 12 1 10 12 1 1 10 12 1 1 11 7 12 1 1 1 10 12 1 11 12 1 1 11 12 1 1 11 12 1 1 11 12 1 1 11 12 1 1 11 12 1 1 11 12 1 1 11 12 1 1 11 12 1 1 11 12 1 1 11 12 1 1 11 12 1 1 11 12 1 1 11 12 1 1 11 12 1 1 11 12 1 1 11 12 1 1 10 12 1 10 100 12 1 1 10 12 1 10 12 1 10 12 1 9 12 1 1 10 7 12 1 1 1 10 12 1 1 10 12 1 10 7 12 1 1 10 12 1 1 11 7 1 10 12 1 7 1 10 100 12 1 1 1 10 7 12 1 1 1 9 12 1 10 7 12 1 1 1 11 7 12 1 1 1 10 12 1 1 10 12 1 1 9 100 12 1 1 10 100 12 1 1 1 10 12 1 1 100 1 1 1 1 1 1 1 1 1 1 1 1 1 1 1 1 1 1 1 1 1 1 1 1 1 1 1 1 1 1 1 1 1 1 1 1 1 1 1 100 1 1 1 1 1 1 1 1 1 1 1 1 1 1 1 1 1 1 1 1 1 1 1 1 1 1 1 1 1 1 1 1 100 1 1 1 1 1 1 1 1 1 100 1 1
ciInstanceKlass java/lang/reflect/Parameter 0 0 243 10 100 12 1 1 1 9 100 12 1 1 1 9 12 1 1 9 12 1 1 9 12 1 10 12 1 1 10 12 1 1 10 100 12 1 1 1 100 1 10 10 12 1 1 11 100 12 1 1 1 10 12 1 10 100 12 1 1 1 10 12 1 1 10 12 1 10 12 1 8 1 8 1 10 100 12 1 1 1 10 12 1 10 12 9 100 12 1 1 1 10 100 12 1 1 1 10 12 1 8 1 10 12 1 9 12 1 1 10 12 1 1 9 12 1 1 10 12 1 1 10 12 1 1 10 12 1 1 10 12 1 10 10 12 1 10 100 12 1 1 1 10 12 1 1 11 100 12 1 1 10 100 12 1 1 100 1 10 100 12 1 1 1 10 12 1 1 10 12 1 1 10 12 1 1 10 12 1 1 9 12 1 100 1 10 11 12 1 1 11 12 1 1 100 1 1 1 1 1 1 1 1 1 1 1 1 1 1 1 1 1 1 1 1 1 1 1 1 1 1 1 1 1 1 1 1 1 1 1 1 1 1 1 1 1 100 1 1 1 1 1 1
instanceKlass java/lang/reflect/Constructor
instanceKlass java/lang/reflect/Method
ciInstanceKlass java/lang/reflect/Executable 1 1 581 10 7 12 1 1 1 10 7 12 1 1 1 10 7 12 1 1 1 11 7 12 1 1 1 10 7 12 1 1 1 10 12 1 1 10 7 12 1 1 1 10 100 12 1 1 1 10 12 1 8 1 10 10 12 1 1 10 12 1 1 10 100 12 1 1 1 18 12 1 1 11 100 12 1 1 1 8 1 8 1 8 1 10 100 12 1 1 1 11 12 1 1 100 1 8 1 8 1 10 12 1 100 1 8 1 10 12 1 8 1 11 100 12 1 1 1 100 1 11 100 12 1 1 1 11 12 1 8 1 18 8 1 10 12 1 10 12 1 1 18 8 1 10 12 1 100 1 10 12 1 10 12 1 11 12 1 10 12 1 1 8 1 8 1 10 12 1 1 10 12 1 1 10 10 12 1 9 100 12 1 1 1 10 100 12 1 1 1 10 12 1 10 12 1 1 10 7 12 1 1 10 12 1 10 12 1 10 12 1 10 7 12 1 1 100 1 10 100 12 1 1 1 10 12 1 1 10 100 12 1 1 10 12 1 10 12 1 1 9 100 12 1 1 1 10 100 10 12 1 8 1 10 12 1 10 12 1 3 100 1 8 1 10 12 1 10 12 1 10 10 12 1 10 12 1 1 8 1 8 1 8 1 9 12 1 1 9 12 1 10 12 1 100 1 8 1 10 12 1 10 12 1 10 12 1 1 10 12 1 1 10 12 1 10 12 10 12 1 100 1 10 12 1 10 12 1 1 100 1 10 100 12 1 1 1 7 1 10 7 12 1 1 1 10 12 1 1 11 7 12 1 1 10 12 1 10 100 12 1 1 1 10 12 1 1 9 12 1 10 12 1 1 10 12 1 10 12 1 1 9 100 12 1 1 1 10 100 12 1 1 1 10 12 1 10 12 1 1 9 12 1 10 10 10 10 100 12 1 1 1 10 12 1 9 12 1 10 12 1 1 9 12 1 100 1 100 1 1 1 1 1 1 1 1 1 1 1 1 1 1 1 1 1 1 1 1 1 1 1 1 1 1 1 1 1 1 1 1 1 1 1 1 100 1 1 1 1 1 1 1 1 1 1 1 1 1 1 1 1 1 1 1 100 1 1 1 1 1 1 1 1 1 1 1 1 1 1 1 1 1 1 1 1 1 1 1 1 1 1 1 1 1 1 1 1 1 1 1 1 1 1 1 1 1 1 1 100 1 1 1 1 1 1 1 1 1 1 1 1 1 1 1 1 1 1 1 1 1 1 100 1 1 16 15 16 1 16 1 15 10 12 16 15 10 100 12 1 1 1 1 1 1 100 1 1 100 1 100 1 1
ciInstanceKlass java/lang/reflect/Method 1 1 472 9 7 12 1 1 1 10 7 12 1 1 1 10 7 12 1 1 9 12 1 1 10 12 1 1 10 12 1 1 10 7 12 1 1 10 7 12 1 1 1 9 12 1 1 9 12 1 9 12 1 1 9 12 1 9 12 1 9 12 1 1 9 12 1 9 12 1 1 9 12 1 9 12 1 9 12 1 1 100 1 8 1 10 12 1 10 12 1 9 12 1 1 8 1 10 7 12 1 1 10 7 12 1 1 1 10 12 1 1 10 12 1 1 10 12 1 10 12 1 1 10 12 1 1 9 100 12 1 1 1 10 12 1 1 10 12 10 7 12 1 1 10 12 1 1 10 12 1 10 12 1 10 12 1 10 7 12 1 1 1 10 12 1 1 10 7 1 10 7 12 1 1 1 10 7 12 1 1 10 12 1 1 10 12 1 1 10 12 1 10 7 12 1 1 1 10 12 1 10 8 1 10 12 1 10 12 1 7 1 8 1 8 1 8 1 10 12 1 10 12 1 1 10 12 1 1 10 10 12 1 1 10 12 1 11 100 1 10 12 1 9 12 1 1 10 12 1 1 10 12 1 10 12 1 1 10 12 1 1 11 7 12 1 1 1 11 12 1 9 12 1 1 10 12 1 10 12 1 10 12 1 10 12 1 10 12 1 10 12 1 9 12 1 1 10 7 12 1 1 1 10 7 12 1 1 10 12 1 1 10 7 12 1 1 1 10 7 12 1 1 1 10 7 12 1 1 1 11 7 12 1 1 1 10 7 12 1 1 1 7 1 100 1 100 1 10 12 1 10 12 1 1 10 12 1 100 1 8 1 10 12 1 10 10 12 1 1 10 12 1 1 10 12 1 1 10 12 1 1 8 1 10 12 1 1 1 1 1 1 1 1 1 1 1 1 1 1 1 1 1 1 1 1 1 1 1 1 1 1 1 1 1 1 1 1 1 1 1 1 1 1 1 1 1 1 1 1 1 1 1 1 1 1 1 1 1 100 1 7 1 7 1 1 1 1 1 1 1 1 1 1 1 1 1 1 1 1 1 1 1 1 1 1 1 1 1 1 1 1 1 1
ciInstanceKlass java/lang/reflect/Constructor 1 1 439 10 100 12 1 1 1 10 100 12 1 1 9 7 12 1 1 1 10 12 1 1 10 12 1 1 10 100 12 1 1 9 12 1 1 10 7 12 1 1 1 9 12 1 1 9 12 1 1 9 12 1 9 12 1 1 9 12 1 9 12 1 1 9 12 1 1 9 12 1 100 1 8 1 10 12 1 10 12 1 9 12 1 1 10 7 12 1 1 10 7 12 1 1 1 10 12 1 1 10 12 1 1 10 12 1 7 1 100 1 8 1 10 10 12 1 10 12 1 10 12 1 1 10 12 1 1 9 100 12 1 1 1 10 7 12 1 1 10 12 1 1 10 12 1 10 12 1 1 10 100 12 1 1 1 10 100 12 1 1 10 12 1 1 10 12 1 10 100 12 1 1 1 8 1 10 10 12 1 100 1 8 1 10 12 1 10 12 1 1 10 12 1 1 10 12 1 10 12 1 10 12 1 1 10 12 1 1 9 12 1 1 10 12 1 1 10 12 1 1 10 12 1 1 11 7 12 1 1 1 10 12 1 1 10 12 1 10 12 1 10 12 1 8 1 9 12 1 1 10 7 12 1 1 1 10 7 12 1 1 10 12 1 1 10 12 1 1 10 12 1 1 10 12 1 1 10 12 1 9 100 12 1 1 10 12 1 10 12 1 10 12 1 100 1 8 1 10 10 12 1 1 10 12 1 10 10 12 1 1 10 12 1 1 10 100 12 1 1 1 11 100 12 1 1 1 10 12 1 1 9 100 12 1 1 1 10 100 12 1 1 1 10 12 1 1 1 1 1 1 1 1 1 1 1 1 1 1 1 1 1 1 1 1 1 1 1 1 1 1 1 1 1 1 1 1 1 1 1 1 1 1 1 1 1 1 1 1 1 1 1 1 1 1 1 1 100 1 100 1 100 1 100 1 1 1 1 1 1 1 1 1 1 1 1 1 1 1 1 1 1 1 1 1 1 1 1 1 1 1 1 1 1 1 1 1 100 1 1
ciInstanceKlass jdk/internal/vm/ContinuationScope 0 0 50 10 100 12 1 1 1 10 100 12 1 1 1 100 1 9 100 12 1 1 1 10 12 1 1 10 100 12 1 1 1 10 12 1 1 10 12 1 1 1 1 1 1 1 1 1 1 1 1 1
ciInstanceKlass jdk/internal/vm/Continuation 0 0 549 9 100 12 1 1 1 9 12 1 9 12 1 100 1 100 1 10 12 1 1 8 1 10 12 1 1 10 12 1 10 12 1 1 10 12 1 9 100 12 1 1 1 11 100 12 1 1 1 10 100 1 9 12 1 1 9 12 1 1 10 8 1 10 12 1 9 12 1 1 10 11 12 1 1 100 1 10 100 12 1 1 1 10 12 1 1 10 12 1 10 12 1 1 11 12 1 1 9 12 1 1 10 12 1 1 18 12 1 1 10 100 12 1 1 1 100 1 10 12 1 11 100 12 1 1 1 10 12 1 9 12 1 10 12 1 1 100 1 8 1 10 12 1 10 12 1 1 9 12 1 1 11 12 1 1 9 12 1 1 8 1 10 11 12 1 1 11 12 1 1 10 12 1 1 10 12 1 1 9 12 1 10 12 1 10 10 12 1 8 1 10 12 1 8 1 8 1 10 100 12 1 1 1 10 100 12 1 1 1 10 12 1 9 12 1 11 12 1 100 1 10 12 1 10 12 1 1 9 12 1 1 100 1 10 12 1 1 9 12 1 1 10 12 1 10 12 1 11 100 12 1 1 10 100 1 10 12 1 8 1 9 12 1 10 12 1 1 9 12 1 1 10 100 12 1 1 8 1 8 1 8 1 8 1 10 12 1 1 10 12 1 10 12 1 10 12 1 10 12 1 1 10 12 1 1 8 1 10 12 1 1 9 12 1 1 10 12 1 1 9 12 1 8 1 10 100 12 1 1 1 10 12 1 8 1 100 1 8 1 10 9 12 1 1 8 1 10 100 12 1 1 10 100 12 1 1 8 1 8 1 10 12 10 100 12 1 1 1 10 100 1 10 100 12 1 1 1 18 11 100 12 1 1 1 18 12 1 11 12 1 1 100 1 10 100 12 1 1 10 12 1 1 8 10 12 1 1 10 100 12 1 1 1 10 100 12 1 1 10 12 1 8 1 10 12 1 100 1 100 1 10 12 1 1 1 1 1 1 1 1 1 1 1 1 1 1 1 1 1 1 1 1 1 1 1 1 1 1 1 1 1 1 1 1 1 1 1 1 1 1 1 1 1 1 1 1 1 1 1 1 1 1 1 1 1 1 1 1 1 1 1 1 1 1 1 1 1 1 1 1 1 1 1 1 1 1 1 100 1 1 16 1 15 10 12 16 15 11 100 12 1 1 1 16 1 16 1 15 10 12 16 15 10 100 12 1 1 1 1 1 1 1 1 100 1 100 1 1
ciInstanceKlass jdk/internal/vm/StackChunk 0 0 32 10 100 12 1 1 1 9 100 12 1 1 1 9 12 1 1 9 12 1 1 1 1 1 1 1 1 1 1 1 1 1
instanceKlass jdk/internal/reflect/FieldAccessorImpl
instanceKlass jdk/internal/reflect/ConstructorAccessorImpl
instanceKlass jdk/internal/reflect/MethodAccessorImpl
ciInstanceKlass jdk/internal/reflect/MagicAccessorImpl 1 1 16 10 7 12 1 1 1 100 1 1 1 1 1 1 1 1
ciInstanceKlass jdk/internal/reflect/MethodAccessor 1 0 17 100 1 100 1 1 1 1 100 1 100 1 1 1 1 1 1
instanceKlass jdk/internal/reflect/DirectMethodHandleAccessor
ciInstanceKlass jdk/internal/reflect/MethodAccessorImpl 1 1 38 10 7 12 1 1 1 10 100 12 1 1 1 100 1 1 1 1 1 1 1 100 1 100 1 1 1 1 1 1 1 1 1 1 1 1 1 1
ciInstanceKlass jdk/internal/reflect/ConstructorAccessor 1 0 16 100 1 100 1 1 1 1 100 1 100 1 100 1 1 1
instanceKlass jdk/internal/reflect/DirectConstructorHandleAccessor$NativeAccessor
instanceKlass jdk/internal/reflect/DirectConstructorHandleAccessor
instanceKlass jdk/internal/reflect/NativeConstructorAccessorImpl
ciInstanceKlass jdk/internal/reflect/ConstructorAccessorImpl 1 1 27 10 7 12 1 1 1 100 1 100 1 1 1 1 1 1 1 1 1 100 1 100 1 100 1 1 1
ciInstanceKlass jdk/internal/reflect/DelegatingClassLoader 0 0 18 10 100 12 1 1 1 100 1 1 1 1 1 1 1 1 1 1
ciInstanceKlass jdk/internal/reflect/ConstantPool 1 1 142 10 100 12 1 1 1 9 7 12 1 1 1 10 12 1 1 10 12 1 1 10 12 1 10 12 1 1 10 12 1 1 10 12 1 10 12 1 1 10 12 1 10 12 1 1 10 12 1 10 12 1 10 12 1 10 12 1 1 10 12 1 1 10 12 1 1 10 12 1 1 10 12 1 10 12 1 1 10 100 12 1 1 1 8 11 7 12 1 1 1 10 7 12 1 1 1 1 1 1 1 1 1 1 1 1 1 1 1 1 1 1 1 1 1 1 1 1 1 1 1 1 1 1 1 1 1 1 1 1 1 1 1 1 1 1 1 1 1 1 1 1
ciInstanceKlass jdk/internal/reflect/FieldAccessor 1 0 48 100 1 100 1 1 1 1 100 1 1 1 1 1 1 1 1 1 1 1 1 1 1 1 1 1 1 1 100 1 1 1 1 1 1 1 1 1 1 1 1 1 1 1 1 1 1 1
instanceKlass jdk/internal/reflect/MethodHandleFieldAccessorImpl
instanceKlass jdk/internal/reflect/UnsafeFieldAccessorImpl
ciInstanceKlass jdk/internal/reflect/FieldAccessorImpl 1 1 269 10 7 12 1 1 1 9 7 12 1 1 1 10 100 12 1 1 1 10 100 12 1 1 10 100 12 1 1 1 10 12 1 1 100 1 10 10 12 1 1 10 12 1 1 8 1 10 10 12 1 100 1 8 1 10 12 1 8 1 10 12 1 8 1 10 12 1 100 1 10 12 1 1 10 8 1 10 12 1 1 8 1 10 100 12 1 1 8 1 10 100 12 1 1 8 1 10 100 12 1 1 8 1 10 100 12 1 1 8 1 10 100 12 1 1 8 1 10 100 12 1 1 8 1 10 100 12 1 1 8 1 10 100 12 1 1 10 12 1 1 8 1 10 12 1 1 10 100 12 1 1 1 8 1 10 12 1 8 1 8 1 8 1 8 1 10 100 12 1 1 1 8 1 8 1 8 1 10 12 100 1 1 1 1 1 1 1 1 1 1 1 1 1 1 1 1 1 1 1 1 1 1 1 1 1 1 1 1 1 1 1 1 1 1 1 1 1 1 1 1 1 1 1 1 1 1 1 1 1 1 1 1 1 1 1 1 1 1 1 1 1 1 1 1 1 1 1 1 1 1 1 1 1 1 1 1 1 1 1 1 1 1 1 1 1 1 1 1
instanceKlass jdk/internal/reflect/UnsafeStaticFieldAccessorImpl
ciInstanceKlass jdk/internal/reflect/UnsafeFieldAccessorImpl 0 0 62 10 100 12 1 1 1 10 100 12 1 1 1 10 100 12 1 1 1 9 100 12 1 1 10 12 1 9 12 1 1 10 100 12 1 1 1 9 12 1 1 10 12 1 10 12 1 1 1 1 1 1 1 1 1 1 1 1 1 1 1 1
ciInstanceKlass jdk/internal/reflect/UnsafeStaticFieldAccessorImpl 0 0 47 10 100 12 1 1 1 9 100 12 1 1 1 10 100 12 1 1 1 9 12 1 1 8 11 100 12 1 1 1 10 100 12 1 1 1 1 1 1 1 1 1 1 1 1 1 1
ciInstanceKlass java/lang/annotation/Annotation 1 1 17 100 1 100 1 1 1 1 1 1 1 1 1 1 1 1 1
ciInstanceKlass jdk/internal/reflect/CallerSensitive 0 0 17 100 1 100 1 100 1 1 1 1 1 1 1 1 1 1 1
ciInstanceKlass jdk/internal/reflect/NativeConstructorAccessorImpl 0 0 125 10 100 12 1 1 1 9 100 12 1 1 1 100 1 10 12 1 9 12 1 1 9 12 1 1 10 100 12 1 1 1 10 100 12 1 1 1 10 100 12 1 1 1 9 12 1 9 12 1 1 9 12 1 1 10 100 12 1 1 1 100 1 10 10 12 1 1 10 12 1 10 12 1 1 10 12 1 100 1 10 12 1 1 10 12 1 1 8 10 12 1 1 1 1 1 1 1 1 1 1 1 1 1 1 1 1 1 1 1 1 1 1 100 1 100 1 100 1 1 1 1 1 1 1
instanceKlass java/lang/invoke/DelegatingMethodHandle
instanceKlass java/lang/invoke/BoundMethodHandle
instanceKlass java/lang/invoke/DirectMethodHandle
ciInstanceKlass java/lang/invoke/MethodHandle 1 1 733 100 1 9 7 12 1 1 1 10 7 12 1 1 1 10 7 12 1 1 1 7 1 7 1 10 12 1 1 9 12 1 1 10 12 1 10 12 1 1 10 12 1 1 10 100 12 1 1 1 10 12 1 1 10 12 1 1 11 100 12 1 1 1 10 12 1 1 10 12 1 10 12 1 10 12 1 1 9 12 1 1 9 12 1 1 10 100 12 1 1 1 10 12 1 1 10 12 1 10 12 1 100 1 100 1 10 8 1 10 12 1 1 10 12 1 8 1 10 12 1 1 10 12 1 10 7 12 1 1 1 10 12 1 1 10 12 1 1 10 12 1 1 10 7 12 1 1 1 10 12 1 1 10 12 1 1 10 12 1 10 12 1 1 10 100 12 1 1 10 7 12 1 1 10 12 1 10 12 1 10 12 1 1 10 12 1 1 10 12 1 1 10 12 1 1 10 7 12 1 1 1 10 100 12 1 1 1 10 12 1 1 10 12 1 1 10 12 1 1 8 1 10 7 12 1 1 1 8 1 10 12 1 10 12 1 1 10 12 1 1 10 12 1 8 1 10 12 1 1 8 1 10 12 1 8 1 10 100 12 1 1 1 9 12 1 1 100 1 10 9 100 12 1 1 1 9 100 1 8 1 10 12 1 1 10 12 1 10 12 1 1 10 12 1 10 12 1 1 10 12 1 10 12 1 1 10 12 1 10 12 1 1 10 12 1 1 8 1 10 12 1 1 8 1 10 12 1 10 12 1 1 10 12 1 10 12 1 10 12 1 1 9 100 12 1 1 1 10 12 1 1 11 12 1 10 12 1 10 12 1 1 10 100 12 1 1 100 1 11 12 1 10 100 1 11 12 1 100 1 10 12 1 11 12 1 9 100 12 1 1 1 11 12 1 1 11 100 12 1 1 1 10 12 1 1 9 12 1 11 12 1 9 12 1 9 12 1 9 12 1 11 12 1 1 9 12 1 9 12 1 9 12 1 9 12 1 9 12 1 9 12 1 9 12 1 8 1 10 12 1 10 12 1 8 1 10 12 1 10 12 1 10 12 1 1 10 10 10 7 12 1 1 10 12 1 1 100 1 100 1 8 1 8 1 10 10 12 1 1 10 12 1 10 12 1 100 1 10 100 12 1 1 1 10 9 7 12 1 1 1 10 12 1 1 10 12 1 1 8 1 8 1 10 100 12 1 1 9 12 1 9 12 1 1 9 12 1 1 10 12 1 7 1 10 12 1 10 12 1 1 9 12 1 1 9 12 1 1 10 7 12 1 1 1 11 7 12 1 1 9 12 1 10 12 1 1 9 12 1 10 12 1 8 10 12 1 1 8 1 1 1 1 1 1 1 1 7 1 1 1 1 1 1 1 1 1 1 1 1 1 1 1 1 1 1 1 1 1 1 1 1 1 1 1 1 1 1 100 1 1 1 1 1 1 1 1 1 1 1 1 1 1 1 1 1 1 1 1 1 1 1 1 1 1 1 1 1 1 1 1 1 1 1 1 1 1 1 1 1 1 1 1 1 1 1 1 1 1 1 1 1 1 1 1 1 1 1 1 1 1 1 1 1 1 1 1 1 1 1 1 1 1 1 1 1 1 1 1 1 1 1 1 1 1 100 1 1 100 1 100 1 100 1 1 100 1 1 100 1 1 1 1
staticfield java/lang/invoke/MethodHandle FORM_OFFSET J 20
staticfield java/lang/invoke/MethodHandle UPDATE_OFFSET J 13
staticfield java/lang/invoke/MethodHandle $assertionsDisabled Z 1
instanceKlass java/lang/invoke/DirectMethodHandle$Special
instanceKlass java/lang/invoke/DirectMethodHandle$Interface
instanceKlass java/lang/invoke/DirectMethodHandle$Constructor
instanceKlass java/lang/invoke/DirectMethodHandle$Accessor
instanceKlass java/lang/invoke/DirectMethodHandle$StaticAccessor
ciInstanceKlass java/lang/invoke/DirectMethodHandle 1 1 923 7 1 7 1 100 1 7 1 7 1 10 7 12 1 1 1 10 7 12 1 1 1 100 1 10 12 1 10 12 1 1 10 7 12 1 1 10 12 1 1 10 12 1 10 12 1 7 1 10 12 1 1 10 12 1 1 10 12 1 10 12 1 1 10 7 12 1 1 1 10 12 1 9 12 1 1 100 1 10 9 12 1 1 9 12 1 10 12 1 10 12 1 10 12 1 1 10 12 1 10 12 1 10 12 1 10 7 12 1 1 1 10 12 1 10 12 1 1 8 1 10 12 1 1 7 1 10 12 1 7 1 10 10 12 1 10 12 1 10 12 1 10 7 12 1 1 1 10 12 1 1 100 1 10 12 1 10 12 1 7 1 10 12 1 10 12 1 1 10 12 1 1 10 12 1 8 10 100 12 1 1 1 10 12 1 10 12 1 10 12 1 1 10 12 1 9 7 12 1 1 1 7 1 10 12 1 10 7 12 1 1 1 10 12 1 10 12 1 1 9 12 1 1 100 1 10 8 1 10 12 1 1 10 12 1 1 8 1 10 12 1 10 12 1 10 10 12 1 10 12 1 10 12 1 10 12 1 10 12 1 1 10 12 1 10 12 1 1 10 12 1 10 12 1 1 10 10 7 12 1 1 1 10 12 1 10 12 1 1 10 12 1 10 12 1 1 8 1 9 7 12 1 1 1 8 1 9 12 1 9 12 1 8 1 9 12 1 9 12 1 8 1 9 12 1 9 12 1 8 1 10 12 1 10 12 1 1 9 12 1 1 7 1 10 12 1 1 100 1 10 7 12 1 1 1 10 12 1 1 10 12 1 10 12 1 1 7 1 10 12 1 1 10 12 1 10 12 1 1 7 1 10 12 1 1 10 12 1 10 7 12 1 1 1 10 12 1 10 12 1 1 10 12 1 9 12 1 1 10 7 1 9 12 9 12 1 10 7 12 1 1 1 10 12 1 7 1 7 1 7 1 9 12 1 1 10 7 12 1 1 1 10 12 10 12 1 100 1 10 12 1 10 12 1 1 8 1 9 12 1 9 12 1 10 12 1 1 9 12 1 1 10 7 12 1 1 1 9 12 1 1 9 12 1 1 10 12 1 10 12 1 10 12 1 10 12 1 1 10 12 1 9 12 1 10 12 1 10 12 1 10 12 1 10 12 1 1 10 12 1 1 9 12 1 1 10 12 1 1 9 7 12 1 1 1 9 12 1 9 12 1 9 12 1 9 12 1 9 12 1 9 12 1 9 12 1 9 12 1 9 12 1 9 12 1 9 12 1 9 12 1 9 12 1 9 12 1 9 12 1 9 12 1 9 12 1 9 12 1 9 12 1 9 12 1 9 12 1 9 12 1 9 12 1 9 12 1 9 12 1 9 12 1 9 12 1 9 12 1 9 12 1 9 12 1 9 12 1 9 12 1 9 12 1 9 12 1 9 12 1 9 12 1 8 1 9 12 1 1 9 12 1 1 10 12 1 10 12 1 1 9 7 1 10 12 1 9 12 1 1 10 12 10 12 1 10 12 1 10 12 1 10 12 1 10 8 1 8 1 8 1 8 1 10 12 1 1 9 12 1 1 10 12 1 10 100 12 1 1 1 8 9 12 1 1 10 12 1 1 8 1 8 8 9 12 1 8 1 8 8 8 8 8 1 8 10 12 1 7 1 10 12 1 8 1 8 1 10 12 1 10 12 1 10 12 1 10 12 1 1 7 1 1 1 1 3 1 3 1 3 1 3 1 3 1 3 1 3 1 3 1 3 1 3 1 1 1 1 1 1 1 1 1 1 3 1 3 1 1 1 1 3 1 1 1 1 1 1 1 1 1 1 1 1 1 1 1 1 1 1 1 1 1 1 1 1 1 1 1 1 1 1 1 1 1 1 1 1 1 1 1 1 1 1 1 1 1 1 1 1 1 1 1 1 1 1 1 1 1 100 1 1 1 1 1 1 1 1 1 100 1 1 1 1 1 1 1 1 1 1 1 1 1 1 1 1 1 1 1 1 1 1 1 1 1 1 1 1 1 1 1 1 1 1 1 1 1 1 1 1 1 1 1 1 1 1 1 1 1 1 1 1
staticfield java/lang/invoke/DirectMethodHandle IMPL_NAMES Ljava/lang/invoke/MemberName$Factory; java/lang/invoke/MemberName$Factory
staticfield java/lang/invoke/DirectMethodHandle FT_UNCHECKED_REF I 8
staticfield java/lang/invoke/DirectMethodHandle ACCESSOR_FORMS [Ljava/lang/invoke/LambdaForm; 132 [Ljava/lang/invoke/LambdaForm;
staticfield java/lang/invoke/DirectMethodHandle ALL_WRAPPERS [Lsun/invoke/util/Wrapper; 10 [Lsun/invoke/util/Wrapper;
staticfield java/lang/invoke/DirectMethodHandle NFS [Ljava/lang/invoke/LambdaForm$NamedFunction; 12 [Ljava/lang/invoke/LambdaForm$NamedFunction;
staticfield java/lang/invoke/DirectMethodHandle OBJ_OBJ_TYPE Ljava/lang/invoke/MethodType; java/lang/invoke/MethodType
staticfield java/lang/invoke/DirectMethodHandle LONG_OBJ_TYPE Ljava/lang/invoke/MethodType; java/lang/invoke/MethodType
staticfield java/lang/invoke/DirectMethodHandle $assertionsDisabled Z 1
ciInstanceKlass java/lang/invoke/DirectMethodHandle$StaticAccessor 0 0 96 10 100 12 1 1 1 10 100 12 1 1 1 9 100 12 1 1 1 9 12 1 1 9 12 1 1 10 100 12 1 1 1 9 12 1 1 9 12 1 1 10 12 1 9 12 1 10 12 1 1 100 1 10 12 1 9 12 1 1 10 12 1 1 10 12 1 1 1 1 1 1 1 1 1 1 1 1 1 1 1 1 1 1 1 1 1 1 1 1 1 1 1 1 1 1
ciInstanceKlass java/lang/invoke/DirectMethodHandle$Accessor 1 1 93 10 7 12 1 1 1 10 7 12 1 1 1 9 7 12 1 1 1 9 12 1 1 10 7 12 1 1 1 9 12 1 1 9 12 1 1 10 12 1 9 12 1 10 12 1 1 100 1 10 12 1 9 12 1 1 10 12 1 1 10 12 1 1 1 1 1 1 1 1 1 1 1 1 1 1 1 1 1 1 1 1 1 1 1 1 1 1 1 1 1 1 1
staticfield java/lang/invoke/DirectMethodHandle$Accessor $assertionsDisabled Z 1
instanceKlass java/lang/invoke/VarHandleBooleans$FieldInstanceReadOnly
instanceKlass java/lang/invoke/VarHandleByteArrayAsDoubles$ByteArrayViewVarHandle
instanceKlass java/lang/invoke/VarHandleByteArrayAsFloats$ByteArrayViewVarHandle
instanceKlass java/lang/invoke/VarHandleByteArrayAsChars$ByteArrayViewVarHandle
instanceKlass java/lang/invoke/VarHandleByteArrayAsShorts$ByteArrayViewVarHandle
instanceKlass java/lang/invoke/VarHandleLongs$FieldInstanceReadOnly
instanceKlass java/lang/invoke/VarHandleInts$FieldInstanceReadOnly
instanceKlass java/lang/invoke/VarHandleReferences$FieldInstanceReadOnly
instanceKlass java/lang/invoke/VarHandleReferences$FieldStaticReadOnly
instanceKlass java/lang/invoke/VarHandleByteArrayAsLongs$ByteArrayViewVarHandle
instanceKlass java/lang/invoke/VarHandleByteArrayAsInts$ByteArrayViewVarHandle
instanceKlass java/lang/invoke/VarHandleReferences$Array
ciInstanceKlass java/lang/invoke/VarHandle 1 1 473 10 7 12 1 1 1 10 7 12 1 1 9 12 1 1 9 12 1 1 100 1 10 8 1 10 12 1 1 10 7 12 1 1 1 10 12 1 1 10 100 12 1 1 1 9 100 12 1 1 1 10 12 1 1 10 7 12 1 1 1 10 12 1 1 9 12 1 10 12 1 9 12 1 1 10 7 12 1 1 10 12 1 9 7 12 1 1 1 9 12 1 1 10 12 1 1 100 1 100 1 10 8 1 10 12 1 1 10 12 1 8 1 10 12 1 10 12 1 9 12 1 1 9 12 1 10 12 1 10 12 1 1 10 12 1 10 10 100 12 1 1 1 10 12 1 1 10 12 1 1 10 100 12 1 1 1 10 100 12 1 1 1 10 100 12 1 1 1 9 12 1 1 9 10 12 1 10 12 1 10 12 1 1 10 12 1 10 100 12 1 1 1 9 12 1 1 10 12 1 1 9 12 1 10 12 1 10 12 1 10 100 12 1 1 100 1 10 9 7 12 1 1 1 9 12 1 1 10 7 12 1 1 1 10 12 1 10 12 1 10 12 1 10 12 1 10 12 1 10 12 1 1 8 10 12 1 1 7 1 10 12 1 1 100 1 1 1 1 1 1 1 1 1 1 1 1 1 1 1 1 1 1 1 1 1 1 1 1 1 1 1 1 1 1 1 1 1 1 1 1 1 1 1 1 1 1 1 1 1 1 1 1 1 1 1 1 1 1 1 1 1 1 1 1 1 1 1 1 1 1 1 1 100 1 1 1 1 1 1 1 1 100 1 1 1 1 1 1 1 1 1 1 1 1 100 1 100 1 1 100 1 100 1 100 1 100 1 100 1 100 1 100 1 100 1 100 1 100 1 100 1 100 1 100 1 100 1 100 1 100 1 100 1 100 1 100 1 100 1 100 1 100 1 100 1 100 1 100 1 100 1 100 1 100 1 100 1 100 1 100 1 100 1 100 1 100 1 100 1 1 1 1 1 1 100 1 1 1 100 1 1 100 1 100 1 100 1 100 1 100 1 100 1 1 1 1 100 1 100 1 100 1 100 1 100 1 100 1 100 1 100 1
staticfield java/lang/invoke/VarHandle VFORM_OFFSET J 16
staticfield java/lang/invoke/VarHandle $assertionsDisabled Z 1
ciInstanceKlass java/lang/invoke/MemberName 1 1 724 7 1 7 1 100 1 9 12 1 1 10 7 12 1 1 1 9 12 1 1 10 12 1 1 10 12 1 1 10 12 1 1 10 12 1 10 12 1 1 10 7 12 1 1 1 10 12 1 9 7 12 1 1 10 12 1 100 1 100 1 10 12 1 8 1 10 12 1 1 10 12 1 10 12 1 1 10 12 1 9 12 1 1 8 1 10 100 12 1 1 1 7 1 10 10 12 1 1 7 1 7 1 10 12 1 9 12 1 1 100 1 8 1 10 12 1 10 12 1 10 12 1 10 12 1 10 12 1 1 10 12 1 10 12 1 10 12 1 1 8 1 8 1 10 12 1 8 1 9 12 1 1 3 10 12 1 10 12 1 10 12 1 10 10 7 12 1 1 1 10 12 1 10 12 1 10 12 1 10 12 1 7 1 8 10 12 1 1 10 12 1 1 8 1 9 100 1 8 9 100 1 10 12 1 1 10 12 1 10 12 1 8 1 10 12 1 1 10 12 1 10 12 1 10 12 1 10 12 1 1 100 1 10 12 1 1 10 12 1 8 1 10 12 1 10 12 1 8 1 10 12 1 1 10 12 1 1 100 1 10 12 1 1 10 12 8 1 8 1 100 1 10 12 1 10 100 12 1 1 1 100 1 10 12 10 12 1 10 12 1 10 12 1 10 12 1 10 10 12 1 10 12 1 10 12 1 3 10 12 1 3 10 12 1 3 3 3 3 3 3 10 12 1 3 9 12 1 10 12 1 1 3 10 12 1 10 10 7 12 1 1 1 10 12 1 1 10 100 12 1 1 10 10 12 1 10 12 1 1 10 12 1 10 10 12 1 1 10 12 1 10 12 1 10 12 1 100 1 10 10 10 12 100 1 10 10 10 12 1 1 10 12 1 1 10 10 12 1 8 10 7 1 10 12 1 10 7 1 10 12 1 10 12 1 10 12 1 10 10 12 1 10 12 1 1 10 12 1 1 10 12 1 10 12 1 10 12 1 100 1 10 12 1 1 100 1 8 1 10 7 1 10 12 1 10 12 10 12 1 1 10 12 1 10 12 1 8 1 8 1 8 1 8 1 10 12 1 10 12 1 10 7 12 1 1 1 8 1 8 1 10 12 1 8 1 10 10 10 12 1 10 12 1 8 1 8 1 10 10 12 1 8 1 10 100 12 1 1 1 8 1 100 1 10 12 1 10 12 1 1 10 12 1 8 1 8 1 8 1 8 1 100 1 10 8 1 8 1 8 1 8 1 10 12 1 100 1 100 1 100 1 10 100 1 10 100 1 10 100 12 1 1 1 9 7 12 1 1 1 100 1 100 1 1 1 1 1 1 1 3 1 3 1 3 1 3 1 3 1 3 1 1 1 1 1 1 1 1 3 1 3 1 1 1 1 1 1 1 1 1 1 1 1 1 1 1 1 1 1 1 1 1 1 1 1 1 1 1 1 1 1 1 1 1 1 1 1 1 1 1 1 1 1 1 1 1 1 1 1 1 1 1 1 1 1 1 1 1 1 1 1 1 1 1 1 1 1 1 1 1 1 1 1 1 1 1 1 1 1 1 1 1 1 1 1 1 1 1 1 1 1 1 1 1 1 1 1 100 1 1 1 1 1 1 1 1 1 1 1 1 1 1 1
staticfield java/lang/invoke/MemberName $assertionsDisabled Z 1
ciInstanceKlass java/lang/invoke/ResolvedMethodName 1 1 16 10 100 12 1 1 1 100 1 1 1 1 1 1 1 1
ciInstanceKlass java/lang/invoke/MethodHandleNatives 1 1 685 100 1 10 7 12 1 1 1 9 7 12 1 1 1 10 12 1 1 100 1 10 10 12 1 1 10 12 1 10 12 1 8 1 8 1 8 1 8 1 8 1 8 1 8 1 8 1 8 1 8 1 10 12 1 1 7 1 10 7 12 1 1 1 10 100 12 1 1 1 7 1 10 10 12 1 1 8 1 10 12 1 8 1 10 12 1 1 8 1 10 12 1 1 9 100 12 1 1 1 8 1 10 100 12 1 1 1 100 1 10 12 100 1 100 1 8 1 7 1 10 10 12 1 7 1 9 7 12 1 1 10 12 1 1 10 12 1 10 7 12 1 1 1 10 12 1 1 9 12 1 8 1 10 12 1 1 10 12 1 8 1 10 12 1 1 7 1 10 12 1 10 7 12 1 1 1 10 12 1 10 12 1 1 10 12 1 1 8 1 10 12 1 1 8 1 10 12 1 8 1 8 1 8 1 100 1 10 12 1 8 1 10 100 12 1 1 1 10 12 1 1 10 100 12 1 1 10 10 12 1 1 10 12 1 10 100 12 1 1 1 100 1 8 1 10 100 12 1 1 1 7 1 8 1 10 12 1 8 1 8 1 8 1 8 1 8 1 10 12 1 1 10 12 1 1 10 12 1 10 12 1 1 10 12 1 1 7 1 10 12 1 100 1 100 1 10 12 1 10 12 1 8 1 8 1 10 10 12 1 1 10 12 1 1 8 1 10 100 12 1 1 8 1 8 1 10 12 1 1 10 7 12 1 1 1 100 1 10 12 1 1 7 1 9 12 1 1 10 7 12 1 1 1 10 10 12 1 9 12 1 10 12 1 9 12 1 9 12 1 10 12 1 1 10 12 1 10 12 1 1 7 1 7 1 10 12 1 1 10 12 1 10 12 1 1 10 7 12 1 1 1 10 12 1 8 1 10 12 1 10 12 1 10 12 1 1 10 12 1 10 7 12 1 1 1 10 12 1 1 100 1 8 1 10 9 7 12 1 1 1 10 12 1 1 10 12 1 1 100 1 10 12 1 1 10 12 1 1 100 1 100 1 10 10 100 1 100 1 10 100 1 10 10 12 1 1 10 100 1 10 12 1 10 12 1 1 10 12 1 1 10 12 1 1 10 12 1 10 12 1 1 10 8 1 10 12 1 10 12 1 10 12 1 10 12 1 10 12 1 1 10 12 1 10 12 1 10 12 1 10 10 7 12 1 1 10 12 1 1 1 1 1 1 1 1 1 1 1 1 1 100 1 1 1 1 1 1 1 1 1 1 1 1 1 1 1 1 1 1 1 1 1 1 1 1 1 1 1 1 1 1 1 1 1 1 1 1 1 1 1 1 1 1 1 1 1 1 1 1 1 1 1 1 1 1 1 1 1 1 1 1 1 1 1 100 1 1 1 1 1 1 1 1 1 1 1 1 1 1 1 1 1 1 1 1 1 1 1 1 1 1 1 1 1 1 1 1 1 100 1 1 1 1 1 1 1 1 1 1 1 1 1 1 1 1 1 1 1 1 1 1 1 1 1 1 1 1 1 1 1 1 100 1 1
staticfield java/lang/invoke/MethodHandleNatives $assertionsDisabled Z 1
ciInstanceKlass java/lang/invoke/LambdaForm 1 1 1059 7 1 100 1 10 7 12 1 1 1 9 12 1 1 9 12 1 9 12 1 9 12 1 1 9 12 1 1 9 12 1 1 9 12 1 1 9 12 1 1 9 12 1 10 7 12 1 1 9 12 1 10 12 1 1 100 1 10 10 12 1 1 10 12 1 10 12 1 10 12 1 1 10 12 1 9 12 1 9 12 1 10 12 1 1 10 7 12 1 1 1 10 12 1 1 9 100 12 1 1 1 10 12 1 1 9 7 12 1 1 10 12 1 10 12 1 1 10 12 1 1 10 12 1 1 7 1 10 7 12 1 1 1 10 12 1 1 10 12 1 10 12 1 1 9 12 1 1 9 12 1 9 12 1 1 10 12 1 9 12 1 10 100 12 1 1 1 10 12 1 1 100 1 10 12 1 9 12 1 1 10 100 12 1 1 1 10 12 1 10 12 1 7 1 10 12 1 10 12 1 10 12 1 1 10 12 1 1 10 12 1 10 12 1 10 12 1 10 12 1 1 8 1 10 12 1 10 12 1 10 10 12 1 8 1 8 1 9 12 1 9 12 1 1 10 12 1 1 10 12 1 9 12 1 10 12 1 1 10 7 12 1 1 1 10 12 1 1 10 12 1 10 12 1 10 100 12 1 1 1 9 12 1 10 12 1 8 1 8 1 8 1 8 1 8 1 8 1 8 1 8 1 10 12 1 9 12 1 7 1 10 12 1 1 9 12 1 10 12 1 10 12 1 1 10 12 10 12 1 10 12 1 1 10 12 1 1 10 10 12 1 1 10 12 1 1 7 1 8 1 10 12 1 1 10 12 1 10 12 1 1 10 8 1 10 12 1 1 8 1 8 1 8 1 10 12 1 10 12 1 10 12 1 1 100 1 10 12 1 1 10 12 1 1 10 7 12 1 1 1 10 12 1 1 9 12 1 1 8 1 10 100 12 1 1 1 10 7 12 1 1 10 12 10 12 1 1 10 12 1 1 9 12 1 8 10 12 1 1 100 1 10 12 1 1 10 12 1 9 7 12 1 1 9 100 12 1 1 1 8 1 10 100 12 1 1 10 12 1 1 100 1 100 1 10 10 12 1 1 10 12 1 1 8 1 8 1 100 1 8 1 10 12 10 12 1 10 12 1 10 12 1 1 8 1 8 1 10 12 1 10 12 1 1 8 1 8 1 8 1 100 1 8 1 100 1 8 1 100 1 8 1 10 12 1 8 1 9 10 7 12 1 1 1 10 12 1 9 12 1 1 10 12 1 10 10 12 1 10 12 1 10 12 1 10 12 1 1 10 12 1 10 12 1 1 10 12 1 1 10 12 1 1 10 12 1 1 8 1 100 10 12 1 10 12 1 9 12 1 1 10 7 12 1 1 8 1 8 1 100 1 8 1 8 1 8 1 8 1 8 1 8 1 8 1 8 1 10 12 1 1 10 12 1 1 10 12 1 10 12 1 10 12 1 10 12 1 8 1 8 1 8 1 10 12 1 8 1 10 12 1 8 1 8 1 8 1 8 1 8 1 10 12 1 10 12 1 10 12 1 1 10 7 12 1 1 1 10 12 1 10 12 1 10 12 1 10 12 1 10 12 1 10 12 1 10 12 1 9 12 1 1 8 1 10 12 1 1 9 12 1 1 10 12 1 1 9 12 1 9 12 1 1 9 12 1 9 12 1 1 7 1 10 7 12 1 1 1 9 12 1 10 12 1 10 12 1 8 1 10 12 1 9 12 1 1 7 1 10 7 12 1 1 1 8 1 100 1 10 12 1 9 12 1 9 12 1 10 12 1 10 12 1 10 7 12 1 1 1 10 12 1 9 7 12 1 1 10 12 1 1 10 12 1 10 12 1 10 12 1 9 12 10 12 1 10 10 12 1 9 12 1 9 9 12 1 7 9 12 1 1 10 12 1 1 9 12 1 10 12 1 10 7 1 9 1 1 1 1 3 1 3 1 1 3 1 3 1 1 1 1 1 1 1 1 1 1 1 1 1 1 1 1 1 1 1 1 1 1 1 1 1 1 1 1 1 1 1 1 1 1 1 1 1 1 1 1 1 1 1 1 1 1 1 1 1 1 1 100 1 1 1 1 1 1 1 1 1 1 1 1 1 1 1 1 1 1 1 1 1 1 1 1 1 1 1 1 1 1 1 1 1 1 1 1 1 1 1 1 1 1 1 1 1 1 1 1 1 1 1 1 1 1 1 1 1 1 1 1 1 1 100 1 1 1 1 1 1 1 1 1 1 1 1 1 1 1 1 1 1 1 1 1 1 1 1 1 1 1 1 1 1 1 1 1 1 100 1 1 1 1 1 1 1 1 1 1 1 1 1 1 1 1 1 1 1 1 1 1 100 1 1 1 100 1 1 100 1 1 1 1 1 1 1 1 1 1 1
staticfield java/lang/invoke/LambdaForm DEFAULT_CUSTOMIZED Ljava/lang/invoke/MethodHandle; 
staticfield java/lang/invoke/LambdaForm DEFAULT_KIND Ljava/lang/invoke/LambdaForm$Kind; java/lang/invoke/LambdaForm$Kind
staticfield java/lang/invoke/LambdaForm COMPILE_THRESHOLD I 0
staticfield java/lang/invoke/LambdaForm INTERNED_ARGUMENTS [[Ljava/lang/invoke/LambdaForm$Name; 5 [[Ljava/lang/invoke/LambdaForm$Name;
staticfield java/lang/invoke/LambdaForm IMPL_NAMES Ljava/lang/invoke/MemberName$Factory; java/lang/invoke/MemberName$Factory
staticfield java/lang/invoke/LambdaForm LF_identity [Ljava/lang/invoke/LambdaForm; 6 [Ljava/lang/invoke/LambdaForm;
staticfield java/lang/invoke/LambdaForm LF_zero [Ljava/lang/invoke/LambdaForm; 6 [Ljava/lang/invoke/LambdaForm;
staticfield java/lang/invoke/LambdaForm NF_identity [Ljava/lang/invoke/LambdaForm$NamedFunction; 6 [Ljava/lang/invoke/LambdaForm$NamedFunction;
staticfield java/lang/invoke/LambdaForm NF_zero [Ljava/lang/invoke/LambdaForm$NamedFunction; 6 [Ljava/lang/invoke/LambdaForm$NamedFunction;
staticfield java/lang/invoke/LambdaForm createFormsLock Ljava/lang/Object; java/lang/Object
staticfield java/lang/invoke/LambdaForm DEBUG_NAME_COUNTERS Ljava/util/HashMap; 
staticfield java/lang/invoke/LambdaForm DEBUG_NAMES Ljava/util/HashMap; 
staticfield java/lang/invoke/LambdaForm TRACE_INTERPRETER Z 0
staticfield java/lang/invoke/LambdaForm $assertionsDisabled Z 1
ciInstanceKlass java/lang/invoke/TypeDescriptor$OfMethod 1 0 43 100 1 100 1 100 1 1 1 1 1 1 1 1 1 1 1 1 1 1 1 1 1 1 1 1 1 1 1 1 1 1 1 1 1 1 1 1 1 1 100 1 1
ciInstanceKlass java/lang/invoke/MethodType 1 1 780 7 1 10 7 12 1 1 1 9 12 1 1 9 12 1 1 9 12 1 1 10 7 12 1 1 1 9 7 12 1 1 8 1 10 100 12 1 1 1 9 7 1 9 7 1 10 12 1 1 100 1 10 8 1 10 12 1 1 10 12 1 10 12 1 1 100 1 8 1 10 12 1 100 1 10 10 12 1 10 12 1 1 10 12 1 1 11 7 12 1 1 1 9 12 1 11 12 1 1 7 10 12 1 1 10 12 1 1 7 1 7 1 10 7 12 1 1 1 10 12 1 10 12 1 9 12 1 1 10 7 12 1 1 10 12 1 1 10 7 12 1 1 1 10 7 12 1 1 1 10 12 1 9 12 1 1 10 12 1 1 10 12 1 1 10 12 1 1 10 12 1 1 10 12 1 1 10 12 1 10 12 1 10 12 1 1 10 12 1 8 1 8 1 10 12 1 1 9 12 1 1 100 1 10 10 12 1 1 10 12 1 10 12 1 1 10 12 1 1 10 12 1 10 12 1 10 12 1 8 1 10 12 1 1 10 100 12 1 1 1 10 12 1 10 12 1 1 10 12 1 10 12 1 10 12 1 1 10 12 1 10 12 1 9 12 1 10 12 1 10 10 12 1 1 10 12 1 9 12 1 1 10 12 1 1 11 12 1 1 10 12 1 1 10 12 1 10 12 1 100 1 8 1 8 1 8 1 10 12 1 10 12 1 10 12 1 1 10 10 12 1 11 12 1 1 11 12 1 10 100 12 1 1 1 9 12 1 10 12 1 10 12 1 1 10 12 1 1 10 12 1 10 12 1 10 100 12 1 1 1 10 12 1 1 10 12 1 10 12 1 10 12 1 10 9 12 1 1 7 1 10 12 1 10 12 1 1 9 100 12 1 1 1 10 100 12 1 1 1 10 100 12 1 1 1 10 12 1 1 10 100 12 1 1 1 10 12 1 1 8 1 10 7 12 1 1 1 11 12 1 1 9 12 1 1 10 12 1 1 10 12 1 10 12 1 1 10 12 1 1 10 100 12 1 1 100 1 10 12 1 1 11 100 12 1 1 18 12 1 1 11 12 1 1 18 12 1 11 12 1 100 1 11 100 12 1 1 10 12 1 100 1 10 12 1 10 100 12 1 1 10 12 1 1 9 12 1 1 9 100 12 1 1 1 10 100 12 1 1 1 9 12 1 10 100 12 1 1 10 12 1 100 10 12 1 1 10 12 1 7 1 10 10 12 1 1 7 1 7 1 9 12 1 1 100 1 100 1 100 1 1 1 5 0 1 1 1 1 1 1 1 3 1 3 1 3 1 1 1 1 1 1 1 1 1 1 1 1 1 1 1 1 1 1 1 1 1 1 1 1 1 1 1 1 1 1 1 1 1 1 1 1 1 1 1 1 1 1 1 1 1 1 1 1 1 1 1 1 1 1 1 1 1 1 1 1 1 1 1 1 1 1 1 1 1 1 1 1 1 1 1 1 1 1 1 1 1 1 1 1 1 1 1 1 1 1 1 1 1 1 1 1 1 1 1 1 1 1 1 1 1 1 1 1 1 1 1 1 1 1 1 1 1 1 1 1 1 1 1 1 1 1 1 1 1 1 7 1 7 1 1 1 1 1 1 1 1 1 1 1 1 1 100 1 1 1 100 1 1 1 1 1 1 1 1 1 1 1 1 1 1 1 1 1 1 1 1 1 1 16 15 10 12 16 16 15 10 12 16 15 10 100 12 1 1 1 1 1 100 1 1 100 1 1 100 1 100 1 1
staticfield java/lang/invoke/MethodType internTable Ljdk/internal/util/ReferencedKeySet; jdk/internal/util/ReferencedKeySet
staticfield java/lang/invoke/MethodType NO_PTYPES [Ljava/lang/Class; 0 [Ljava/lang/Class;
staticfield java/lang/invoke/MethodType objectOnlyTypes [Ljava/lang/invoke/MethodType; 20 [Ljava/lang/invoke/MethodType;
staticfield java/lang/invoke/MethodType METHOD_HANDLE_ARRAY [Ljava/lang/Class; 1 [Ljava/lang/Class;
staticfield java/lang/invoke/MethodType serialPersistentFields [Ljava/io/ObjectStreamField; 0 [Ljava/io/ObjectStreamField;
staticfield java/lang/invoke/MethodType $assertionsDisabled Z 1
ciInstanceKlass java/lang/BootstrapMethodError 0 0 45 10 100 12 1 1 1 10 12 1 10 12 1 10 100 12 1 1 1 10 100 12 1 1 1 1 1 1 5 0 1 1 1 1 1 1 1 1 1 1 1 100 1 1 1
instanceKlass java/lang/invoke/VolatileCallSite
instanceKlass java/lang/invoke/MutableCallSite
instanceKlass java/lang/invoke/ConstantCallSite
ciInstanceKlass java/lang/invoke/CallSite 1 1 296 10 7 12 1 1 1 10 7 12 1 1 1 9 12 1 1 10 7 12 1 1 1 10 12 1 100 1 10 12 1 1 10 12 1 1 9 100 12 1 1 1 10 100 12 1 1 10 12 1 1 100 1 100 1 10 10 100 12 1 1 1 10 12 1 1 8 1 10 12 1 10 12 1 1 10 12 1 10 12 1 1 10 12 1 1 10 10 100 12 1 1 10 12 1 1 9 12 1 9 100 12 1 1 1 8 1 10 7 12 1 1 1 10 12 1 1 100 1 10 12 1 1 9 12 1 8 1 100 1 10 12 1 10 12 1 100 1 8 1 10 10 12 1 10 12 1 1 100 1 10 12 1 1 10 12 1 10 12 1 10 12 1 1 10 12 1 1 9 12 1 1 8 10 12 1 1 9 12 1 1 100 1 10 10 12 1 10 100 12 1 1 1 10 12 1 1 10 12 1 1 10 12 1 10 7 12 1 1 1 100 1 8 1 10 10 12 10 12 1 1 100 1 100 1 100 1 8 1 10 12 1 10 7 12 1 1 1 1 1 1 1 1 1 1 1 1 1 1 1 1 1 1 1 1 1 1 1 1 1 1 1 1 1 1 1 1 1 1 1 1 1 1 1 1 1 1 1 1 1 1 1 1 1 1 1 1 1 1 1 100 1 100 1 1 1
staticfield java/lang/invoke/CallSite $assertionsDisabled Z 1
ciInstanceKlass jdk/internal/foreign/abi/NativeEntryPoint 0 0 194 10 100 12 1 1 1 9 100 12 1 1 1 9 12 1 1 100 1 8 1 10 12 1 10 12 1 1 100 1 10 100 12 1 1 1 10 12 1 9 12 1 1 18 12 1 1 10 100 12 1 1 1 10 100 12 1 1 1 9 100 12 1 1 1 100 1 10 8 1 10 12 1 1 10 12 1 10 12 1 1 8 1 10 12 1 1 100 1 8 1 10 12 1 10 12 1 1 10 12 1 9 12 1 1 18 12 1 1 10 100 12 1 1 1 10 12 1 1 10 12 1 10 100 12 1 1 1 10 1 1 1 1 1 1 1 1 1 1 1 1 1 1 1 1 1 1 1 1 1 1 1 1 1 1 1 1 1 1 1 1 1 1 1 1 1 16 1 15 10 12 16 1 16 15 10 12 15 10 100 12 1 1 1 1 1 100 1 1 100 1 100 1 1
ciInstanceKlass jdk/internal/foreign/abi/ABIDescriptor 0 0 55 10 100 12 1 1 1 9 100 12 1 1 1 9 12 1 1 9 12 1 9 12 1 9 12 1 1 9 12 1 9 12 1 1 9 12 1 9 12 1 9 12 1 9 12 1 1 1 1 1 1 1 1 1 1
ciInstanceKlass jdk/internal/foreign/abi/VMStorage 0 0 91 10 100 12 1 1 1 9 100 12 1 1 1 9 12 1 1 9 12 1 1 9 12 1 1 100 1 10 8 1 10 12 1 1 10 12 1 10 12 1 1 10 12 1 18 12 1 18 12 1 1 18 12 1 1 1 1 1 1 1 1 1 1 1 1 1 1 1 1 1 1 1 8 1 15 15 15 15 15 10 100 12 1 1 1 1 100 1 100 1 1
ciInstanceKlass jdk/internal/foreign/abi/UpcallLinker$CallRegs 0 0 66 10 100 12 1 1 1 9 100 12 1 1 1 9 12 1 18 12 1 1 18 12 1 1 18 12 1 1 1 1 1 1 1 1 1 1 1 1 1 1 1 1 1 1 100 1 1 1 8 1 15 15 15 10 100 12 1 1 1 1 1 100 1 100 1 1
ciInstanceKlass java/lang/invoke/ConstantCallSite 1 1 65 10 7 12 1 1 1 9 7 12 1 1 1 9 12 1 1 10 7 12 1 1 1 10 12 1 100 1 10 12 9 12 1 1 100 1 10 10 12 1 1 10 12 1 1 1 1 1 1 1 1 1 1 1 1 1 100 1 1 1 1 1 1 1 1
staticfield java/lang/invoke/ConstantCallSite UNSAFE Ljdk/internal/misc/Unsafe; jdk/internal/misc/Unsafe
ciInstanceKlass java/lang/invoke/MutableCallSite 0 0 63 10 100 12 1 1 1 10 12 1 9 100 12 1 1 1 10 12 1 10 12 1 1 9 12 1 1 10 100 12 1 1 1 10 100 12 1 1 1 10 12 1 1 1 1 1 1 1 1 1 1 1 1 1 1 1 1 1 1 100 1 1 1
ciInstanceKlass java/lang/invoke/VolatileCallSite 0 0 37 10 100 12 1 1 1 10 12 1 10 100 12 1 1 1 10 12 1 10 12 1 1 1 1 1 1 1 1 1 1 1 1 1 1 1 1
ciInstanceKlass java/lang/AssertionStatusDirectives 0 0 24 10 100 12 1 1 1 100 1 1 1 1 1 1 1 1 1 1 1 1 1 1 1 1
ciInstanceKlass java/lang/Appendable 1 0 14 100 1 100 1 1 1 1 100 1 1 1 1 1
instanceKlass java/lang/StringBuilder
instanceKlass java/lang/StringBuffer
ciInstanceKlass java/lang/AbstractStringBuilder 1 1 599 7 1 10 7 12 1 1 1 9 7 12 1 1 1 9 12 1 9 12 1 1 9 12 1 1 10 7 12 1 1 1 10 12 1 1 7 1 3 3 10 12 1 10 12 1 1 11 7 1 100 1 100 1 10 8 1 10 12 1 10 12 1 10 12 1 1 10 12 1 10 12 1 9 12 1 10 12 1 9 12 1 1 10 12 1 1 10 7 12 1 1 1 10 10 12 1 10 12 1 10 12 1 1 10 12 1 1 10 7 12 1 1 1 10 7 12 1 1 1 100 1 8 1 10 10 12 1 1 100 1 10 12 10 12 1 1 10 10 12 1 1 10 12 1 1 10 12 1 1 10 12 1 1 10 10 7 12 1 1 1 10 12 1 100 1 10 10 100 12 1 1 1 9 12 1 1 9 12 1 10 12 1 1 10 10 12 1 1 10 12 10 12 1 10 12 1 1 10 12 1 1 10 12 1 1 10 12 1 10 12 1 1 10 12 1 1 10 12 1 10 12 1 1 8 1 10 12 1 1 10 12 1 10 12 1 10 12 1 10 12 1 10 12 1 10 12 1 10 7 12 1 1 10 12 1 10 12 1 10 100 12 1 1 1 100 1 100 1 10 12 1 10 100 12 1 1 10 12 1 10 12 1 10 12 1 10 12 1 1 10 12 1 10 12 1 1 10 12 1 1 10 10 7 12 1 1 1 10 12 1 10 12 1 10 12 1 1 10 12 1 10 12 1 10 12 1 10 12 1 10 12 1 10 12 1 10 12 1 10 12 1 1 10 12 1 10 12 1 10 12 10 12 1 1 18 12 1 1 100 1 10 100 12 1 1 1 18 10 12 1 1 10 12 1 10 12 1 1 11 12 1 1 10 12 1 10 12 10 10 10 12 1 10 5 0 10 10 12 1 1 100 1 8 1 10 10 12 1 1 10 100 12 1 1 1 10 12 1 10 12 1 1 100 1 10 12 100 1 10 100 1 10 100 1 1 1 1 1 1 1 1 1 1 1 100 1 1 1 1 1 1 1 1 1 1 1 1 1 1 1 1 1 1 1 1 1 1 1 1 1 1 1 1 1 1 1 1 1 1 1 1 1 1 1 1 1 1 1 1 1 1 1 1 1 1 1 1 1 1 1 1 1 1 1 1 1 1 1 1 1 1 1 1 1 1 1 1 1 1 1 1 1 1 1 1 1 1 1 1 1 1 1 1 1 1 1 1 1 1 1 1 1 1 1 1 100 1 1 1 1 1 1 1 1 1 1 1 1 1 1 1 1 1 100 1 1 1 1 1 1 100 1 1 16 1 15 10 12 16 15 10 12 15 10 100 12 1 1 1 1 1 1 1 100 1 100 1 1
staticfield java/lang/AbstractStringBuilder EMPTYVALUE [B 0
ciInstanceKlass java/lang/StringBuffer 1 1 483 10 7 12 1 1 1 10 12 1 10 12 1 10 12 1 1 9 7 12 1 1 1 10 12 1 1 10 12 1 10 12 1 1 9 12 1 1 10 12 1 10 12 1 1 10 12 1 1 10 12 1 10 12 1 1 10 12 1 10 12 1 1 10 12 1 1 10 7 12 1 1 1 10 12 1 1 10 12 1 10 12 1 10 12 1 10 12 1 10 12 1 10 12 1 10 12 1 10 12 1 10 12 1 10 12 1 10 12 1 10 12 1 10 12 1 10 12 1 1 10 12 1 10 12 1 1 10 12 1 1 10 10 12 1 1 10 12 1 10 12 1 10 12 1 10 12 1 10 12 1 10 12 1 10 12 10 12 1 10 12 1 10 12 1 10 12 1 1 10 12 1 10 12 1 10 10 12 1 1 10 12 1 10 12 1 10 12 1 10 10 100 12 1 1 1 10 10 12 1 1 9 12 1 1 10 100 12 1 1 10 100 1 8 10 100 12 1 1 1 8 10 12 1 8 1 10 12 1 10 12 1 10 100 12 1 1 1 10 100 12 1 1 1 7 1 10 12 100 1 8 1 10 10 12 1 1 10 12 1 1 10 12 1 10 12 1 10 12 1 1 10 12 1 10 12 1 10 12 1 10 12 1 10 12 1 10 12 10 12 1 10 12 1 10 12 1 10 12 1 10 12 1 10 12 1 10 12 1 10 12 1 10 12 1 10 12 1 10 12 10 12 10 12 1 10 12 1 10 12 1 10 12 10 12 1 10 12 1 10 12 1 10 12 1 10 12 1 10 12 1 10 12 1 10 12 1 10 12 1 10 12 1 10 12 1 7 1 10 12 1 9 7 12 1 1 1 9 7 1 9 12 1 1 100 1 100 1 100 1 100 1 1 1 1 5 0 1 1 1 1 1 1 1 1 1 1 1 1 1 1 1 1 1 1 1 1 1 1 1 1 1 1 1 1 1 1 1 1 1 1 1 1 1 1 1 1 1 1 1 1 1 1 1 1 1 1 1 1 1 1 1 1 1 1 1 1 1 100 1 1 1 1 1 100 1 1 1 1 1 1 1 1 1 1 1 1 1 1 1 1 1 1
staticfield java/lang/StringBuffer serialPersistentFields [Ljava/io/ObjectStreamField; 3 [Ljava/io/ObjectStreamField;
ciInstanceKlass java/lang/StringBuilder 1 1 422 10 7 12 1 1 1 10 12 1 10 12 1 10 12 1 1 10 7 12 1 1 1 10 7 12 1 1 1 10 12 1 10 12 1 10 12 1 10 12 1 10 12 1 10 12 1 10 12 1 10 12 1 10 12 1 10 12 1 10 12 1 10 12 1 10 12 1 10 12 1 1 10 12 1 10 12 1 1 10 12 1 1 10 12 1 10 12 1 10 12 1 10 12 1 10 12 1 10 12 1 10 12 1 10 12 10 12 1 10 12 1 10 12 1 10 12 1 1 10 12 1 10 12 1 10 12 10 12 1 1 10 12 1 10 12 1 10 12 1 10 100 12 1 1 1 9 12 1 1 10 12 1 10 12 1 1 10 12 1 1 9 12 1 1 10 100 12 1 1 1 10 100 1 10 12 1 1 10 100 12 1 1 10 12 1 10 12 1 1 100 1 100 1 8 1 10 10 12 1 1 10 12 1 10 12 1 10 12 1 1 10 12 1 10 12 1 10 12 1 10 12 1 10 12 1 10 12 10 12 1 10 12 1 10 12 1 10 12 1 10 12 1 10 12 1 10 12 1 10 12 1 10 12 1 1 10 12 1 1 10 12 1 10 12 1 10 12 1 10 12 10 12 10 12 1 10 12 1 10 12 1 10 12 10 12 1 10 12 1 10 12 1 10 12 1 10 12 1 10 12 1 10 12 1 10 12 1 10 12 1 1 10 12 1 10 12 1 1 10 12 1 10 12 1 1 10 12 1 10 12 1 1 10 12 1 10 12 1 10 12 1 10 10 12 1 10 12 1 100 1 100 1 100 1 100 1 1 1 1 5 0 1 1 1 1 1 1 1 1 1 1 1 1 1 1 1 1 1 1 1 1 1 1 1 1 1 1 1 1 1 1 1 1 1 1 1 1 1 1 1 1 1 1 1 1 100 1 1 1 100 1 1 1 1 1 1 1 1 1 1 1
ciInstanceKlass jdk/internal/misc/UnsafeConstants 1 1 34 10 100 12 1 1 1 9 7 12 1 1 1 9 12 1 9 12 1 1 9 12 1 9 12 1 1 1 1 1 1 1 1 1
staticfield jdk/internal/misc/UnsafeConstants ADDRESS_SIZE0 I 8
staticfield jdk/internal/misc/UnsafeConstants PAGE_SIZE I 4096
staticfield jdk/internal/misc/UnsafeConstants BIG_ENDIAN Z 0
staticfield jdk/internal/misc/UnsafeConstants UNALIGNED_ACCESS Z 1
staticfield jdk/internal/misc/UnsafeConstants DATA_CACHE_LINE_FLUSH_SIZE I 0
ciInstanceKlass jdk/internal/misc/Unsafe 1 1 1287 10 7 12 1 1 1 9 7 12 1 1 1 9 12 1 1 10 12 1 1 10 7 12 1 1 1 10 12 1 1 10 12 1 1 10 12 1 1 10 12 1 1 10 12 1 1 10 12 1 1 10 12 1 1 10 12 1 1 10 12 1 1 10 12 1 1 10 12 1 1 10 12 1 1 10 12 1 1 10 12 1 10 12 1 100 1 10 10 12 1 1 10 12 1 1 5 0 10 12 1 1 10 12 1 1 10 7 12 1 1 1 10 12 1 1 10 12 1 10 12 1 10 12 1 1 10 12 1 1 10 12 1 10 12 1 100 1 100 1 10 8 1 10 12 1 1 10 12 1 8 1 10 12 1 1 10 12 1 10 12 1 10 12 1 1 10 12 1 10 12 1 1 10 12 1 1 10 12 1 10 12 1 10 12 1 10 12 1 1 10 12 1 10 12 1 10 12 1 1 10 12 1 5 0 5 0 5 0 10 12 1 10 12 1 10 12 1 10 12 1 10 12 1 10 12 1 10 12 1 10 12 1 10 12 1 1 10 12 1 10 12 1 100 1 8 1 10 100 1 10 10 12 1 1 10 12 1 1 10 12 1 10 12 1 1 10 12 1 1 10 12 1 10 12 1 1 10 12 1 9 7 12 1 1 9 12 1 100 1 10 10 12 1 1 8 1 10 8 1 8 1 10 12 1 1 9 7 12 1 1 1 9 100 1 9 7 1 9 7 1 9 9 100 1 9 7 1 9 100 1 10 12 1 1 10 12 1 1 10 12 1 1 10 12 1 1 5 0 5 0 9 12 1 1 10 12 1 10 12 1 10 12 1 1 10 12 1 1 10 12 1 8 1 3 10 12 1 1 10 12 1 1 10 12 1 10 12 1 1 10 12 1 1 10 12 1 10 12 1 10 12 1 10 12 1 10 12 1 10 12 1 1 10 12 1 1 10 12 1 10 12 1 10 12 1 10 12 1 10 12 1 10 12 1 1 10 12 1 1 10 12 1 10 12 1 10 12 1 10 12 1 10 12 1 10 12 1 1 10 12 1 1 10 12 1 1 10 12 1 1 10 12 1 10 12 1 10 12 1 10 12 1 10 12 1 10 12 1 10 12 1 1 10 12 1 1 10 12 1 10 12 1 10 12 1 10 12 1 10 12 1 10 12 1 10 12 1 1 10 12 1 1 10 12 1 10 12 1 10 12 1 10 12 1 10 12 1 10 12 1 10 12 1 10 12 1 1 10 12 1 10 12 1 10 12 1 10 12 1 10 12 1 1 10 12 1 10 12 1 10 12 1 10 12 1 10 12 1 10 12 1 10 12 1 10 12 1 1 10 12 1 10 12 1 10 12 1 10 12 1 10 12 1 10 12 1 1 10 12 1 10 12 1 10 12 1 1 10 12 1 10 12 1 10 12 1 10 12 1 10 12 1 10 12 1 10 12 1 10 12 1 10 12 1 10 12 1 10 12 1 10 12 1 10 12 1 10 12 1 10 12 1 10 12 1 10 12 1 10 12 1 10 12 1 10 12 1 10 12 1 10 12 1 10 12 1 100 1 10 100 1 10 9 12 1 5 0 10 12 1 1 5 0 10 12 1 5 0 10 12 1 10 12 1 10 12 1 1 10 12 1 1 10 12 1 10 12 1 10 12 1 10 12 1 1 10 12 1 10 12 1 10 12 1 10 12 1 10 12 1 1 10 12 1 10 12 1 10 12 1 10 12 1 1 10 12 1 10 12 1 10 12 1 1 10 12 1 10 12 1 10 12 1 10 12 1 1 10 12 1 10 10 12 1 1 10 12 1 10 12 1 1 10 12 1 10 12 5 0 5 0 5 0 10 12 1 1 10 12 1 10 12 1 10 12 10 100 12 1 1 8 1 100 1 11 12 1 1 8 1 11 12 1 1 10 100 12 1 1 10 12 1 10 12 1 10 12 1 10 12 1 10 12 1 1 10 12 1 10 12 1 10 12 1 10 12 1 10 12 1 10 12 1 10 7 1 10 12 1 9 12 1 7 1 9 12 1 7 1 9 12 1 7 1 9 12 1 7 1 9 12 1 7 1 9 12 1 7 1 9 12 1 7 1 9 12 1 7 1 9 12 1 10 12 1 9 12 1 9 12 1 9 12 1 9 12 1 9 12 1 9 12 1 9 12 1 9 12 1 9 12 1 9 12 1 1 1 3 1 1 1 1 1 1 1 1 1 1 1 1 1 1 1 1 1 1 1 1 1 1 1 1 1 1 1 1 1 1 1 1 1 1 1 1 1 1 1 1 1 1 1 1 1 1 1 1 1 1 1 1 1 1 1 1 1 1 1 1 1 1 1 1 1 1 1 1 1 1 1 1 1 1 1 1 1 1 1 1 1 1 1 1 1 1 1 1 1 100 1 1 1 1 1 1 1 1 1 1 1 1 1 1 1 1 1 1 1 1 1 1 1 1 1 1 1 1 1 1 1 1 1 1 1 1 1 1 1 1 1 1 1 1 1 1 1 1 1 1 1 1 1 1 1 1 1 1 1 1 1 1 1 1 1 1 1 1 1 1 1 1 1 1 1 1 1 1 1 1 1 1 1 1 1 1 1 1 1 1 1 1 1 1 1 1 1 1 1 1 1 1 1 1 1 1 1 1 1 1 1 1 1 1 1 1 1 1 1 1 1 1 1 1 1 1 1 1 1 1 1 1 1 1 1 1 1 1 1 1 1 1 1 1 1 1 1 1 1 1 1 1 1 1 1 1 1 1 1 1 1 1 1 1 1 1 1 1 1 1 1 1 1 1 1 1 1 1 1 1 1 1 1 1 1 1 1 1 1 1 1 1 1 1 1 1 1 1 1 1 1 1 1 1 1 1 3 1 1 1 1 1 1 1 1 1 1 1 1 1 1 1 1 1 1 1 1 1
staticfield jdk/internal/misc/Unsafe theUnsafe Ljdk/internal/misc/Unsafe; jdk/internal/misc/Unsafe
staticfield jdk/internal/misc/Unsafe ARRAY_BOOLEAN_BASE_OFFSET I 16
staticfield jdk/internal/misc/Unsafe ARRAY_BYTE_BASE_OFFSET I 16
staticfield jdk/internal/misc/Unsafe ARRAY_SHORT_BASE_OFFSET I 16
staticfield jdk/internal/misc/Unsafe ARRAY_CHAR_BASE_OFFSET I 16
staticfield jdk/internal/misc/Unsafe ARRAY_INT_BASE_OFFSET I 16
staticfield jdk/internal/misc/Unsafe ARRAY_LONG_BASE_OFFSET I 16
staticfield jdk/internal/misc/Unsafe ARRAY_FLOAT_BASE_OFFSET I 16
staticfield jdk/internal/misc/Unsafe ARRAY_DOUBLE_BASE_OFFSET I 16
staticfield jdk/internal/misc/Unsafe ARRAY_OBJECT_BASE_OFFSET I 16
staticfield jdk/internal/misc/Unsafe ARRAY_BOOLEAN_INDEX_SCALE I 1
staticfield jdk/internal/misc/Unsafe ARRAY_BYTE_INDEX_SCALE I 1
staticfield jdk/internal/misc/Unsafe ARRAY_SHORT_INDEX_SCALE I 2
staticfield jdk/internal/misc/Unsafe ARRAY_CHAR_INDEX_SCALE I 2
staticfield jdk/internal/misc/Unsafe ARRAY_INT_INDEX_SCALE I 4
staticfield jdk/internal/misc/Unsafe ARRAY_LONG_INDEX_SCALE I 8
staticfield jdk/internal/misc/Unsafe ARRAY_FLOAT_INDEX_SCALE I 4
staticfield jdk/internal/misc/Unsafe ARRAY_DOUBLE_INDEX_SCALE I 8
staticfield jdk/internal/misc/Unsafe ARRAY_OBJECT_INDEX_SCALE I 4
staticfield jdk/internal/misc/Unsafe ADDRESS_SIZE I 8
ciInstanceKlass jdk/internal/module/Modules 1 1 504 10 100 12 1 1 1 9 7 12 1 1 1 11 7 12 1 1 1 11 12 1 1 11 12 1 1 11 12 1 1 11 12 1 11 12 1 11 12 1 11 12 1 11 12 1 1 10 100 12 1 1 1 10 100 12 1 1 1 18 12 1 1 10 100 12 1 1 1 100 1 10 100 12 1 1 1 10 100 12 1 1 1 10 100 12 1 1 10 12 1 1 11 12 1 9 12 1 1 11 100 12 1 1 1 10 12 1 1 10 10 12 1 10 9 12 1 1 10 100 12 1 1 10 12 1 1 10 100 12 1 1 100 1 11 100 12 1 1 1 10 100 12 1 1 1 11 100 12 1 1 10 12 1 1 10 100 12 1 1 10 100 12 1 1 1 10 12 1 1 10 12 1 1 11 12 1 1 18 12 1 1 11 100 12 1 1 10 100 12 1 1 1 11 100 12 1 1 1 100 1 11 12 1 1 11 100 12 1 1 1 11 12 1 1 10 12 1 1 10 100 12 1 1 18 12 1 1 11 12 1 1 18 12 1 1 11 12 1 1 10 12 1 18 18 10 12 1 1 9 12 1 1 11 100 12 1 1 1 100 1 10 11 12 1 11 12 1 1 11 12 1 1 10 100 1 10 12 1 1 10 100 12 1 1 10 12 1 1 11 12 10 12 1 1 100 1 10 18 12 1 10 12 1 1 100 1 8 1 10 12 1 10 100 12 1 1 18 12 1 11 11 12 10 12 1 10 10 100 1 18 12 1 10 10 10 7 12 1 1 10 7 12 1 1 1 10 12 1 1 1 1 1 1 1 1 1 1 1 1 1 1 1 1 1 1 1 1 1 1 1 1 1 1 1 1 1 1 1 1 1 100 1 1 1 1 1 1 1 1 1 1 1 1 1 1 1 1 1 1 1 1 1 1 1 1 1 1 1 1 1 1 1 1 1 1 1 100 1 1 1 1 1 1 1 1 1 1 1 1 1 1 1 1 1 1 1 1 1 1 1 16 15 10 12 1 16 16 15 10 12 1 16 1 16 1 15 10 12 1 16 1 16 1 15 10 12 16 1 15 10 16 1 15 10 12 16 1 15 10 12 16 15 10 12 16 15 10 12 15 10 100 12 1 1 1 1 1 1 100 1 100 1 1
staticfield jdk/internal/module/Modules JLA Ljdk/internal/access/JavaLangAccess; java/lang/System$2
staticfield jdk/internal/module/Modules JLMA Ljdk/internal/access/JavaLangModuleAccess; java/lang/module/ModuleDescriptor$1
staticfield jdk/internal/module/Modules $assertionsDisabled Z 1
ciInstanceKlass java/lang/AutoCloseable 1 0 12 100 1 100 1 1 1 1 100 1 1 1
ciInstanceKlass java/io/Closeable 1 0 14 100 1 100 1 100 1 1 1 1 100 1 1 1
instanceKlass sun/nio/ch/NioSocketImpl$1
instanceKlass java/net/Socket$SocketInputStream
instanceKlass sun/security/ssl/SSLSocketImpl$AppInputStream
instanceKlass com/sun/org/apache/xerces/internal/impl/XMLEntityManager$RewindableInputStream
instanceKlass sun/nio/ch/ChannelInputStream
instanceKlass java/util/zip/ZipFile$ZipFileInputStream
instanceKlass java/io/FilterInputStream
instanceKlass java/io/FileInputStream
instanceKlass java/io/ByteArrayInputStream
ciInstanceKlass java/io/InputStream 1 1 195 100 1 10 7 12 1 1 1 100 1 10 10 7 12 1 1 1 10 7 12 1 1 1 10 12 1 100 1 3 10 12 1 1 100 1 8 1 10 12 1 10 7 12 1 1 1 3 100 1 8 1 10 10 100 12 1 1 1 7 1 10 11 7 12 1 1 1 10 12 1 1 11 12 1 1 11 7 12 1 1 1 11 12 1 1 7 1 10 7 12 1 1 1 5 0 10 12 1 10 12 1 1 100 1 10 8 1 10 8 1 8 1 10 12 1 1 10 100 12 1 1 1 100 1 5 0 10 12 1 100 1 100 1 1 1 1 3 1 3 1 1 1 1 1 1 1 1 1 1 1 1 1 1 1 1 1 1 1 1 1 1 1 1 1 1 1 1 1 1 1 1 1 1 1 1 1 1 1 1 1 1 1 1 1 1 1 1 1 1 1 1 1 1 1
ciInstanceKlass java/io/ByteArrayInputStream 1 1 117 10 7 12 1 1 1 9 7 12 1 1 1 9 12 1 1 9 12 1 9 12 1 10 7 12 1 1 1 10 7 12 1 1 1 10 7 12 1 1 1 10 100 12 1 1 1 10 12 1 1 3 10 100 1 10 100 12 1 1 1 9 12 1 1 100 1 10 10 7 12 1 1 1 1 1 1 1 1 1 1 1 1 1 1 1 1 1 1 1 1 1 1 1 1 1 1 1 1 1 1 1 100 1 1 1 1 1 1 1 1 1 1 1 1 1 1
staticfield java/io/ByteArrayInputStream $assertionsDisabled Z 1
ciInstanceKlass java/net/URL 1 1 771 10 7 12 1 1 1 10 12 1 10 7 12 1 1 9 12 1 1 9 12 1 10 7 12 1 1 1 10 12 1 1 10 12 1 1 9 12 1 1 10 7 12 1 1 1 8 1 10 12 1 1 100 1 10 10 12 1 1 8 1 10 12 1 1 9 12 1 100 1 8 1 10 12 1 10 12 1 8 1 9 12 1 10 12 1 1 9 12 1 10 12 1 10 12 1 9 12 1 9 12 1 8 1 9 12 1 10 12 1 1 8 1 9 12 1 1 10 12 1 1 10 7 12 1 1 1 8 1 10 12 1 7 1 10 12 1 10 12 1 10 12 1 10 12 1 1 10 12 1 1 8 1 10 12 1 1 10 12 1 8 1 9 12 1 8 1 10 12 1 10 7 12 1 1 1 100 1 10 12 1 10 12 1 1 10 7 12 1 1 1 100 1 8 1 10 10 12 1 8 1 10 12 1 1 10 12 1 10 12 1 10 12 1 10 12 1 10 12 1 10 12 1 8 1 10 12 1 8 1 10 10 100 1 10 10 12 1 8 1 10 7 12 1 1 1 10 12 1 9 100 12 1 1 1 10 100 12 1 1 1 9 12 1 1 10 12 1 10 100 12 1 1 1 100 1 100 1 10 12 1 10 12 1 10 12 1 10 12 1 10 12 1 10 12 10 10 12 1 10 12 1 10 12 1 1 8 1 9 7 12 1 1 1 10 100 12 1 1 1 10 12 1 1 9 7 12 1 1 1 10 12 1 1 100 1 10 12 1 10 12 1 10 10 12 1 1 10 12 1 1 10 12 1 10 12 1 10 12 1 10 7 12 1 1 1 10 12 1 1 10 12 1 9 12 1 1 9 12 1 1 100 1 8 1 10 10 12 1 9 12 1 1 10 7 12 1 1 8 1 10 7 12 1 1 8 1 10 12 1 1 10 12 1 8 1 8 1 10 7 12 1 1 1 100 1 10 100 12 1 1 1 10 12 1 10 12 1 7 1 10 9 7 12 1 1 1 10 7 12 1 1 10 12 1 1 10 12 1 8 1 7 1 10 10 7 12 1 1 1 10 12 1 8 9 7 12 1 1 1 10 12 1 1 10 12 1 10 12 1 1 10 7 12 1 1 11 7 12 1 1 10 12 1 10 12 1 9 12 1 10 12 1 1 10 100 12 1 1 10 100 12 1 1 1 8 10 100 12 1 1 100 1 10 8 8 10 12 1 8 8 8 100 1 10 12 1 9 12 1 1 10 12 1 10 12 1 1 10 12 1 10 12 10 12 1 1 10 12 1 1 10 10 10 12 1 10 12 1 10 12 1 10 12 1 10 12 1 10 10 12 1 100 1 8 1 10 10 10 12 1 1 10 12 1 10 12 1 1 8 1 7 1 10 10 7 1 10 12 1 9 7 12 1 1 1 9 12 1 1 7 1 10 10 7 12 1 1 1 100 1 1 1 1 1 5 0 1 1 1 1 1 1 1 1 1 1 1 1 1 1 1 1 1 1 1 1 1 1 1 1 1 1 1 1 1 1 1 1 1 1 1 1 1 1 1 1 1 1 1 1 1 1 1 1 100 1 1 1 1 1 1 1 1 1 1 1 1 1 1 1 1 1 1 1 1 1 1 1 1 1 1 1 1 1 1 1 1 1 1 1 1 1 100 1 1 1 1 1 1 1 1 1 1 1 1 1 1 1 1 1 100 1 1 1 1 1 1 1 1 1 1 1 1 1 1 1 1 1 1 1
staticfield java/net/URL defaultFactory Ljava/net/URLStreamHandlerFactory; java/net/URL$DefaultFactory
staticfield java/net/URL streamHandlerLock Ljava/lang/Object; java/lang/Object
staticfield java/net/URL serialPersistentFields [Ljava/io/ObjectStreamField; 7 [Ljava/io/ObjectStreamField;
ciInstanceKlass java/net/URLClassLoader 0 0 600 10 100 12 1 1 1 100 1 10 12 1 9 100 12 1 1 1 10 100 12 1 1 1 9 12 1 1 100 1 10 12 1 9 12 1 1 10 12 1 10 10 12 1 10 100 12 1 1 1 10 12 1 1 10 100 12 1 1 1 10 100 12 1 1 1 100 1 10 12 1 1 10 12 1 1 10 12 1 1 100 1 100 1 10 100 12 1 1 1 100 1 8 1 10 12 1 10 100 12 1 1 1 10 12 1 1 10 12 1 1 11 100 12 1 1 1 11 100 12 1 1 1 11 12 1 1 100 1 11 12 1 11 100 12 1 1 10 12 1 11 12 1 11 12 1 1 11 10 12 1 1 10 12 1 1 10 12 1 1 100 1 10 12 1 10 12 1 1 100 1 100 1 10 12 1 1 100 1 10 10 12 1 1 10 100 12 1 1 10 12 1 100 1 100 1 10 8 1 10 12 1 1 8 1 10 12 1 1 10 10 12 1 8 1 8 1 10 12 1 1 10 100 12 1 1 1 10 100 12 1 1 1 10 12 1 1 10 12 1 1 10 12 1 1 10 12 1 10 12 1 100 1 100 1 8 1 10 12 1 10 12 1 1 10 12 1 1 100 1 10 12 1 10 100 12 1 1 1 10 12 1 1 10 12 1 1 10 12 1 1 10 12 1 10 100 12 1 1 1 10 12 1 1 8 1 10 12 1 1 11 100 12 1 1 1 9 100 12 1 1 1 10 100 12 1 1 1 9 12 1 9 12 1 9 12 1 9 12 1 9 12 1 9 12 1 10 100 12 1 1 1 8 1 10 12 1 1 100 1 10 10 12 1 10 12 1 1 10 12 1 1 100 1 10 12 1 10 12 1 1 10 12 1 10 12 1 1 100 1 10 100 12 1 1 9 100 12 1 1 1 10 12 1 8 1 100 1 8 1 10 12 1 10 12 1 8 1 10 12 1 10 12 1 9 12 1 1 10 100 12 1 1 10 12 1 10 12 1 10 100 1 8 1 10 100 1 10 12 1 10 100 12 1 100 1 10 12 1 10 12 1 100 1 10 10 100 12 1 1 1 1 1 1 1 1 1 1 1 1 1 1 1 1 1 1 1 1 1 1 1 1 1 1 1 1 1 1 1 1 1 1 1 1 1 100 1 100 1 100 1 100 1 1 1 1 1 1 1 1 1 1 1 1 1 1 1 1 1 1 1 1 1 1 1 1 1 1 1 1 1 1 1 1 1 1 1 1 1 1 1 1 1 1 1 1 1 1 100 1 1 1 1 1 1 1 1 1 1 1 1 1 1 1 1 1 1 1 1 1 1 1 1 1 1 1 1 1 1 1 1 1 1 1 1 1 100 1 1 1
instanceKlass com/google/wireless/android/sdk/stats/ProductDetails$CpuArchitecture
instanceKlass com/android/tools/analytics/Environment$SystemProperty
instanceKlass sun/security/ssl/Alert$Level
instanceKlass sun/security/ssl/Alert
instanceKlass javax/net/ssl/SSLEngineResult$HandshakeStatus
instanceKlass sun/security/ssl/Finished$VerifyDataScheme
instanceKlass sun/security/util/DomainName$Rule$Type
instanceKlass sun/security/util/RegisteredDomain$Type
instanceKlass java/time/Month
instanceKlass sun/security/validator/CADistrustPolicy
instanceKlass jdk/internal/icu/util/CodePointTrie$ValueWidth
instanceKlass jdk/internal/icu/util/CodePointTrie$Type
instanceKlass java/text/Normalizer$Form
instanceKlass sun/security/ssl/SSLTrafficKeyDerivation$KeySchedule
instanceKlass sun/security/ssl/SSLTrafficKeyDerivation
instanceKlass sun/security/ssl/SSLSecretDerivation$SecretSchedule
instanceKlass sun/security/ssl/ContentType
instanceKlass sun/security/ssl/SSLKeyExchange$T12KeyAgreement
instanceKlass sun/security/ssl/PskKeyExchangeModesExtension$PskKeyExchangeMode
instanceKlass java/util/stream/MatchOps$MatchKind
instanceKlass sun/security/ssl/ECPointFormatsExtension$ECPointFormat
instanceKlass sun/security/ssl/CertStatusExtension$CertStatusRequestType
instanceKlass sun/security/ssl/SSLExtension
instanceKlass java/net/StandardProtocolFamily
instanceKlass jdk/internal/util/OperatingSystem
instanceKlass sun/security/ssl/SSLScope
instanceKlass sun/security/ssl/SignatureScheme$SigAlgParamSpec
instanceKlass sun/security/ssl/SignatureScheme
instanceKlass sun/security/ssl/ClientAuthType
instanceKlass sun/security/ssl/SSLHandshake
instanceKlass sun/net/www/protocol/http/HttpURLConnection$TunnelState
instanceKlass sun/util/logging/PlatformLogger$Level
instanceKlass java/security/DrbgParameters$Capability
instanceKlass java/lang/System$Logger$Level
instanceKlass sun/security/rsa/RSAUtil$KeyType
instanceKlass sun/security/ssl/NamedGroup
instanceKlass sun/security/ssl/NamedGroup$NamedGroupSpec
instanceKlass sun/security/ssl/CipherSuite$KeyExchange
instanceKlass sun/security/ssl/CipherSuite$MacAlg
instanceKlass sun/security/ssl/CipherSuite$HashAlg
instanceKlass java/lang/StackWalker$Option
instanceKlass sun/security/ssl/CipherType
instanceKlass sun/security/ssl/SSLCipher
instanceKlass sun/security/ssl/CipherSuite
instanceKlass java/security/CryptoPrimitive
instanceKlass java/time/temporal/ChronoUnit
instanceKlass java/time/temporal/ChronoField
instanceKlass sun/security/util/DisabledAlgorithmConstraints$Constraint$Operator
instanceKlass sun/security/ssl/ProtocolVersion
instanceKlass java/net/Proxy$Type
instanceKlass com/android/repository/Revision$PreviewComparison
instanceKlass com/android/repository/Revision$Precision
instanceKlass sun/security/util/KnownOIDs
instanceKlass java/util/Locale$Category
instanceKlass java/util/Comparators$NaturalOrderComparator
instanceKlass com/sun/org/apache/xerces/internal/impl/XMLScanner$NameType
instanceKlass com/sun/org/apache/xerces/internal/util/Status
instanceKlass javax/xml/catalog/CatalogFeatures$Feature
instanceKlass com/sun/org/apache/xerces/internal/utils/XMLSecurityPropertyManager$Property
instanceKlass com/sun/org/apache/xerces/internal/utils/XMLSecurityPropertyManager$State
instanceKlass com/sun/org/apache/xerces/internal/utils/XMLSecurityManager$NameMap
instanceKlass jdk/xml/internal/JdkProperty$State
instanceKlass com/sun/org/apache/xerces/internal/utils/XMLSecurityManager$Limit
instanceKlass javax/xml/bind/annotation/XmlAccessOrder
instanceKlass com/sun/xml/bind/v2/model/core/ID
instanceKlass com/sun/xml/bind/v2/model/core/PropertyKind
instanceKlass com/sun/xml/bind/v2/model/impl/ClassInfoImpl$PropertyGroup
instanceKlass com/sun/xml/bind/v2/model/impl/ClassInfoImpl$SecondaryAnnotation
instanceKlass javax/xml/bind/annotation/XmlAccessType
instanceKlass jdk/internal/logger/BootstrapLogger$LoggingBackend
instanceKlass java/util/stream/Collector$Characteristics
instanceKlass java/util/stream/StreamShape
instanceKlass java/util/stream/StreamOpFlag$Type
instanceKlass java/util/stream/StreamOpFlag
instanceKlass kotlin/coroutines/intrinsics/CoroutineSingletons
instanceKlass kotlinx/coroutines/CoroutineStart
instanceKlass java/math/RoundingMode
instanceKlass com/android/sdklib/repository/legacy/descriptors/PkgType
instanceKlass com/android/sdklib/repository/legacy/remote/internal/DownloadCache$Strategy
instanceKlass com/android/prefs/VariableType
instanceKlass com/android/prefs/Global
instanceKlass java/lang/reflect/ProxyGenerator$PrimitiveTypeInfo
instanceKlass java/lang/annotation/RetentionPolicy
instanceKlass javax/xml/bind/annotation/XmlNsForm
instanceKlass sun/util/locale/provider/LocaleProviderAdapter$Type
instanceKlass java/util/regex/Pattern$Qtype
instanceKlass com/android/utils/StdLogger$Level
instanceKlass java/nio/file/AccessMode
instanceKlass java/lang/invoke/MethodHandles$Lookup$ClassOption
instanceKlass java/lang/invoke/VarHandle$AccessType
instanceKlass java/lang/invoke/VarHandle$AccessMode
instanceKlass java/lang/invoke/MethodHandleImpl$Intrinsic
instanceKlass java/lang/invoke/LambdaForm$BasicType
instanceKlass java/lang/invoke/LambdaForm$Kind
instanceKlass sun/invoke/util/Wrapper
instanceKlass java/util/zip/ZipCoder$Comparison
instanceKlass java/nio/file/LinkOption
instanceKlass sun/nio/fs/WindowsPathType
instanceKlass java/nio/file/StandardOpenOption
instanceKlass java/io/File$PathStatus
instanceKlass java/lang/module/ModuleDescriptor$Requires$Modifier
instanceKlass java/lang/reflect/AccessFlag$Location
instanceKlass java/lang/reflect/AccessFlag
instanceKlass java/lang/module/ModuleDescriptor$Modifier
instanceKlass com/jetbrains/internal/IoOverNio$Debug
instanceKlass java/lang/reflect/ClassFileFormatVersion
instanceKlass java/util/concurrent/TimeUnit
instanceKlass java/lang/Thread$State
ciInstanceKlass java/lang/Enum 1 1 204 9 7 12 1 1 1 9 12 1 1 10 7 12 1 1 1 9 12 1 10 7 12 1 1 1 100 1 10 10 12 1 1 10 12 1 100 1 10 10 7 12 1 1 10 12 1 1 18 12 1 1 10 100 12 1 1 1 10 12 1 1 11 7 12 1 1 1 100 1 8 1 10 12 1 100 1 100 1 10 8 1 10 12 1 1 10 12 1 1 8 1 10 12 1 10 100 1 8 1 10 10 12 1 1 10 100 12 1 1 1 100 1 100 1 100 1 1 1 1 1 1 1 1 1 1 1 1 1 1 1 1 1 1 1 1 1 1 1 1 1 1 1 1 1 1 1 1 1 1 1 1 1 1 1 1 1 1 1 1 1 1 1 3 1 1 1 1 100 1 100 1 1 100 1 1 1 1 1 1 1 1 1 1 1 16 15 10 12 16 15 10 100 12 1 1 1 1 1 100 1 100 1 1
ciInstanceKlass java/util/jar/Manifest 1 1 339 10 7 12 1 1 1 7 1 10 9 7 12 1 1 1 7 1 10 9 12 1 1 9 12 1 1 10 12 1 10 12 1 1 10 12 1 1 10 12 1 1 10 12 1 1 11 7 1 11 12 1 1 10 12 1 1 10 100 12 1 1 1 100 1 100 1 10 8 1 10 12 1 1 10 12 1 1 10 12 1 10 12 1 11 100 1 10 12 1 10 12 1 1 11 12 1 1 10 12 1 11 12 1 1 11 100 12 1 1 1 11 100 12 1 1 11 12 1 1 100 1 10 12 1 8 1 11 12 1 100 1 10 12 1 1 11 12 1 10 12 1 10 12 1 10 100 12 1 1 1 8 1 10 12 1 1 10 9 100 12 1 1 1 10 12 1 1 10 100 12 1 10 12 1 10 12 1 9 100 12 1 1 1 8 1 10 12 1 8 1 8 1 7 1 10 12 1 10 12 1 10 12 1 1 100 1 8 1 10 12 1 1 8 1 10 10 12 1 1 8 1 10 12 1 1 10 100 12 1 1 1 10 12 1 10 11 12 1 1 10 12 1 10 100 12 1 1 1 10 12 1 1 10 12 1 10 12 1 1 11 10 12 1 11 10 12 1 100 1 1 1 1 1 1 1 1 1 1 1 1 1 1 1 1 1 1 1 1 1 1 1 1 1 1 1 1 1 1 1 1 1 1 1 1 1 1 1 1 1 1 1 100 1 1 1 1 1 1 1 1 1 1 1 1 1 1 100 1 1 1 1 1 1 1 1 1 1 1
instanceKlass jdk/internal/loader/ClassLoaders$BootClassLoader
instanceKlass jdk/internal/loader/ClassLoaders$PlatformClassLoader
instanceKlass jdk/internal/loader/ClassLoaders$AppClassLoader
ciInstanceKlass jdk/internal/loader/BuiltinClassLoader 1 1 757 9 7 12 1 1 1 10 7 12 1 1 1 10 7 12 1 1 1 9 12 1 1 9 12 1 1 7 1 10 12 1 9 12 1 10 12 1 9 12 1 10 7 12 1 1 1 10 7 12 1 1 1 10 7 12 1 1 1 11 7 12 1 1 1 100 1 100 1 10 10 12 1 1 8 1 10 12 1 10 12 7 1 10 12 1 10 12 1 1 11 7 12 1 1 1 11 7 12 1 1 1 11 12 1 1 7 1 8 1 8 1 10 9 12 1 1 10 7 12 1 1 11 12 1 1 10 12 1 1 10 12 1 1 10 12 1 1 10 7 12 1 1 1 10 12 1 10 100 12 1 1 1 10 12 1 1 11 7 12 1 1 1 10 7 12 1 1 7 1 10 7 12 1 1 1 10 12 1 100 1 8 1 10 12 1 1 10 8 1 10 12 1 1 10 12 1 1 10 12 1 1 11 7 12 1 1 11 12 1 7 1 10 11 12 1 1 11 10 12 1 1 7 1 10 12 1 10 7 12 1 10 12 1 7 1 10 12 1 10 7 12 1 1 1 100 1 10 12 1 1 11 12 1 100 1 100 1 10 12 1 10 12 1 1 100 1 100 1 10 12 1 10 12 1 18 12 1 1 10 12 1 10 12 1 1 18 100 1 10 7 12 1 1 1 7 1 10 10 12 1 1 10 12 1 1 10 12 1 1 10 12 1 9 12 1 1 100 1 10 10 12 1 1 10 12 1 1 10 12 1 10 12 10 12 1 1 10 12 1 1 10 12 1 1 10 12 1 10 7 12 1 1 1 10 12 1 1 10 7 12 1 1 18 12 1 7 1 100 1 10 12 1 1 10 12 1 1 10 12 1 10 12 1 1 10 12 1 100 1 10 12 1 7 1 10 12 1 10 7 12 1 1 1 10 12 1 11 12 1 7 1 10 12 1 7 1 100 1 10 12 1 10 12 1 11 12 1 1 10 12 1 1 10 12 1 1 10 12 1 1 10 12 1 1 10 12 1 10 12 1 10 12 1 10 12 1 8 1 10 12 1 1 10 7 12 1 1 10 12 1 100 1 8 1 8 1 10 10 12 1 8 1 8 1 10 7 12 1 1 1 11 7 12 1 1 1 9 7 12 1 1 1 10 7 12 1 1 1 9 12 1 9 12 1 9 12 1 9 12 1 9 12 1 9 12 1 10 7 12 1 1 1 8 1 10 12 1 7 1 10 12 1 1 10 12 1 7 1 10 11 12 1 1 10 12 10 12 1 10 12 1 100 1 10 12 1 10 12 1 10 10 12 1 10 7 12 1 1 8 1 10 7 12 1 1 10 12 1 1 1 1 1 1 1 1 1 1 1 1 1 1 1 1 1 1 1 1 1 1 1 1 1 1 1 1 1 1 1 1 1 1 1 1 1 1 1 1 1 1 1 1 1 1 1 1 1 1 1 1 1 1 1 1 100 1 1 1 1 1 1 1 1 1 1 1 1 1 1 1 1 1 1 100 1 1 1 1 1 1 100 1 1 1 1 1 1 1 1 1 1 1 1 1 1 1 1 1 1 1 1 1 1 1 1 1 1 1 1 1 1 1 1 1 1 1 1 1 1 1 1 1 1 1 1 1 1 1 1 100 1 1 16 15 10 12 16 15 10 12 16 15 10 12 16 1 15 10 100 12 1 1 1 1 1 1 100 1 1 1 1 1 100 1 100 1 1
staticfield jdk/internal/loader/BuiltinClassLoader packageToModule Ljava/util/Map; java/util/concurrent/ConcurrentHashMap
staticfield jdk/internal/loader/BuiltinClassLoader $assertionsDisabled Z 1
ciInstanceKlass jdk/internal/loader/ClassLoaders 1 1 183 10 100 12 1 1 1 10 7 12 1 1 1 10 12 1 1 10 100 12 1 1 1 9 7 12 1 1 1 9 12 1 1 9 12 1 1 7 1 11 100 12 1 1 1 100 1 11 12 1 1 11 12 1 1 10 100 12 1 1 1 10 100 12 1 1 1 100 1 100 1 10 7 12 1 1 1 9 12 1 1 10 12 1 1 7 1 10 12 1 1 10 12 1 7 1 8 1 10 7 12 1 1 1 10 12 1 1 7 1 10 12 1 10 12 1 10 12 1 8 1 10 7 12 1 1 8 1 8 1 10 12 1 7 1 10 12 1 10 12 1 10 12 1 1 1 1 1 1 1 1 1 1 1 1 1 1 1 1 1 1 1 1 100 1 1 1 1 1 1 1 1 1 1 1 1 1 1 1 1 1 1 1
staticfield jdk/internal/loader/ClassLoaders JLA Ljdk/internal/access/JavaLangAccess; java/lang/System$2
staticfield jdk/internal/loader/ClassLoaders BOOT_LOADER Ljdk/internal/loader/ClassLoaders$BootClassLoader; jdk/internal/loader/ClassLoaders$BootClassLoader
staticfield jdk/internal/loader/ClassLoaders PLATFORM_LOADER Ljdk/internal/loader/ClassLoaders$PlatformClassLoader; jdk/internal/loader/ClassLoaders$PlatformClassLoader
staticfield jdk/internal/loader/ClassLoaders APP_LOADER Ljdk/internal/loader/ClassLoaders$AppClassLoader; jdk/internal/loader/ClassLoaders$AppClassLoader
ciInstanceKlass jdk/internal/loader/ClassLoaders$AppClassLoader 1 1 119 8 1 10 7 12 1 1 1 10 7 12 1 1 1 10 100 12 1 1 1 10 12 1 1 10 100 12 1 1 1 10 12 1 1 10 12 1 1 7 1 8 1 10 12 10 7 12 1 1 1 10 100 12 1 1 10 12 1 1 10 12 1 1 10 7 12 1 1 1 100 1 10 12 1 1 1 1 1 1 1 1 1 1 1 1 1 1 1 1 1 1 1 1 1 100 1 1 1 1 1 1 1 1 1 1 1 1 1 1 1 1 1 1 1 100 1 1 1
ciInstanceKlass jdk/internal/loader/ClassLoaders$PlatformClassLoader 1 1 42 8 1 10 7 12 1 1 1 10 7 12 1 1 1 100 1 10 12 1 100 1 1 1 1 1 1 1 1 1 1 1 1 1 1 100 1 1 1 100 1 1
ciInstanceKlass java/security/CodeSource 1 1 398 10 7 12 1 1 1 9 7 12 1 1 1 9 12 1 1 9 12 1 1 9 12 1 1 10 7 12 1 1 1 9 12 1 1 10 100 12 1 1 10 100 10 100 12 1 1 1 10 100 12 1 1 1 10 12 1 1 100 1 10 10 100 12 1 1 1 10 100 12 1 1 1 10 12 1 1 100 1 10 12 1 1 10 12 1 1 10 12 1 1 10 12 1 10 10 10 12 1 1 10 100 12 1 1 1 10 12 1 10 12 1 10 12 1 8 1 10 12 1 10 12 1 10 12 1 1 10 12 1 8 1 10 12 1 1 10 100 1 10 10 12 1 1 8 1 10 12 1 10 12 1 10 12 1 8 1 8 1 9 12 1 1 100 1 8 1 10 12 1 10 12 1 1 8 1 10 12 1 8 1 8 1 8 1 10 100 12 1 1 10 12 1 1 10 12 1 10 12 1 1 10 12 1 1 10 12 1 1 100 1 100 1 10 12 1 10 12 10 12 1 1 10 100 12 1 1 10 12 1 100 1 10 12 10 100 12 1 1 1 10 8 1 10 12 1 10 12 1 10 12 1 1 100 1 10 12 1 1 100 1 100 1 8 1 8 1 10 10 12 1 1 10 100 12 1 1 1 100 1 10 12 10 12 1 1 11 100 12 1 1 10 10 12 1 11 10 12 1 8 1 100 1 10 12 1 10 12 1 1 10 12 1 11 12 1 1 100 1 1 1 1 5 0 1 1 1 1 1 1 1 1 1 1 1 1 1 1 1 1 1 1 1 1 1 1 1 1 1 1 1 1 1 1 1 1 1 1 1 1 1 1 1 1 1 1 1 1 1 1 1 1 1 1 1 1 1 1 1 1 1 1 1 1 1 1 1 1 1 1 100 1 1 1 1 1 1 1
ciInstanceKlass java/util/concurrent/ConcurrentMap 1 1 208 11 100 12 1 1 1 10 100 12 1 1 11 12 1 1 11 100 12 1 1 1 11 100 12 1 1 1 11 12 1 1 100 1 11 12 1 11 12 1 100 1 11 100 12 1 1 1 18 12 1 11 12 1 1 11 100 12 1 1 11 12 1 1 11 100 12 1 11 12 1 1 11 12 1 1 100 1 100 1 1 1 1 1 1 1 1 1 1 1 1 1 1 1 1 1 1 1 1 1 1 1 1 1 1 1 1 1 1 1 1 1 1 1 1 1 1 1 1 1 1 1 1 1 1 1 1 1 1 1 1 1 1 1 1 1 1 1 1 16 15 11 12 15 10 100 12 1 1 1 1 1 100 1 100 1 1 1 100 1 8 1 1 12 10 1 1 1 8 1 1 1 8 1 1 8 1 1 1 8 1 1 1 8 1 1 1 8 1 1 1 8 1 1 1 8 1 1 1 8 1 1 1 8 1 1 8 1
instanceKlass java/util/concurrent/ConcurrentSkipListMap
instanceKlass java/util/EnumMap
instanceKlass java/util/TreeMap
instanceKlass java/util/IdentityHashMap
instanceKlass java/util/WeakHashMap
instanceKlass java/util/Collections$EmptyMap
instanceKlass sun/util/PreHashedMap
instanceKlass java/util/HashMap
instanceKlass java/util/ImmutableCollections$AbstractImmutableMap
instanceKlass java/util/concurrent/ConcurrentHashMap
ciInstanceKlass java/util/AbstractMap 1 1 196 10 7 12 1 1 1 10 7 12 1 1 1 11 7 12 1 1 1 10 11 12 1 1 11 7 12 1 1 1 11 12 1 1 7 1 11 12 1 10 12 1 1 11 12 1 100 1 10 11 12 1 11 7 1 10 12 1 1 11 12 1 9 12 1 1 7 1 10 12 1 9 12 1 1 100 1 10 11 11 12 1 1 11 12 1 100 1 100 1 11 12 1 8 1 7 1 10 10 12 1 1 8 1 10 12 1 10 12 1 1 10 12 1 1 1 1 1 1 1 1 1 1 1 1 1 1 1 1 1 1 1 1 1 1 1 1 1 1 1 1 1 1 1 1 1 1 1 1 1 1 1 1 100 1 1 1 1 1 1 1 100 1 1 1 1 1 1 1 1 1 100 1 1 1 1 1 1 1 1 1 100 1 100 1 100 1 100 1 100 1 1 1 1 1 1
ciInstanceKlass java/util/concurrent/ConcurrentHashMap 1 1 1210 7 1 7 1 3 10 12 1 1 3 100 1 10 7 12 1 1 1 100 1 10 100 12 1 1 1 100 1 11 12 1 1 11 12 1 11 12 1 1 9 12 1 1 9 12 1 1 9 12 1 10 7 12 1 1 1 7 1 10 12 1 1 10 12 1 1 10 7 12 1 1 1 4 10 12 1 9 12 1 10 12 1 1 100 1 10 5 0 10 12 1 10 12 1 1 5 0 10 12 1 1 10 12 1 9 12 1 1 10 12 1 1 9 12 1 9 12 1 1 10 12 1 1 9 12 1 10 12 1 1 9 12 1 1 10 12 1 1 100 1 10 100 1 10 12 1 10 12 1 1 10 12 1 1 10 12 1 1 10 12 1 10 12 1 1 10 12 1 1 100 1 10 12 1 1 7 1 100 1 8 1 10 12 1 10 12 1 1 10 12 1 1 11 7 12 1 1 10 12 1 1 11 12 1 1 11 7 12 1 1 1 11 7 12 1 1 1 11 12 1 7 1 11 12 1 11 12 1 10 12 1 1 10 12 1 1 9 12 1 1 10 100 12 1 1 1 9 10 12 1 1 9 12 1 10 12 1 1 5 0 9 12 1 1 7 1 10 12 1 9 12 1 1 7 1 10 12 1 9 12 1 7 1 10 100 1 10 10 12 1 1 8 1 10 12 1 10 12 1 1 11 100 1 10 12 1 10 100 12 1 1 1 8 1 10 100 12 1 1 1 8 1 10 12 1 8 1 10 12 1 10 12 1 1 10 100 12 1 1 10 12 1 10 12 1 10 12 1 9 12 1 9 10 12 1 9 12 1 1 11 100 12 1 1 1 11 7 12 1 1 1 100 1 10 12 11 100 12 1 1 10 11 7 12 1 10 12 1 100 1 10 12 1 100 1 10 10 9 7 12 1 1 1 10 12 3 10 100 12 1 1 9 12 1 10 12 1 1 9 12 1 1 9 12 1 10 12 1 1 10 100 12 1 1 9 12 1 9 7 12 1 1 10 12 1 1 10 12 1 3 9 12 1 9 12 1 10 12 1 1 7 1 9 3 9 12 1 100 1 10 12 1 9 12 1 10 12 1 9 12 1 10 12 1 9 12 1 10 100 12 1 1 1 100 10 12 1 100 1 5 0 10 100 12 1 1 100 1 10 12 1 1 10 12 1 10 12 1 100 1 10 12 1 10 100 1 100 1 10 10 12 1 10 100 1 10 12 1 10 100 1 10 12 1 10 100 1 10 12 1 1 100 1 10 12 1 10 10 12 1 100 1 10 12 1 10 10 12 1 100 1 10 12 1 10 100 1 10 12 1 10 100 1 10 12 1 10 100 1 10 12 1 10 100 1 10 12 1 10 100 1 10 12 1 10 100 1 10 12 1 10 100 1 10 12 1 10 100 1 10 10 100 1 10 10 100 1 10 10 100 1 10 12 1 10 100 1 10 12 1 10 100 1 10 12 1 10 100 1 10 12 1 10 100 1 10 12 1 10 100 1 10 10 100 1 10 10 100 1 10 10 100 1 10 12 1 10 100 1 10 12 1 10 100 1 10 12 1 10 100 1 10 12 1 10 100 1 10 12 1 10 10 12 1 10 7 12 1 1 1 10 12 1 7 1 7 1 10 12 1 9 12 1 1 9 12 1 1 10 12 1 1 8 10 12 1 1 8 8 8 8 7 10 12 1 1 10 12 1 100 1 8 1 10 7 1 100 1 100 1 1 1 5 0 1 1 3 1 3 1 1 1 1 3 1 3 1 3 1 1 1 1 1 3 1 3 1 3 1 1 1 1 1 1 1 1 1 1 1 1 1 1 1 1 1 1 1 1 1 1 1 1 1 100 1 1 1 1 1 1 1 1 1 1 1 1 1 1 1 1 1 1 1 1 1 1 1 1 1 1 1 1 1 1 1 1 1 1 1 1 1 1 1 1 1 1 1 1 1 1 1 1 1 1 1 1 1 1 1 1 1 1 1 1 1 1 1 1 1 1 1 1 1 1 1 1 1 1 1 1 1 1 1 1 1 1 1 1 100 1 1 1 1 1 1 1 1 1 1 1 100 1 1 1 1 1 1 1 1 1 1 1 1 1 1 1 1 1 1 1 1 1 1 1 1 1 1 1 1 1 1 1 1 1 1 1 1 1 1 1 1 1 1 1 1 1 1 1 1 1 1 1 1 1 1 1 1 1 1 1 1 1 1 1 1 1 1 1 1 1 1 1 1 1 1 1 1 1 1 1 1 1 1 1 1 1 1 1 1 1 1 1 1 1 1 1 1 1 1 1 1 1 1 1 1 1 1 1 1 1 1 1 1 1 1 1 1 1 1 1 1 1 1 1 1 1 1 1 1 1 1 1 1 1 1 1 1 1 1 1 1 1 1 1 1 1 1 1 1 1 1 1 1 1 1 1 1 1 1 1 1 1 1 1 1 1 1 1 1 1 1 1 1 1 1 1 1 1 1 1 1 1 1 1 1 1 1 1 1 1 1 1 1 1 1 1 1 1 1 1 1 1 1 1 1 1 1 1 1 1 1 1 1 1 1 1 1 1 1 1 1 1 1 1 100 1 100 1 100 1 100 1 100 1 100 1 100 1 100 1 100 1 1 1 1 1 1 1 1 1 1 1 1 1 1 1 1 1 1 1 1 1 1 1 1 1 1 1 1 1 1 1 1 1 1 1 1 1 1 1 1 1 1 1 1 1 1 1 1 1 1 1 1 1 1 1 1 1 1
staticfield java/util/concurrent/ConcurrentHashMap NCPU I 12
staticfield java/util/concurrent/ConcurrentHashMap serialPersistentFields [Ljava/io/ObjectStreamField; 3 [Ljava/io/ObjectStreamField;
staticfield java/util/concurrent/ConcurrentHashMap U Ljdk/internal/misc/Unsafe; jdk/internal/misc/Unsafe
staticfield java/util/concurrent/ConcurrentHashMap SIZECTL J 20
staticfield java/util/concurrent/ConcurrentHashMap TRANSFERINDEX J 32
staticfield java/util/concurrent/ConcurrentHashMap BASECOUNT J 24
staticfield java/util/concurrent/ConcurrentHashMap CELLSBUSY J 36
staticfield java/util/concurrent/ConcurrentHashMap CELLVALUE J 144
staticfield java/util/concurrent/ConcurrentHashMap ABASE I 16
staticfield java/util/concurrent/ConcurrentHashMap ASHIFT I 2
ciInstanceKlass java/lang/Iterable 1 1 62 10 7 12 1 1 1 11 7 12 1 1 1 11 7 12 1 1 1 11 12 1 1 11 7 12 1 1 1 10 100 12 1 1 1 100 1 1 1 1 1 1 1 1 1 1 1 1 1 1 1 1 1 1 1 1 1 1 1 1 1 1
ciInstanceKlass java/util/Collection 1 1 115 11 7 12 1 1 1 7 1 11 7 12 1 1 1 10 100 12 1 1 1 11 12 1 1 11 100 12 1 1 1 11 12 1 1 11 100 12 1 1 1 11 12 1 1 10 100 12 1 1 1 11 12 1 10 7 12 1 1 1 100 1 100 1 1 1 1 1 1 1 1 1 1 1 1 1 1 1 1 1 1 1 1 1 1 1 1 1 1 1 1 1 1 1 1 1 1 1 1 1 1 1 1 1 1 1 1 1 1 1 1 1 1 1 1
ciInstanceKlass java/util/SequencedCollection 1 1 109 100 1 10 12 1 1 11 100 12 1 1 1 11 100 12 1 1 1 11 12 1 1 11 12 1 100 1 100 1 1 1 1 1 1 1 1 1 1 1 1 1 1 1 1 1 1 1 1 1 1 1 1 1 1 1 1 1 100 1 8 1 1 12 10 1 1 1 8 1 1 1 8 1 1 1 8 1 1 1 8 1 1 8 1 1 1 8 1 1 8 1 1 1 8 1 1 8 1 1 1 8 1 1 8 1 1 8 1
ciInstanceKlass java/util/List 1 1 251 10 100 12 1 1 1 11 100 12 1 1 1 11 100 12 1 1 1 11 12 1 1 11 100 12 1 1 11 12 1 1 11 12 1 1 10 100 12 1 1 1 100 1 100 1 10 12 1 1 100 1 10 100 12 1 1 1 11 12 1 1 11 12 1 11 12 1 100 1 10 12 1 11 12 1 1 11 12 1 1 11 12 1 10 100 12 1 1 1 9 7 12 1 1 1 7 1 10 12 10 12 1 7 1 10 12 1 1 10 12 1 10 12 1 1 11 12 1 1 100 1 1 1 1 1 1 1 1 1 1 1 1 1 1 1 1 1 1 1 1 1 1 1 1 1 1 1 1 1 1 1 1 1 1 1 1 1 1 1 1 1 1 1 1 100 1 100 1 1 1 1 1 1 1 1 1 1 1 1 1 1 1 1 1 1 1 1 1 1 1 1 1 1 1 1 1 1 1 1 1 1 1 1 1 1 1 1 1 1 1 1 1 1 1 1 1 1 1 1 1 1 1 1 1 1 1 1 1 1 1 1 1 1 1 1 1 1 1 1 1 1 1 1 100 1 1 100 1 1 1
ciInstanceKlass java/util/RandomAccess 1 0 7 100 1 100 1 1 1
instanceKlass java/util/TreeMap$Values
instanceKlass java/util/AbstractQueue
instanceKlass java/util/IdentityHashMap$Values
instanceKlass com/google/common/collect/ImmutableCollection
instanceKlass java/util/HashMap$Values
instanceKlass java/util/LinkedHashMap$LinkedValues
instanceKlass java/util/ArrayDeque
instanceKlass java/util/AbstractSet
instanceKlass java/util/ImmutableCollections$AbstractImmutableCollection
instanceKlass java/util/AbstractList
ciInstanceKlass java/util/AbstractCollection 1 1 160 10 7 12 1 1 1 10 7 12 1 1 1 10 12 1 1 11 7 12 1 1 1 11 12 1 1 10 12 1 1 10 100 12 1 1 1 10 12 1 1 10 12 1 1 10 7 12 1 1 10 7 12 1 1 1 7 1 10 100 12 1 1 1 10 100 12 1 1 1 100 1 10 11 12 1 11 7 1 10 12 1 10 12 1 10 7 12 1 1 1 11 8 1 100 1 10 10 12 1 1 8 1 10 12 1 10 12 1 1 1 1 1 1 1 1 1 1 1 1 1 1 1 1 1 1 1 1 1 1 1 1 1 1 1 1 1 1 1 1 1 1 1 1 1 1 1 1 1 1 1 1 1 1 1 1 1 1 1 1
instanceKlass sun/security/jca/ProviderList$ServiceList
instanceKlass sun/security/jca/ProviderList$3
instanceKlass java/util/Vector
instanceKlass com/sun/xml/bind/v2/model/impl/ElementPropertyInfoImpl$1
instanceKlass java/util/Collections$SingletonList
instanceKlass java/util/ArrayList$SubList
instanceKlass java/util/AbstractSequentialList
instanceKlass java/util/Arrays$ArrayList
instanceKlass java/util/Collections$EmptyList
instanceKlass java/util/ArrayList
ciInstanceKlass java/util/AbstractList 1 1 218 10 7 12 1 1 1 9 7 12 1 1 1 10 12 1 1 10 12 1 1 100 1 10 10 12 1 1 11 7 12 1 1 1 11 12 1 1 11 12 1 10 7 12 1 1 1 10 12 1 11 12 1 11 12 1 11 12 1 10 12 1 1 10 12 1 1 11 100 12 1 1 1 11 7 1 11 7 1 10 12 1 7 1 10 12 1 10 12 1 1 100 1 100 1 10 12 1 100 1 10 100 1 100 1 10 8 1 10 12 1 1 10 12 1 10 12 1 1 10 12 1 8 1 100 1 8 1 8 1 8 1 10 7 1 11 10 10 12 1 11 12 1 10 12 1 1 8 1 8 1 1 1 1 1 1 1 1 1 1 1 1 1 1 1 1 1 1 1 1 1 1 1 1 1 1 1 1 1 1 1 1 1 1 1 1 1 1 1 1 1 1 1 1 1 1 1 1 1 1 1 1 1 1 1 1 1 1 100 1 100 1 1 1 1 1 1 1
instanceKlass com/sun/istack/FinalArrayList
ciInstanceKlass java/util/ArrayList 1 1 509 10 7 12 1 1 1 7 1 9 7 12 1 1 1 9 12 1 100 1 100 1 10 8 1 10 12 1 1 10 12 1 10 12 1 1 10 12 1 9 12 1 11 7 12 1 1 1 9 12 1 1 11 12 1 1 7 10 7 12 1 1 1 9 12 1 10 12 1 10 12 1 1 10 7 12 1 1 1 10 7 12 1 1 1 10 12 1 1 10 12 1 1 10 12 1 1 10 12 1 10 12 1 1 100 1 100 1 10 12 1 10 10 7 12 1 1 1 10 7 12 1 1 10 12 1 100 1 10 10 12 10 12 1 1 10 12 1 1 10 12 1 10 12 10 12 1 1 100 1 10 12 1 1 10 12 1 1 10 12 1 100 1 10 11 12 1 1 11 100 12 1 1 1 11 12 1 10 12 1 10 12 1 10 12 1 1 100 1 10 12 1 1 10 10 12 1 1 10 12 1 8 1 8 1 8 1 8 1 10 12 1 1 10 12 1 1 11 12 1 100 1 10 100 12 1 1 10 12 1 10 12 1 1 10 100 12 1 1 10 12 1 10 100 12 1 1 1 11 100 12 1 1 1 10 12 1 100 1 8 1 10 100 1 10 12 1 7 1 10 12 1 10 12 1 1 7 1 10 12 1 10 12 1 1 11 100 12 1 1 7 1 10 12 1 10 12 1 1 11 100 12 1 1 10 12 1 1 10 12 1 1 10 12 1 1 10 12 1 1 11 100 12 1 1 10 12 1 1 100 1 100 1 100 1 1 1 1 5 0 1 3 1 1 1 1 1 1 1 1 1 1 1 1 1 1 1 1 1 1 1 1 1 1 1 1 1 1 1 1 1 1 1 1 1 1 1 1 1 1 1 1 1 1 1 1 1 1 1 1 1 1 1 1 1 1 1 1 1 1 1 1 1 1 1 1 1 1 1 1 1 1 1 1 1 1 1 1 1 1 1 1 1 1 1 1 1 1 1 1 1 1 1 1 1 1 1 1 1 1 1 1 1 1 1 1 100 1 1 1 1 100 1 1 1 1 1 1 1 1 1 1 1 1 1 1 1 1 1 1 1 1 1 1 1 1 1 1 1 1 1 100 1 1 1 1 1 1 1 1 1 1 1 1 1 1 1 1 1 1 100 1 100 1 1 1 1 1 1
staticfield java/util/ArrayList EMPTY_ELEMENTDATA [Ljava/lang/Object; 0 [Ljava/lang/Object;
staticfield java/util/ArrayList DEFAULTCAPACITY_EMPTY_ELEMENTDATA [Ljava/lang/Object; 0 [Ljava/lang/Object;
ciInstanceKlass java/lang/StackTraceElement 1 1 235 10 7 12 1 1 1 10 7 12 1 1 9 12 1 1 9 12 1 1 9 12 1 9 12 1 8 1 10 100 12 1 1 1 100 1 9 12 1 8 1 9 12 1 9 12 1 9 12 1 1 10 12 1 1 10 12 1 8 1 10 100 12 1 1 1 100 1 10 12 1 10 12 1 1 10 12 1 10 12 1 1 10 12 1 10 12 1 10 10 12 1 8 1 10 12 1 10 12 1 1 10 12 1 1 10 12 1 10 12 1 10 12 1 9 12 1 1 10 7 12 1 1 1 10 12 1 1 7 1 10 12 1 1 10 7 12 1 1 10 7 12 1 1 1 10 7 12 1 1 10 7 12 1 1 10 10 12 1 1 10 12 1 1 10 12 1 1 10 12 1 100 1 1 1 1 1 1 1 3 1 3 1 1 5 0 1 1 1 1 1 1 1 1 1 1 1 1 1 1 1 1 1 1 1 1 1 1 1 1 1 1 1 1 1 100 1 100 1 1 1 1 1 1 1 100 1 1 1 1 1 1 1 1 1
instanceKlass java/nio/DoubleBuffer
instanceKlass java/nio/FloatBuffer
instanceKlass java/nio/ShortBuffer
instanceKlass java/nio/CharBuffer
instanceKlass java/nio/IntBuffer
instanceKlass java/nio/LongBuffer
instanceKlass java/nio/ByteBuffer
ciInstanceKlass java/nio/Buffer 1 1 256 100 1 10 7 12 1 1 1 9 7 12 1 1 1 9 12 1 9 12 1 1 9 12 1 9 12 1 1 10 12 1 1 10 12 1 1 10 12 100 1 100 1 10 8 1 10 12 1 1 10 12 1 8 1 8 1 10 12 1 1 10 12 1 8 1 9 12 1 1 100 1 8 1 10 12 1 8 1 8 1 9 12 10 12 1 8 1 8 1 8 1 10 12 1 8 1 8 1 8 1 100 1 10 100 1 10 100 1 10 9 12 1 1 10 7 12 1 1 1 100 1 10 12 1 1 10 12 1 10 100 12 1 1 10 7 12 1 1 1 10 7 12 1 1 1 9 12 1 1 10 7 12 1 1 1 9 12 1 1 7 1 10 10 12 1 1 7 1 10 10 7 12 1 1 1 1 1 3 1 1 1 1 1 1 1 1 1 1 1 1 1 1 100 1 1 1 1 1 1 1 100 1 1 1 1 1 1 1 1 1 1 1 1 1 1 1 1 1 1 1 1 1 1 1 1 1 1 1 1 1 1 1 1 1 1 1 1 1 1 1 100 1 100 1 100 1 100 1 100 1 100 1 100 1 1
staticfield java/nio/Buffer UNSAFE Ljdk/internal/misc/Unsafe; jdk/internal/misc/Unsafe
staticfield java/nio/Buffer SCOPED_MEMORY_ACCESS Ljdk/internal/misc/ScopedMemoryAccess; jdk/internal/misc/ScopedMemoryAccess
staticfield java/nio/Buffer IOOBE_FORMATTER Ljava/util/function/BiFunction; jdk/internal/util/Preconditions$4
staticfield java/nio/Buffer $assertionsDisabled Z 1
ciInstanceKlass java/lang/StackWalker 1 1 271 9 7 12 1 1 1 7 1 10 7 12 1 1 1 10 12 1 1 10 7 12 1 1 1 10 12 1 1 10 12 1 11 7 12 1 1 1 10 12 1 1 10 12 1 1 10 12 1 1 100 1 8 1 10 12 1 10 12 1 10 12 1 10 7 12 1 1 9 12 1 1 9 12 1 1 9 12 1 1 9 12 1 1 10 12 1 1 9 12 1 1 9 12 1 1 9 12 1 1 10 7 12 1 1 1 11 12 1 1 100 1 8 1 10 10 100 12 1 1 9 12 1 1 10 12 1 1 10 100 12 1 1 1 10 100 12 1 1 1 18 12 1 1 100 1 8 1 10 8 1 10 12 1 1 10 100 12 1 1 1 10 12 1 1 9 100 12 1 1 11 100 12 1 1 1 10 12 1 1 1 1 1 1 1 1 1 1 1 1 1 1 1 1 1 1 1 1 1 1 1 1 1 1 1 1 1 1 1 1 1 1 1 1 1 1 1 1 1 1 1 1 1 1 1 1 1 1 1 1 1 1 1 1 1 1 1 1 1 1 1 1 1 1 100 1 1 16 15 10 12 16 1 15 10 100 12 1 1 1 1 1 1 1 1 1 100 1 100 1 1
staticfield java/lang/StackWalker DEFAULT_EMPTY_OPTION Ljava/util/EnumSet; java/util/RegularEnumSet
staticfield java/lang/StackWalker DEFAULT_WALKER Ljava/lang/StackWalker; java/lang/StackWalker
ciInstanceKlass java/lang/StackStreamFactory$AbstractStackWalker 1 0 375 100 1 100 1 3 10 100 12 1 1 1 10 100 12 1 1 10 100 12 1 1 1 9 12 1 1 10 12 1 1 9 12 1 1 9 12 1 1 9 12 1 1 9 12 1 10 100 12 1 1 1 10 12 1 1 10 100 12 1 1 9 12 1 1 9 12 1 1 10 12 1 1 9 100 12 1 1 1 10 12 1 1 10 12 1 9 12 1 1 10 100 12 1 1 1 10 12 1 1 9 12 1 1 9 100 12 1 1 1 100 1 10 8 1 10 12 1 1 10 12 1 8 1 10 12 1 1 10 100 12 1 1 1 100 1 8 1 10 12 1 8 1 10 12 10 100 12 1 1 9 12 1 8 1 5 0 8 1 8 1 9 12 1 1 10 12 1 1 18 12 1 1 10 100 12 1 1 1 10 12 1 1 10 12 1 10 12 1 9 12 1 10 12 1 10 12 1 10 12 1 10 12 1 10 12 1 10 12 1 1 8 1 10 12 1 10 12 1 10 12 1 10 12 1 1 8 1 10 12 1 1 10 12 1 1 10 12 1 1 10 12 1 10 12 1 10 100 12 1 1 1 10 12 1 10 12 1 9 12 1 8 1 10 12 1 10 12 1 10 12 1 1 10 12 1 10 12 1 10 12 1 1 10 12 1 10 12 1 10 12 1 10 12 1 10 12 1 10 12 1 1 10 12 1 1 10 12 1 8 1 1 1 1 1 1 1 1 1 1 1 1 1 100 1 1 1 1 1 1 1 100 1 1 1 1 100 1 1 1 1 1 1 1 1 1 1 1 1 1 1 1 1 1 1 1 16 15 15 10 100 12 1 1 1 1 1 1 1 1 100 1 100 1 1
ciInstanceKlass java/lang/StackWalker$StackFrame 0 0 41 100 1 10 12 1 1 100 1 100 1 1 1 1 1 1 1 1 1 1 1 1 1 1 1 1 1 1 1 1 1 1 1 1 1 1 1 100 1 1 1
instanceKlass java/lang/LiveStackFrameInfo
ciInstanceKlass java/lang/StackFrameInfo 0 0 142 10 100 12 1 1 1 9 100 12 1 1 1 9 100 1 9 12 1 1 11 100 12 1 1 1 9 12 1 1 11 12 1 1 10 12 1 1 10 100 12 1 1 1 10 12 1 11 12 1 11 12 1 1 11 12 1 10 12 1 1 9 12 1 1 10 12 1 1 10 100 12 1 1 10 12 1 1 11 12 1 1 9 12 1 1 10 100 1 10 12 1 9 12 1 1 10 12 1 1 100 1 8 1 10 12 1 10 100 12 1 1 1 100 1 1 1 1 1 1 1 1 1 1 1 1 1 1 1 1 1 1 100 1 1 100 1 1 1 1 1 1
ciInstanceKlass java/lang/LiveStackFrame 0 0 135 100 1 10 100 12 1 1 1 11 100 12 1 1 1 11 12 1 10 100 12 1 1 1 100 1 8 1 10 12 1 1 10 100 12 1 1 1 9 100 12 1 1 1 10 100 12 1 1 1 10 100 12 1 1 1 11 12 1 10 12 1 100 1 100 1 1 1 1 1 1 1 1 1 1 1 1 1 1 1 1 1 1 1 1 1 1 1 1 1 1 1 1 100 1 1 1 1 1 1 1 100 1 8 1 1 12 10 1 1 1 8 1 1 1 8 1 1 1 8 1 1 1 8 1 1 8 1 1 1 8 1 1 8 1
ciInstanceKlass java/lang/LiveStackFrameInfo 0 0 97 10 100 12 1 1 1 9 100 12 1 1 1 9 12 1 9 12 1 9 12 1 9 12 1 1 100 1 10 12 1 1 10 12 1 8 1 10 12 1 1 8 1 8 1 8 1 10 100 1 10 12 1 100 1 10 12 1 100 1 100 1 1 1 3 1 3 1 1 1 1 1 1 1 1 1 1 1 1 1 1 1 1 1 1 1 1 1 1 1 1 1 1 1 100 1 1
instanceKlass java/util/concurrent/locks/AbstractQueuedSynchronizer
ciInstanceKlass java/util/concurrent/locks/AbstractOwnableSynchronizer 1 1 32 10 7 12 1 1 1 9 7 12 1 1 1 100 1 1 1 1 5 0 1 1 1 1 1 1 1 1 1 1 1 1
ciInstanceKlass java/lang/Boolean 1 1 152 10 7 12 1 1 1 9 7 12 1 1 1 10 12 1 1 10 12 1 8 1 10 7 12 1 1 9 12 1 1 9 12 1 10 12 1 1 10 12 1 1 10 12 1 1 10 7 12 1 1 1 100 1 100 1 10 12 1 1 9 100 12 1 1 9 12 10 100 12 1 1 1 10 12 1 1 8 1 10 7 12 1 1 1 9 12 1 1 100 1 100 1 100 1 1 1 1 1 1 5 0 1 1 1 1 1 1 1 1 1 1 3 1 1 1 1 1 1 1 1 1 1 1 1 1 1 1 1 1 1 100 1 1 1 1 1 1 1 1 1 1 100 1 1 1 1 1 1 1 1 1
staticfield java/lang/Boolean TRUE Ljava/lang/Boolean; java/lang/Boolean
staticfield java/lang/Boolean FALSE Ljava/lang/Boolean; java/lang/Boolean
staticfield java/lang/Boolean TYPE Ljava/lang/Class; java/lang/Class
ciInstanceKlass java/lang/Character 1 1 604 7 1 100 1 100 1 9 12 1 1 8 1 9 12 1 1 100 1 9 12 1 1 10 100 12 1 1 1 10 100 12 1 1 1 10 100 12 1 1 1 10 7 12 1 1 1 9 7 12 1 1 1 10 12 1 10 12 1 1 10 12 1 1 10 100 12 1 1 10 12 1 1 3 3 3 3 3 10 12 1 1 10 12 1 3 11 7 12 1 1 1 11 12 1 1 10 12 1 1 10 12 1 1 100 1 10 10 12 1 3 10 12 1 1 10 12 1 10 12 1 1 100 1 8 1 10 12 1 1 10 12 1 10 12 1 10 12 1 10 100 12 1 1 1 10 12 1 10 12 1 10 12 1 1 10 12 1 10 7 12 1 1 10 10 12 1 10 10 12 1 10 12 1 1 10 12 1 10 10 12 1 10 12 1 10 12 1 10 12 1 10 12 1 10 12 1 10 12 1 10 12 10 10 12 10 10 12 1 10 10 12 1 10 10 12 1 10 10 12 1 10 12 1 10 12 1 10 12 1 10 12 1 10 12 1 10 12 1 10 10 12 1 10 10 12 1 10 10 12 1 1 10 10 12 1 10 5 0 10 12 1 10 12 1 10 10 12 1 10 10 12 1 1 10 10 12 1 10 10 12 1 9 12 1 1 100 1 10 10 12 1 10 12 1 1 3 10 100 12 1 1 1 10 12 1 10 100 12 1 1 100 1 10 10 12 1 1 10 12 1 1 10 12 1 1 8 1 10 12 1 9 100 12 1 1 1 10 12 1 10 10 12 1 10 12 1 1 10 12 1 10 10 12 1 1 10 10 12 1 1 100 1 8 1 10 12 1 1 10 7 12 1 1 1 8 1 10 12 1 1 9 12 1 1 100 1 100 1 100 1 1 1 1 3 1 3 1 3 1 3 1 1 1 1 1 3 1 1 3 1 3 1 3 1 3 1 3 1 3 1 3 1 3 1 3 1 3 1 3 1 3 1 3 1 3 1 3 1 3 1 3 1 3 1 3 1 3 1 3 1 3 1 3 1 3 1 3 1 3 1 3 1 3 1 1 1 1 1 1 1 1 1 1 1 1 1 1 1 1 1 1 1 3 1 1 1 1 1 1 1 3 1 1 3 1 1 1 1 1 3 1 1 5 0 1 1 1 1 1 1 1 1 1 1 1 1 1 1 1 1 1 1 1 1 1 1 1 1 1 1 1 1 1 1 1 1 1 1 1 1 1 1 1 1 1 1 1 1 1 1 1 1 1 1 1 1 1 1 1 1 1 1 1 1 1 1 1 1 1 1 1 1 1 1 1 1 1 1 1 1 1 1 1 1 1 1 1 1 1 1 1 1 1 1 100 1 100 1 1 1 1 1 1
staticfield java/lang/Character TYPE Ljava/lang/Class; java/lang/Class
staticfield java/lang/Character $assertionsDisabled Z 1
instanceKlass com/sun/jna/IntegerType
instanceKlass java/util/concurrent/atomic/Striped64
instanceKlass java/math/BigDecimal
instanceKlass java/math/BigInteger
instanceKlass java/util/concurrent/atomic/AtomicLong
instanceKlass java/util/concurrent/atomic/AtomicInteger
instanceKlass java/lang/Long
instanceKlass java/lang/Integer
instanceKlass java/lang/Short
instanceKlass java/lang/Byte
instanceKlass java/lang/Double
instanceKlass java/lang/Float
ciInstanceKlass java/lang/Number 1 1 37 10 7 12 1 1 1 10 7 12 1 1 1 100 1 1 1 1 5 0 1 1 1 1 1 1 1 1 1 1 1 1 1 1 1 1 1
ciInstanceKlass java/lang/Float 1 1 279 7 1 100 1 10 100 12 1 1 1 10 100 12 1 1 1 4 100 1 10 12 1 1 10 12 1 1 8 1 8 1 10 100 12 1 1 1 10 12 1 1 10 12 1 1 10 100 1 4 10 7 12 1 1 9 12 1 1 10 12 1 1 10 12 1 10 10 12 1 1 10 12 1 10 12 1 3 3 100 1 4 4 4 3 10 12 1 1 9 12 1 1 100 1 10 3 3 4 4 10 12 1 3 3 3 10 12 1 1 10 12 1 1 10 12 1 10 100 12 1 1 1 10 12 1 1 10 12 1 1 10 7 12 1 1 1 8 1 10 12 1 1 9 12 1 1 100 1 100 1 100 1 1 1 1 4 1 4 1 1 1 4 1 1 3 1 3 1 3 1 3 1 3 1 1 1 1 5 0 1 1 1 1 1 1 1 1 1 1 100 1 1 1 1 1 1 1 1 1 1 1 1 1 3 1 1 1 1 1 1 1 1 1 1 1 1 1 1 1 1 1 1 1 1 1 1 1 1 1 1 1 1 1 1 1 1 1 1 1 1 1 1 1 1 1 1 1 1 1 1 1 1 1 1 1 1 1 1 1 1 1 1 1 1 1 100 1 1 1 1 1 1 1 100 1 100 1 1
staticfield java/lang/Float TYPE Ljava/lang/Class; java/lang/Class
staticfield java/lang/Float $assertionsDisabled Z 1
ciInstanceKlass java/lang/Double 1 1 290 7 1 100 1 10 100 12 1 1 1 10 12 1 1 10 100 1 10 12 1 1 10 7 12 1 1 1 6 0 8 1 10 12 1 1 8 1 10 12 1 1 8 1 6 0 10 12 1 1 100 1 5 0 5 0 8 1 8 1 10 100 12 1 1 1 10 100 12 1 1 1 8 1 10 12 1 1 8 1 8 1 8 1 10 12 1 1 10 12 1 10 12 1 1 10 12 1 10 12 1 10 12 1 1 10 12 1 10 7 1 6 0 10 7 12 1 1 9 12 1 1 10 12 1 10 12 1 10 12 1 10 12 1 10 12 1 5 0 10 12 1 1 10 12 1 10 12 1 10 100 12 1 1 1 10 12 1 1 10 12 1 1 8 1 10 7 12 1 1 1 9 12 1 1 100 1 100 1 100 1 1 1 6 0 1 6 0 1 6 0 1 1 1 6 0 1 1 3 1 3 1 3 1 3 1 3 1 1 1 1 5 0 1 1 1 1 1 1 1 1 1 1 1 1 1 1 1 1 100 1 1 1 1 1 1 1 1 1 1 1 1 3 1 1 1 1 1 1 1 1 1 1 1 1 1 1 1 1 1 1 1 1 1 1 1 1 1 1 1 1 1 1 1 1 1 1 100 1 1 1 1 1 1 1 100 1 100 1 1
staticfield java/lang/Double TYPE Ljava/lang/Class; java/lang/Class
ciInstanceKlass java/lang/Byte 1 1 213 7 1 100 1 10 100 12 1 1 1 9 12 1 1 8 1 9 12 1 1 100 1 10 12 1 1 10 12 1 1 10 100 12 1 1 1 10 100 12 1 1 1 9 7 12 1 1 1 10 12 1 1 100 1 100 1 10 12 1 1 8 1 10 12 1 1 8 1 10 12 1 10 12 1 10 12 1 10 12 1 1 10 12 1 10 12 1 10 12 1 1 10 8 1 8 1 10 7 1 9 12 1 1 10 12 1 1 10 12 1 1 10 12 1 1 10 12 1 5 0 10 12 1 1 8 1 10 7 12 1 1 1 9 12 1 1 100 1 100 1 1 1 3 1 3 1 1 1 1 3 1 3 1 1 5 0 1 1 1 1 1 1 1 1 1 1 1 1 1 1 1 1 1 1 1 1 1 1 1 1 1 1 1 1 1 1 1 1 1 1 1 1 1 1 1 1 1 1 1 1 1 1 1 1 1 1 1 1 1 1 1 1
staticfield java/lang/Byte TYPE Ljava/lang/Class; java/lang/Class
ciInstanceKlass java/lang/Short 1 1 222 7 1 100 1 100 1 10 100 12 1 1 1 10 12 1 1 100 1 100 1 10 12 1 1 8 1 10 12 1 1 8 1 10 12 1 10 12 1 10 12 1 10 12 1 1 10 12 1 1 10 12 1 9 12 1 1 8 1 9 12 1 1 100 1 10 12 1 1 10 12 1 10 100 12 1 1 1 10 100 12 1 1 1 9 7 12 1 1 1 10 12 1 10 12 1 1 10 8 1 8 1 10 7 1 9 12 1 1 10 12 1 1 10 12 1 1 10 12 1 1 10 12 1 3 3 5 0 10 12 1 1 8 1 10 7 12 1 1 1 9 12 1 1 100 1 100 1 1 1 3 1 3 1 1 1 1 3 1 3 1 1 5 0 1 1 1 1 1 1 1 1 1 1 1 1 1 1 1 1 1 1 1 1 1 1 1 1 1 1 1 3 1 1 1 1 1 1 1 1 1 1 1 1 1 1 1 1 1 1 1 1 1 1 1 1 1 1 1 1 1 1
staticfield java/lang/Short TYPE Ljava/lang/Class; java/lang/Class
ciInstanceKlass java/lang/Integer 1 1 453 7 1 100 1 7 1 7 1 10 12 1 1 9 12 1 1 9 12 1 1 10 100 12 1 1 1 10 12 1 1 10 100 12 1 1 1 10 10 12 1 1 10 100 12 1 1 1 10 12 1 10 12 1 1 10 7 12 1 1 1 10 12 1 1 10 12 1 1 10 12 1 10 12 1 10 12 1 1 10 10 12 1 9 12 1 1 9 12 1 7 1 8 1 10 12 1 100 1 10 12 1 8 1 10 12 1 1 10 12 1 8 1 10 12 1 8 1 10 12 1 1 3 10 12 1 1 3 10 12 1 1 10 12 1 1 10 7 12 1 1 1 11 7 1 10 12 1 1 11 10 12 1 1 8 1 10 12 1 1 8 1 100 1 10 12 1 1 10 12 1 1 5 0 8 1 10 12 1 10 12 1 10 12 1 10 12 1 1 7 1 9 12 1 1 9 12 1 1 10 12 1 10 7 1 9 12 1 10 12 1 10 12 1 10 12 1 1 10 7 12 1 1 1 100 1 100 1 10 12 1 1 10 12 1 1 8 1 8 1 10 12 1 1 8 1 8 1 8 1 8 1 8 1 8 1 10 12 1 10 12 1 5 0 3 3 3 3 10 12 1 10 12 1 3 10 12 1 10 100 12 1 1 1 10 12 1 1 10 12 1 1 8 1 10 7 12 1 1 1 9 12 1 1 100 1 100 1 100 1 1 1 1 3 1 1 1 3 1 3 1 1 5 0 1 1 1 1 1 1 1 1 1 100 1 1 1 1 1 1 1 1 1 1 1 1 1 1 1 1 1 1 1 1 1 1 1 1 1 1 1 1 1 1 1 1 1 1 1 1 1 1 1 1 3 1 1 1 1 1 1 1 1 1 1 1 1 1 1 1 1 100 1 1 1 1 1 1 1 1 1 1 1 1 1 1 1 1 1 1 1 1 1 1 1 1 1 1 1 1 1 1 1 1 1 1 1 1 1 1 1 1 1 1 1 1 1 1 100 1 1 1 1 1 1 1 1 1 100 1 100 1 1
staticfield java/lang/Integer TYPE Ljava/lang/Class; java/lang/Class
staticfield java/lang/Integer digits [C 36
staticfield java/lang/Integer DigitTens [B 100
staticfield java/lang/Integer DigitOnes [B 100
ciInstanceKlass java/lang/Long 1 1 524 7 1 100 1 7 1 7 1 10 12 1 1 9 12 1 1 9 7 12 1 1 1 10 100 12 1 1 1 10 12 1 1 10 100 12 1 1 1 10 10 12 10 12 1 10 12 1 10 12 1 5 0 5 0 7 1 10 12 1 1 10 12 1 1 10 12 1 10 12 1 10 12 1 10 12 1 1 10 100 12 1 1 10 12 1 10 12 1 1 10 12 1 1 10 12 1 1 10 12 1 1 10 7 12 1 1 1 10 12 1 1 10 12 1 10 12 1 10 12 1 10 12 1 1 10 10 12 1 5 0 5 0 9 12 1 1 9 12 1 5 0 100 1 8 1 10 12 1 8 1 10 12 1 8 1 8 1 10 12 1 1 5 0 10 12 1 1 5 0 10 12 1 1 10 12 1 1 10 100 12 1 1 1 11 100 1 10 12 1 1 11 10 12 1 1 8 1 10 12 1 1 8 1 100 1 10 12 1 1 10 12 1 8 1 8 1 11 12 1 1 10 12 1 10 12 1 10 12 1 5 0 5 0 9 7 12 1 1 1 10 12 1 10 12 1 1 8 1 8 1 10 12 1 1 8 1 8 1 8 1 8 1 8 1 8 1 10 12 1 10 7 1 9 12 1 1 10 12 1 10 12 1 1 10 12 1 1 10 100 12 1 1 1 100 1 100 1 10 12 1 1 10 12 1 1 5 0 10 12 1 10 12 1 5 0 5 0 5 0 10 12 1 1 10 12 1 5 0 5 0 10 12 1 10 12 1 10 100 12 1 1 1 10 12 1 1 10 12 1 1 8 1 10 7 12 1 1 1 9 12 1 1 100 1 100 1 100 1 1 1 1 5 0 1 1 1 1 3 1 3 1 5 0 1 1 1 1 1 1 1 1 1 100 1 1 1 1 1 1 1 1 1 1 1 1 1 1 1 1 1 1 1 1 1 1 1 1 1 1 1 1 1 1 1 1 1 1 1 1 1 1 1 1 1 1 1 1 1 1 1 1 1 1 1 1 1 1 1 3 1 1 1 1 1 1 1 1 1 1 1 1 1 1 1 100 1 1 1 1 1 1 1 1 1 1 1 1 1 1 1 1 1 1 1 1 1 1 1 1 1 1 1 1 1 1 1 1 1 1 1 1 1 1 1 1 1 1 1 100 1 1 1 1 1 1 1 1 1 100 1 100 1 1
staticfield java/lang/Long TYPE Ljava/lang/Class; java/lang/Class
ciInstanceKlass java/util/Iterator 1 1 53 100 1 8 1 10 12 1 1 10 7 12 1 1 1 11 7 12 1 1 1 11 12 1 1 11 7 12 1 1 1 100 1 1 1 1 1 1 1 1 1 1 1 1 1 1 1 1 1 1 1 1 1
ciInstanceKlass java/lang/reflect/RecordComponent 0 0 196 10 100 12 1 1 1 9 100 12 1 1 1 9 12 1 1 9 12 1 10 12 1 1 10 12 1 1 10 100 12 1 1 1 10 12 1 1 9 12 1 1 10 12 1 1 10 12 1 1 10 12 1 10 100 12 1 1 10 100 12 1 1 9 12 1 1 10 100 12 1 1 1 11 100 12 1 1 1 10 9 100 12 1 1 1 10 100 12 1 1 1 9 12 1 1 10 100 12 1 1 1 10 12 1 1 11 100 12 1 1 10 100 12 1 1 100 1 9 12 1 9 12 1 1 9 12 1 10 100 12 1 1 1 10 12 1 1 10 12 1 1 100 1 10 10 12 1 10 12 1 1 8 1 10 12 1 10 12 1 9 12 1 100 1 1 1 1 1 1 1 1 1 1 1 1 1 1 1 1 1 1 1 1 1 1 100 1 1 1 1 1 1 100 1 1
ciInstanceKlass jdk/internal/vm/vector/VectorSupport 0 0 573 100 1 10 100 12 1 1 1 9 12 1 1 10 12 1 1 100 1 10 12 1 11 100 12 1 1 1 11 100 12 1 1 1 11 100 12 1 1 11 100 12 1 1 11 100 12 1 1 1 11 100 12 1 1 11 100 12 1 1 11 100 12 1 1 11 100 12 1 1 11 100 12 1 1 11 100 12 1 1 11 100 12 1 1 1 11 100 12 1 1 11 100 12 1 1 1 11 100 12 1 1 1 11 100 12 1 1 11 100 12 1 1 1 11 100 12 1 1 100 1 10 12 1 1 11 100 12 1 1 11 100 12 1 1 11 100 12 1 1 11 100 12 1 1 11 100 12 1 1 11 100 12 1 1 9 12 1 1 10 100 12 1 1 11 100 12 1 1 10 12 1 1 10 100 12 1 1 1 10 12 1 10 12 1 1 10 12 1 1 1 1 1 3 1 3 1 3 1 3 1 3 1 3 1 3 1 3 1 3 1 3 1 3 1 3 1 3 1 3 1 3 1 3 1 3 1 3 1 3 1 3 1 3 1 3 1 3 1 3 1 3 1 3 1 3 1 3 1 3 1 3 1 3 1 3 1 3 1 3 1 3 1 3 1 3 1 3 1 3 1 3 1 3 1 3 1 3 1 3 1 3 1 3 1 3 1 3 1 3 1 3 1 3 1 3 1 3 1 1 1 1 1 1 1 1 1 1 1 1 1 1 1 1 1 1 1 1 1 1 1 1 1 1 1 1 1 1 1 1 1 1 1 1 1 1 1 1 1 1 1 1 1 1 1 1 1 1 1 1 1 1 1 1 1 1 1 1 1 1 1 1 1 1 1 1 1 1 1 1 1 1 1 1 1 1 1 1 1 1 1 1 1 1 1 1 1 1 1 1 1 1 1 1 1 1 1 1 1 1 1 1 1 1 1 1 1 1 1 1 1 1 1 1 1 1 1 1 1 1 1 1 1 1 1 1 1 1 1 1 1 1 1 1 1 1 1 1 1 1 1 1 1 1 1 1 1 1 1 1 1 1 1 1 1 1 1 1 1 1 1 1 1 1 1 1 1 1 1 1 1 1 1 1 1 1 1 1 1 1 1 1 1 1 1 1 1 1 1 1 1 1 1 1 1 1 1 1 1 1 1 1 1 1 1 1 1 1 1 1 1 1 1 1 1 1 1 1 1 1 1 1 1 1 1 1 1 1 1 1 1 1 1 100 1 100 1 100 1 100 1 100 1 1 1 1 1 1 1 1 1 1 1 1 1 1 1 1 1 1 1 1 1 1 1 1 1 1 1 1 1 1 1
instanceKlass jdk/internal/vm/vector/VectorSupport$VectorShuffle
instanceKlass jdk/internal/vm/vector/VectorSupport$VectorMask
instanceKlass jdk/internal/vm/vector/VectorSupport$Vector
ciInstanceKlass jdk/internal/vm/vector/VectorSupport$VectorPayload 0 0 32 10 100 12 1 1 1 9 100 12 1 1 1 10 100 12 1 1 1 1 1 1 1 1 1 1 1 1 1 1 1 1
ciInstanceKlass jdk/internal/vm/vector/VectorSupport$Vector 0 0 28 10 100 12 1 1 1 100 1 1 1 1 1 1 1 1 1 1 1 1 1 1 1 100 1 1 1 1
ciInstanceKlass jdk/internal/vm/vector/VectorSupport$VectorMask 0 0 28 10 100 12 1 1 1 100 1 1 1 1 1 1 1 1 1 1 1 1 1 1 1 100 1 1 1 1
ciInstanceKlass jdk/internal/vm/vector/VectorSupport$VectorShuffle 0 0 28 10 100 12 1 1 1 100 1 1 1 1 1 1 1 1 1 1 1 1 1 1 1 100 1 1 1 1
ciInstanceKlass jdk/internal/vm/FillerObject 0 0 16 10 100 12 1 1 1 100 1 1 1 1 1 1 1 1
instanceKlass kotlin/KotlinNullPointerException
ciInstanceKlass java/lang/NullPointerException 1 1 52 10 7 12 1 1 1 10 12 1 9 7 12 1 1 1 10 12 1 1 9 12 1 1 10 12 1 1 10 12 1 1 1 1 5 0 1 1 1 1 1 1 1 1 100 1 100 1 100 1 1 1
ciInstanceKlass java/lang/ArithmeticException 1 1 26 10 100 12 1 1 1 10 12 1 100 1 1 1 1 5 0 1 1 1 1 1 1 1 1 1
ciInstanceKlass java/lang/StringLatin1 1 1 392 7 1 10 100 12 1 1 1 10 12 1 1 10 7 12 1 1 1 10 7 12 1 1 1 10 12 1 10 7 12 1 1 1 10 12 1 1 10 7 12 1 1 1 10 7 12 1 1 1 10 12 1 1 10 12 1 1 10 10 12 1 10 12 1 10 9 7 12 1 1 1 10 12 1 1 10 7 12 1 1 1 10 12 10 12 1 1 10 12 1 1 10 12 1 10 12 1 1 10 12 1 1 10 7 12 1 1 1 10 12 1 10 12 1 1 9 12 1 1 100 1 10 10 12 1 1 10 7 12 1 1 1 10 12 1 10 12 1 100 1 100 1 8 1 10 12 1 8 1 10 12 1 1 100 1 10 10 12 10 7 12 1 1 1 8 1 8 1 8 1 10 12 1 1 10 100 12 1 1 10 12 1 10 12 1 1 10 12 1 1 10 12 1 1 10 12 1 10 12 10 12 10 12 1 10 12 10 10 12 1 10 12 1 10 12 1 10 100 12 1 1 1 10 100 12 1 1 1 10 12 1 1 10 12 1 1 10 10 7 12 1 1 1 1 1 1 1 1 1 1 1 1 1 1 1 1 1 1 1 1 1 1 1 1 1 1 1 1 1 1 1 1 1 1 1 1 1 1 1 1 1 1 1 1 1 1 1 1 1 1 1 1 100 1 1 1 1 1 1 1 1 1 1 1 1 1 1 1 1 1 1 1 1 1 1 1 1 1 1 1 1 1 1 1 1 1 1 1 1 1 1 1 1 1 1 100 1 1 1 1 1 1 1 1 1 1 1 1 1 1 1 1 1 1 1 1 1 1 1 100 1 1 1 1 1 1 1 1 1 1 1 1 1 1 1 1 1 1 1 1 1 1 1 1 1 1 100 1 1 1 1
staticfield java/lang/StringLatin1 $assertionsDisabled Z 1
instanceKlass java/lang/ref/ReferenceQueue$Null
instanceKlass java/lang/ref/NativeReferenceQueue
ciInstanceKlass java/lang/ref/ReferenceQueue 1 1 183 9 7 12 1 1 1 11 7 12 1 1 1 11 12 1 9 7 12 1 1 1 11 12 1 10 7 12 1 1 9 12 1 1 7 1 10 9 12 1 1 10 12 1 1 9 7 12 1 1 1 9 12 1 9 12 1 9 12 1 1 100 1 10 9 12 1 1 9 12 1 7 1 10 7 12 1 1 1 10 12 1 10 12 1 1 10 7 12 1 1 1 10 12 1 5 0 10 10 12 10 12 1 1 10 12 1 10 12 1 1 100 1 8 1 10 12 1 10 12 1 10 12 1 1 10 12 11 100 12 1 1 1 10 7 12 1 1 7 1 10 1 1 1 1 1 1 1 1 1 1 100 1 1 1 1 1 1 1 1 1 1 1 1 1 1 1 100 1 1 1 1 1 1 1 1 1 1 1 1 1 1 1
staticfield java/lang/ref/ReferenceQueue NULL Ljava/lang/ref/ReferenceQueue; java/lang/ref/ReferenceQueue$Null
staticfield java/lang/ref/ReferenceQueue ENQUEUED Ljava/lang/ref/ReferenceQueue; java/lang/ref/ReferenceQueue$Null
staticfield java/lang/ref/ReferenceQueue $assertionsDisabled Z 1
ciInstanceKlass java/lang/ref/ReferenceQueue$Null 1 1 29 10 7 12 1 1 1 100 1 1 1 1 1 1 1 1 1 1 1 1 1 1 1 1 1 1 1 1 1
instanceKlass com/sun/jna/win32/W32APIOptions$2
instanceKlass com/sun/jna/win32/W32APIOptions$1
instanceKlass sun/net/www/http/KeepAliveCache
instanceKlass com/sun/xml/bind/v2/model/impl/ClassInfoImpl$PropertySorter
instanceKlass java/lang/ProcessEnvironment
instanceKlass java/util/LinkedHashMap
ciInstanceKlass java/util/HashMap 1 1 629 10 7 12 1 1 1 100 1 10 12 1 1 100 1 10 7 12 1 1 1 100 1 11 12 1 1 11 12 1 11 12 1 1 10 7 12 1 1 1 7 1 3 10 7 12 1 1 1 100 1 100 1 10 8 1 10 12 1 1 10 12 1 10 12 1 1 10 12 1 10 7 12 1 1 1 8 1 10 12 1 9 12 1 1 10 12 1 9 12 1 1 4 10 12 1 10 12 1 1 11 7 12 1 1 9 12 1 1 10 7 12 1 1 1 6 0 10 12 1 1 11 12 1 1 11 7 12 1 1 1 11 7 12 1 1 1 11 12 1 1 7 1 11 12 1 11 12 1 10 12 1 10 12 1 1 9 12 10 12 1 1 9 7 12 1 1 1 9 12 9 12 1 10 12 1 1 9 12 1 7 1 10 12 1 1 10 12 1 1 10 12 1 1 10 12 1 1 10 12 1 1 9 12 1 10 12 1 1 3 4 10 12 1 1 10 12 1 1 9 12 1 1 9 10 12 1 1 10 12 1 1 10 12 1 1 10 12 1 9 12 1 1 7 1 10 12 1 10 12 1 10 7 12 1 1 1 7 1 9 12 1 1 7 1 10 9 12 7 1 10 100 1 10 11 7 12 1 1 1 100 1 10 11 100 12 1 1 11 100 12 1 1 1 10 12 1 100 1 100 1 10 12 1 10 12 1 10 12 1 10 100 12 1 1 10 12 1 1 10 12 1 1 10 100 12 1 1 1 8 10 100 12 1 1 1 100 1 10 4 4 10 12 1 1 10 100 12 1 1 1 10 12 1 8 1 6 0 10 100 12 1 1 1 100 1 11 100 12 1 1 1 10 12 1 10 12 1 10 10 12 1 1 6 0 8 1 10 12 1 10 12 100 1 100 1 1 1 1 5 0 1 3 1 1 1 3 1 3 1 3 1 1 1 1 1 1 1 1 1 1 1 1 1 1 1 1 1 1 1 1 1 1 100 1 1 1 1 1 1 1 1 1 1 1 1 1 1 1 1 1 1 1 1 1 1 1 1 1 1 1 1 1 1 1 1 1 100 1 1 1 1 1 1 1 1 1 1 1 1 1 1 1 1 1 1 1 1 1 1 1 1 1 1 1 1 1 1 1 1 1 1 1 1 1 1 1 1 1 1 1 1 1 1 1 1 1 1 1 100 1 1 1 1 1 1 1 1 1 1 1 1 1 1 1 1 1 1 1 1 1 1 1 1 1 1 1 1 1 1 1 1 1 1 1 1 1 1 1 1 1 1 1 1 1 1 1 1 100 1 1 1 1 1 1 1 1 100 1 1 1 1 1 1 1 1 1 1 1 1 1 1 1 1 1 1 100 1 100 1 100 1 100 1 100 1 100 1 100 1 100 1 1 1 1 1 1 1 1 1 1 1 1 1 1 1 1 1 1
ciInstanceKlass jdk/internal/util/Preconditions 1 1 194 10 100 12 1 1 1 11 100 12 1 1 1 11 100 12 1 1 1 100 1 100 1 10 7 12 1 1 1 10 12 1 8 1 100 1 10 100 12 1 1 1 10 12 1 1 8 1 8 1 10 100 12 1 1 7 1 10 12 1 8 1 10 100 12 1 1 1 8 1 10 12 1 1 10 12 1 1 11 12 1 8 1 8 1 11 12 1 1 8 1 8 1 8 1 10 12 1 1 10 12 1 1 10 12 1 10 12 1 10 12 1 10 12 7 1 10 10 12 1 1 9 12 1 1 7 1 10 9 12 1 7 1 10 9 12 1 1 1 1 1 1 1 1 1 1 1 1 1 1 1 1 1 1 1 1 1 1 1 1 1 1 1 1 1 1 1 1 1 1 1 1 1 1 1 1 1 1 1 1 1 1 1 1 1 1 1 1 1 1 1 1 1 1
staticfield jdk/internal/util/Preconditions SIOOBE_FORMATTER Ljava/util/function/BiFunction; jdk/internal/util/Preconditions$4
staticfield jdk/internal/util/Preconditions AIOOBE_FORMATTER Ljava/util/function/BiFunction; jdk/internal/util/Preconditions$4
staticfield jdk/internal/util/Preconditions IOOBE_FORMATTER Ljava/util/function/BiFunction; jdk/internal/util/Preconditions$4
ciInstanceKlass java/util/function/BiFunction 1 1 65 10 100 12 1 1 1 18 12 1 1 11 100 12 1 1 11 100 12 1 100 1 1 1 1 1 1 1 1 1 1 1 1 1 1 1 1 1 1 1 1 1 1 1 1 1 1 1 16 15 11 12 15 10 100 12 1 1 1 1 100 1 100 1 1
ciInstanceKlass jdk/internal/util/Preconditions$4 1 1 61 9 7 12 1 1 1 10 7 12 1 1 1 10 100 12 1 1 1 11 100 12 1 1 1 100 1 100 1 100 1 10 12 1 100 1 1 1 1 1 1 1 1 1 1 1 1 1 1 1 1 1 1 1 1 1 12 1 1 1 1
ciInstanceKlass java/lang/StringUTF16 1 1 604 100 1 7 1 10 100 12 1 1 1 100 1 10 7 1 3 100 1 100 1 10 8 1 10 12 1 1 10 12 1 8 1 10 12 1 1 10 12 1 9 12 1 1 10 12 1 1 100 1 8 1 10 12 1 9 12 1 1 9 12 1 10 10 12 1 1 10 12 1 1 10 100 12 1 1 1 10 12 1 10 12 1 1 10 12 1 1 10 12 1 1 10 12 1 1 10 12 1 10 12 1 1 10 12 1 1 10 12 1 1 10 12 1 1 10 12 1 10 12 1 10 12 1 1 10 12 1 100 1 10 12 1 10 10 12 1 1 10 12 1 10 12 1 1 10 12 1 10 100 12 1 1 1 10 100 12 1 1 1 10 12 10 12 1 1 10 12 1 10 12 1 1 10 12 1 1 10 12 1 10 12 1 10 12 1 7 1 10 12 1 1 10 12 1 3 10 12 1 1 10 12 1 10 12 1 10 12 1 10 12 1 10 12 1 10 12 1 1 9 12 1 10 12 1 10 12 1 10 12 1 10 12 1 10 12 1 10 10 12 10 12 10 10 12 1 1 10 7 12 1 1 1 10 12 1 10 12 1 100 1 8 1 8 1 10 12 1 1 100 1 10 10 100 12 1 1 1 10 100 12 1 1 8 1 8 1 8 1 10 12 1 1 10 12 1 1 10 12 10 12 1 10 100 12 1 1 10 12 1 1 10 12 1 1 10 12 1 10 12 10 12 10 12 1 10 12 10 12 1 10 12 1 10 12 1 10 12 1 10 12 1 10 100 12 1 1 1 10 100 12 1 1 1 10 12 1 1 10 12 1 1 11 100 12 1 1 10 12 1 10 12 1 10 12 1 1 9 12 1 1 9 12 1 5 0 5 0 10 12 1 10 12 10 12 10 7 12 1 1 1 10 12 1 1 1 1 1 1 1 1 1 1 1 1 1 1 1 1 1 1 1 1 1 1 1 1 1 1 1 1 1 1 1 100 1 1 1 1 1 1 1 1 1 1 1 1 1 1 1 1 1 1 1 1 1 1 1 1 1 1 1 1 1 1 1 1 1 1 1 1 1 1 1 1 1 1 1 1 1 1 1 1 1 1 1 1 1 1 1 1 1 1 1 1 1 1 1 1 1 1 1 1 1 1 1 1 1 1 1 1 1 1 1 1 1 100 1 1 1 1 1 1 1 1 1 1 1 1 1 1 1 1 1 100 1 1 1 1 1 1 1 1 1 1 1 1 1 1 1 1 1 1 1 1 1 1 1 1 1 1 1 1 1 1 1 1 1 1 1 1 1 1 1 1 1 1 1 1 1 1 1 1 1 1 1 1 1 1 1 1 1 1 1 1 1 100 1 100 1 1 1 1 1
staticfield java/lang/StringUTF16 HI_BYTE_SHIFT I 0
staticfield java/lang/StringUTF16 LO_BYTE_SHIFT I 8
staticfield java/lang/StringUTF16 $assertionsDisabled Z 1
ciInstanceKlass java/lang/AssertionError 0 0 79 10 100 12 1 1 1 10 12 1 10 100 12 1 1 1 10 100 1 100 1 10 12 1 1 10 12 1 10 12 1 10 12 1 10 12 1 10 12 1 10 12 1 10 12 1 1 1 1 5 0 1 1 1 1 1 1 1 1 1 1 100 1 1 1 1 1 1 1 1 1 1 1 1 1 1 1 1 1
ciInstanceKlass javax/xml/namespace/QName 1 1 127 100 1 8 1 10 7 12 1 1 1 10 7 12 1 1 9 12 1 1 100 1 8 1 10 12 1 9 12 1 8 1 9 12 1 10 7 12 1 1 1 10 12 1 1 18 12 1 1 8 1 10 12 1 10 12 1 1 8 1 10 12 1 1 10 12 1 1 18 12 1 10 12 1 1 18 10 12 1 100 1 1 1 1 5 0 1 1 1 1 1 1 1 1 1 1 1 1 1 1 1 1 1 1 1 1 1 1 1 8 1 8 1 8 1 15 10 100 12 1 1 1 100 1 100 1 1
ciInstanceKlass java/util/Collections$SingletonList 1 1 131 10 7 12 1 1 1 9 7 12 1 1 1 10 7 12 1 1 1 10 12 1 1 100 1 100 1 10 8 1 10 12 1 1 10 12 1 8 1 10 12 1 1 10 12 1 11 100 12 1 1 1 100 1 10 10 12 1 1 10 100 12 1 1 1 100 1 100 1 1 1 1 5 0 1 1 1 1 1 1 1 1 1 1 1 1 1 1 1 1 1 1 1 1 1 1 1 1 1 1 1 1 1 1 1 1 1 1 1 1 1 1 1 1 1 1 1 1 1 1 1 1 1 1 1 1 1 1 1 1 1
ciInstanceKlass com/android/repository/api/SchemaModule 1 1 167 10 7 12 1 1 1 10 7 12 1 1 1 9 7 12 1 1 1 8 1 10 7 12 1 1 1 9 12 1 1 100 1 8 1 10 12 1 9 7 12 1 1 1 10 7 12 1 1 1 10 12 1 1 10 7 12 1 1 1 7 1 7 1 10 12 1 10 12 1 1 11 7 12 1 1 1 9 12 1 1 11 12 1 1 8 1 9 12 1 1 10 12 1 1 10 12 1 1 100 1 100 1 10 12 1 1 11 12 1 1 11 12 1 1 10 12 1 10 12 1 1 1 1 1 1 1 1 1 1 1 1 1 1 1 1 1 1 1 1 1 1 1 1 1 1 1 1 1 1 1 100 1 1 1 1 1 1 1 1 1 1 1 1 1 1 1
staticfield com/android/repository/api/SchemaModule $assertionsDisabled Z 1
ciInstanceKlass com/sun/xml/bind/v2/runtime/JAXBContextImpl 1 1 1211 10 9 9 9 9 9 9 10 7 10 7 10 9 7 10 9 9 9 9 7 10 9 7 10 9 7 10 9 9 10 10 9 10 10 10 9 10 10 9 10 9 10 9 10 9 10 9 10 10 7 10 7 10 10 8 10 10 100 9 10 11 9 11 11 11 7 7 10 11 10 11 7 10 11 11 100 10 10 11 11 10 11 7 10 11 11 11 7 11 7 10 7 11 11 11 100 10 10 11 10 11 10 11 11 7 10 11 11 11 7 11 7 7 7 10 7 7 10 11 10 7 10 9 11 100 100 10 100 9 11 100 11 10 100 100 9 9 9 10 100 10 10 100 10 100 9 10 10 9 10 100 100 10 9 10 7 7 10 7 10 10 7 10 10 9 10 10 9 8 7 10 10 9 7 10 9 100 10 11 7 10 11 7 7 10 100 10 10 10 100 10 10 100 100 9 10 10 9 10 8 9 9 10 10 10 10 100 10 10 10 10 10 10 100 9 10 10 100 10 11 9 9 100 10 10 9 9 10 100 10 100 100 10 10 9 10 10 100 100 10 10 100 10 7 10 100 9 10 100 10 10 11 10 10 10 100 9 10 100 100 10 10 9 10 9 100 10 11 11 11 11 11 9 100 10 10 11 11 100 10 10 100 100 10 10 10 10 10 10 10 100 100 10 10 8 9 11 100 10 9 8 9 10 10 10 8 10 10 8 10 8 10 100 9 100 8 8 10 9 10 100 100 100 10 7 10 10 10 10 10 10 7 10 7 1 1 1 1 1 1 1 1 1 1 1 1 1 1 1 1 1 1 1 1 1 1 1 1 1 1 1 1 1 1 1 1 1 1 1 1 1 1 1 1 1 1 1 1 1 1 1 1 1 1 1 1 1 1 1 1 1 1 1 1 1 1 1 1 1 1 1 1 1 1 1 1 1 1 1 1 1 1 1 1 1 1 1 1 1 1 1 1 1 1 1 1 1 1 1 1 1 1 1 1 1 1 1 1 1 1 1 1 1 1 1 1 1 1 1 1 1 1 1 1 1 1 1 1 1 1 1 1 1 1 1 1 7 7 100 100 100 1 1 1 1 1 1 1 1 1 1 1 1 100 1 1 1 1 1 1 1 1 1 1 1 1 1 1 1 1 1 1 1 1 1 1 1 1 1 1 1 100 1 1 1 1 1 1 1 1 1 1 1 1 1 1 1 1 100 1 1 1 7 1 1 1 1 1 100 1 1 1 1 1 1 1 1 1 1 1 1 1 1 1 1 1 100 1 1 1 1 1 1 1 1 1 1 1 1 1 1 1 1 1 1 1 1 1 1 1 1 1 1 100 1 1 1 1 1 1 1 1 1 1 100 1 1 1 1 1 1 1 1 1 1 1 1 1 1 1 1 1 1 1 1 1 1 1 1 1 1 1 100 1 1 1 1 1 1 1 100 1 1 1 1 1 1 1 1 1 1 1 1 1 100 1 1 1 1 1 1 1 1 1 1 1 1 1 1 1 1 1 1 1 1 1 1 1 1 12 12 12 12 12 12 12 12 1 1 12 1 12 12 12 12 1 12 12 1 12 1 12 12 12 12 12 12 12 12 12 12 12 12 12 12 12 12 12 12 12 12 12 12 1 1 12 12 1 12 7 12 1 12 12 12 7 12 7 12 12 12 1 1 12 12 12 1 12 12 1 12 12 12 12 12 1 12 12 12 1 12 1 12 1 12 7 12 12 1 100 12 12 12 7 1 12 12 12 1 12 1 1 1 1 1 12 12 1 12 7 12 12 1 1 12 1 12 12 1 12 12 1 1 12 12 12 12 1 12 12 1 12 1 12 12 12 12 12 1 1 12 12 12 1 1 12 1 12 1 12 12 12 12 1 1 12 12 1 12 1 12 12 1 7 12 1 1 12 1 12 12 1 12 12 1 1 100 12 12 12 12 12 1 7 12 12 12 12 12 1 12 12 12 100 12 12 1 12 12 1 12 12 12 100 12 1 12 12 12 100 12 1 12 1 1 12 12 12 12 100 12 1 1 12 100 12 1 12 1 1 12 1 12 12 100 12 12 1 12 1 1 12 12 12 12 12 1 12 12 100 12 12 1 12 12 12 12 1 12 12 1 1 12 12 12 12 12 1 1 12 1 12 12 1 12 12 1 12 12 12 100 12 1 12 1 1 12 1 12 1 1 1 12 12 100 12 1 1 1 100 12 1 12 12 12 12 12 1 1 1 1 1 1 1 100 1 1 1 1 1 1 1 1 1 1 1 1 1 1 1 1 1 1 1 1 1 1 1 1 1 1 1 1 1 1 1 1 1 1 1 1 1 1 1 1 1 1 1 1 1 1 1 1 1 1 1 1 1 1 1 1 1 1 1 1 1 1 1 1 1 1 1 1 1 1 1 1 1 1 1 1 1 1 1 1 1 1 1 1 1 1 1 1 1 1 1 1 1 1 1 1 1 1 1 1 1 1 1 1 1 1 1 1 1 1 1 1 1 1 1 1 1 1 1 1 1 1 1 1 1 1 1 1 1 1 1 1 1 1 1 1 1 1 1 1 1 1 1 1 1 1 1 1 1 1 1 1 1 1 1 1 1 1 1 1 1 1 1 1 1 1 1 1 1 1 1 1 1 1 1 1 1 1 1 1 1 1 1 1 1 1 1 1 1 1 1 1 1 1 1 1 1 1 1 1 1 1 1 1 1 1 1 1 1 1 1 1 1 1 1 1 1 1 1 1 1 1 1 1 1
staticfield com/sun/xml/bind/v2/runtime/JAXBContextImpl QNAME_COMPARATOR Ljava/util/Comparator; com/sun/xml/bind/v2/runtime/JAXBContextImpl$6
staticfield com/sun/xml/bind/v2/runtime/JAXBContextImpl $assertionsDisabled Z 1
ciInstanceKlass com/sun/xml/bind/Util 1 1 55 10 7 10 10 10 10 100 8 10 100 100 1 1 1 1 1 1 1 1 1 1 1 1 1 1 1 1 1 1 1 1 12 1 12 7 12 7 12 1 1 7 12 1 1 1 1 1 1 1 1 1 1 1 1
instanceKlass com/sun/xml/bind/v2/runtime/CompositeStructureBeanInfo
instanceKlass com/sun/xml/bind/v2/runtime/LeafBeanInfoImpl
instanceKlass com/sun/xml/bind/v2/runtime/ArrayBeanInfoImpl
instanceKlass com/sun/xml/bind/v2/runtime/AnyTypeBeanInfo
instanceKlass com/sun/xml/bind/v2/runtime/ClassBeanInfoImpl
instanceKlass com/sun/xml/bind/v2/runtime/ElementBeanInfoImpl
instanceKlass com/sun/xml/bind/v2/runtime/ValueListBeanInfoImpl
ciInstanceKlass com/sun/xml/bind/v2/runtime/JaxBeanInfo 1 1 334 10 10 9 9 9 11 9 9 7 9 10 7 10 7 10 7 10 10 7 7 10 10 10 9 8 10 9 10 10 9 8 9 8 9 9 8 10 100 9 9 9 7 10 10 10 10 10 10 10 10 10 100 10 10 100 7 7 7 10 1 1 1 1 1 1 1 3 1 3 1 3 1 3 1 3 1 3 1 3 1 3 1 1 1 1 1 1 1 1 1 1 1 1 1 1 1 1 1 1 1 1 1 1 1 1 1 1 1 1 1 1 1 1 1 1 1 1 1 1 1 7 100 1 1 1 1 1 1 1 1 1 1 1 1 1 1 1 1 1 1 1 1 1 1 1 1 1 1 1 100 100 1 1 1 1 1 1 1 1 1 100 100 1 1 1 1 1 1 1 1 1 1 1 1 1 1 1 1 1 1 1 1 1 1 1 1 1 7 7 1 1 1 1 1 1 1 1 1 1 1 1 1 1 1 1 1 1 1 1 1 1 1 12 12 12 12 12 7 12 12 12 1 12 7 12 1 12 7 12 1 12 7 12 1 1 12 12 12 1 12 12 12 12 12 1 12 1 12 12 1 12 1 12 100 12 100 12 1 12 100 12 12 12 12 12 12 12 1 100 12 12 1 1 1 1 7 12 1 1 1 1 1 1 1 1 1 1 1 1 1 1 1 1 1 1 1 1 1 1 1 1 1 1 1 1 1 1 1 1 1 1 1 1 1 1 1 1 1 1 1 1 1 1 1 1 1 1 1 1 1 1 1 1
staticfield com/sun/xml/bind/v2/runtime/JaxBeanInfo unmarshalEventParams [Ljava/lang/Class; 2 [Ljava/lang/Class;
staticfield com/sun/xml/bind/v2/runtime/JaxBeanInfo logger Ljava/util/logging/Logger; java/util/logging/Logger
ciInstanceKlass com/sun/xml/bind/v2/runtime/ClassBeanInfoImpl 1 1 600 11 7 11 11 10 9 9 11 9 11 9 11 9 9 10 10 10 10 10 100 9 9 100 10 8 10 10 8 10 10 11 9 10 9 11 11 11 7 9 11 11 11 7 10 11 9 9 11 10 10 9 11 10 9 10 11 10 11 9 10 10 10 10 7 10 7 11 11 9 10 11 9 9 11 11 7 100 11 10 9 9 9 10 10 10 100 8 10 100 10 10 10 100 10 10 11 11 10 10 100 10 9 100 10 10 9 100 100 10 10 10 10 10 9 10 10 10 11 10 11 9 11 10 10 9 100 8 8 10 9 10 100 10 11 10 9 7 10 11 7 10 9 10 10 7 7 100 1 1 1 1 1 1 1 1 1 1 1 1 1 1 1 1 1 1 1 1 1 1 1 1 1 1 1 1 1 1 1 1 1 1 1 1 1 1 1 1 1 1 1 1 1 1 1 1 1 1 1 1 1 1 1 1 1 1 1 7 7 7 7 1 1 1 1 1 1 1 1 1 1 1 1 1 1 1 1 7 1 1 1 1 1 1 1 1 1 1 1 1 1 1 1 1 100 100 100 1 1 1 1 1 1 1 1 1 1 1 1 1 1 1 7 100 100 1 1 1 1 1 1 1 1 1 1 1 100 1 1 1 1 1 1 1 1 1 1 1 1 12 1 12 12 12 12 12 12 12 12 12 12 12 100 12 12 100 12 12 1 12 100 12 1 12 1 12 12 1 12 100 12 12 12 12 12 12 12 12 1 12 12 12 12 1 7 12 12 7 12 12 12 12 12 12 12 100 12 12 12 12 12 12 12 12 12 12 1 1 12 12 12 100 12 12 12 12 12 12 100 12 12 12 7 12 12 12 1 1 12 1 100 12 12 100 12 1 12 12 12 12 12 12 1 12 100 12 1 12 12 12 1 1 12 12 12 12 12 12 100 12 12 12 12 12 100 12 100 12 12 12 12 1 1 1 12 12 12 1 12 12 12 12 1 12 12 1 12 12 12 7 12 1 1 1 1 1 1 1 1 1 1 1 1 1 1 1 1 1 1 1 1 1 1 1 1 1 1 1 1 1 1 1 1 1 1 1 1 1 1 1 1 1 1 1 1 1 1 1 1 1 1 1 1 1 1 1 1 1 1 1 1 1 1 1 1 1 1 1 1 1 1 1 1 1 1 1 1 1 1 1 1 1 1 1 1 1 1 1 1 1 1 1 1 1 1 1 1 1 1 1 1 1 1 1 1 1 1 1 1 1 1 1 1 1 1 1 1 1 1 1 1 1 1 1 1 1 1 1 1 1 1 1 1 1 1 1 1 1 1 1 1 1 1 1 1 1 1 1 1 1 1 1 1 1 1 1 1 1 1 1
staticfield com/sun/xml/bind/v2/runtime/ClassBeanInfoImpl EMPTY_PROPERTIES [Lcom/sun/xml/bind/v2/runtime/property/AttributeProperty; 0 [Lcom/sun/xml/bind/v2/runtime/property/AttributeProperty;
staticfield com/sun/xml/bind/v2/runtime/ClassBeanInfoImpl logger Ljava/util/logging/Logger; java/util/logging/Logger
ciInstanceKlass com/sun/xml/bind/unmarshaller/InfosetScanner 0 0 24 100 100 1 1 1 100 1 1 1 1 1 1 1 1 1 1 1 1 1 1 1 1 1
ciInstanceKlass com/sun/xml/bind/v2/util/QNameMap 1 1 270 10 10 10 7 7 9 9 9 9 100 10 10 10 10 9 9 9 9 9 10 10 10 10 9 9 10 9 10 3 10 10 11 11 11 10 10 10 100 3 10 100 10 10 11 100 10 100 10 100 10 10 10 10 10 10 7 100 1 1 1 1 100 1 1 1 1 3 1 1 1 1 1 1 1 1 1 4 1 1 1 1 1 1 1 1 1 1 1 1 1 1 1 1 1 1 1 1 1 1 1 1 1 1 1 1 1 1 1 1 1 1 1 1 1 1 1 1 1 1 1 1 1 1 1 1 1 1 1 1 100 1 1 1 1 1 1 1 1 1 1 1 1 1 1 1 1 1 100 1 1 1 1 1 1 1 1 1 1 1 1 1 100 1 1 1 1 1 1 1 1 1 1 1 1 1 1 1 1 1 1 1 1 1 1 1 1 1 1 1 1 1 12 12 12 1 1 12 12 12 12 1 7 12 12 12 12 12 12 12 12 12 7 12 12 12 7 12 12 12 12 12 12 12 12 12 12 12 1 12 1 12 12 1 12 1 1 12 12 12 12 7 12 1 1 1 1 1 1 1 1 1 1 1 1 1 1 1 1 1 1 1 1 1 1 1 1 1 1 1
staticfield com/sun/xml/bind/v2/util/QNameMap $assertionsDisabled Z 1
ciInstanceKlass com/sun/xml/bind/v2/util/QNameMap$Entry 1 1 107 10 9 9 9 9 9 100 10 7 10 10 10 10 10 100 10 10 10 8 8 10 10 7 1 1 1 1 1 1 1 1 1 1 1 1 1 1 1 1 1 1 1 1 1 1 1 1 1 1 1 1 1 1 1 1 1 1 1 1 1 1 1 1 1 1 1 1 1 1 100 1 1 1 1 1 1 1 12 12 12 12 12 12 1 12 100 1 12 12 12 1 12 12 1 1 12 12 1 1 1 1 1 1 1 1 1
instanceKlass com/sun/istack/SAXException2
instanceKlass org/xml/sax/SAXParseException
ciInstanceKlass org/xml/sax/SAXException 0 0 150 10 100 12 1 1 1 10 12 1 10 12 1 10 12 1 10 12 1 1 10 12 1 1 10 100 1 10 100 12 1 1 1 10 12 1 10 18 12 1 1 10 100 12 1 1 1 8 1 10 100 12 1 1 1 10 12 1 10 100 12 1 1 1 10 100 12 1 1 1 10 12 1 1 100 1 100 1 8 1 10 100 1 10 12 1 9 12 1 1 1 1 1 5 0 1 1 1 1 1 1 1 1 1 1 1 1 1 1 100 1 1 1 1 1 1 1 1 1 100 1 1 1 1 1 1 1 1 100 1 1 1 1 1 8 1 15 10 100 12 1 1 1 1 1 100 1 100 1 1
ciInstanceKlass org/xml/sax/ErrorHandler 1 0 14 100 1 100 1 1 1 1 100 1 1 1 1 1
ciInstanceKlass org/xml/sax/XMLReader 1 0 43 100 1 100 1 1 1 1 100 1 100 1 1 1 1 1 1 1 1 1 1 1 1 1 1 1 1 1 1 1 1 1 1 1 1 1 100 1 100 1 1 1 1
ciInstanceKlass org/xml/sax/XMLFilter 1 0 13 100 1 100 1 100 1 1 1 1 1 1 1
instanceKlass java/util/logging/LogManager$RootLogger
ciInstanceKlass java/util/logging/Logger 1 1 742 10 7 12 1 1 1 9 7 12 1 1 1 10 12 1 1 10 7 12 1 1 9 12 1 1 9 12 1 9 12 1 1 9 12 1 1 7 1 10 9 12 1 1 9 12 1 1 10 12 1 1 9 12 1 10 7 12 1 1 1 100 1 8 1 10 12 1 10 12 1 10 12 1 1 7 1 10 12 1 9 12 1 1 10 12 1 1 100 1 10 9 7 12 1 1 10 7 12 1 1 1 10 7 12 1 1 1 10 12 1 1 10 12 1 10 7 12 1 1 1 10 12 1 1 10 10 12 10 12 1 8 1 10 12 1 10 12 1 1 10 12 1 8 1 10 12 10 12 1 1 10 12 1 1 10 12 1 1 9 7 12 1 1 10 12 1 1 9 12 1 1 10 100 12 1 1 1 10 12 1 1 11 100 12 1 1 10 12 1 1 10 12 1 10 7 12 1 1 1 9 12 1 10 12 1 1 9 12 1 10 12 1 1 10 12 1 10 12 1 1 9 12 1 1 10 12 1 10 12 1 1 10 12 1 10 12 1 10 12 1 11 100 1 10 12 1 1 10 12 1 1 10 12 1 10 12 1 10 100 12 1 1 10 12 1 10 12 1 9 7 12 1 1 1 8 1 10 12 1 1 8 1 10 12 1 100 1 10 10 12 1 1 10 12 1 10 12 1 10 12 1 8 1 8 1 8 1 9 12 1 10 12 9 12 1 9 12 1 9 12 1 9 12 1 9 12 1 10 12 1 9 12 1 1 10 12 1 1 10 12 1 9 12 1 9 12 1 1 10 12 1 1 9 12 1 10 7 12 1 1 1 10 12 1 1 10 12 1 9 12 1 1 9 12 1 1 10 7 12 1 1 1 7 10 12 1 1 9 12 1 10 100 12 1 1 1 10 12 1 1 9 12 1 1 10 9 12 1 10 100 12 1 1 1 10 12 1 1 10 100 12 1 1 10 12 1 10 12 1 10 12 1 9 100 12 1 1 1 11 100 12 1 1 1 100 1 18 12 1 1 10 100 12 1 1 1 10 12 1 100 1 18 12 1 1 10 10 12 1 1 9 12 1 18 12 1 10 12 1 10 12 1 10 12 1 8 1 8 1 100 1 10 9 12 1 1 10 7 12 1 1 1 11 7 12 1 1 11 12 1 7 1 10 12 1 11 12 1 10 12 1 10 12 1 10 12 1 1 10 12 1 10 12 1 10 10 12 1 10 12 1 10 12 1 9 12 1 10 12 1 8 10 1 1 1 1 1 1 1 1 1 1 1 1 1 1 1 1 1 1 1 1 1 1 1 1 1 1 100 1 1 1 1 1 1 1 1 1 1 1 1 1 1 1 1 1 1 1 1 1 1 1 1 1 1 1 1 1 1 1 1 1 1 1 1 1 1 1 1 1 1 1 1 1 1 1 1 1 1 1 1 1 1 1 1 1 1 1 1 1 1 1 1 1 1 1 1 1 1 1 1 1 1 1 1 1 1 1 1 1 1 1 1 100 1 1 1 1 1 1 1 1 1 1 1 1 1 1 1 1 100 1 1 1 1 1 1 1 1 1 1 1 1 1 1 1 1 1 1 1 1 1 1 1 1 100 1 1 16 15 10 12 16 8 1 8 1 15 10 100 12 1 1 1 15 10 100 12 1 1 1 1 1 1 1 1 100 1 100 1 1
staticfield java/util/logging/Logger emptyHandlers [Ljava/util/logging/Handler; 0 [Ljava/util/logging/Handler;
staticfield java/util/logging/Logger offValue I 2147483647
staticfield java/util/logging/Logger SYSTEM_BUNDLE Ljava/util/logging/Logger$LoggerBundle; java/util/logging/Logger$LoggerBundle
staticfield java/util/logging/Logger NO_RESOURCE_BUNDLE Ljava/util/logging/Logger$LoggerBundle; java/util/logging/Logger$LoggerBundle
staticfield java/util/logging/Logger treeLock Ljava/lang/Object; java/lang/Object
staticfield java/util/logging/Logger global Ljava/util/logging/Logger; java/util/logging/Logger
ciInstanceKlass java/util/logging/Level 1 1 294 10 7 12 1 1 1 10 12 1 10 7 12 1 1 100 1 10 9 12 1 1 9 12 1 1 9 12 1 9 12 1 9 12 1 1 10 7 12 1 1 1 10 12 1 1 10 12 1 1 10 100 12 1 1 1 9 100 12 1 1 1 11 100 12 1 1 1 10 100 12 1 1 1 8 1 10 100 12 1 1 1 10 12 1 1 9 100 12 1 1 10 10 12 1 1 10 12 1 10 12 1 10 12 1 100 1 18 12 1 1 10 12 1 1 10 7 12 1 1 1 10 12 1 1 10 100 12 1 1 1 10 12 1 1 10 12 1 100 1 10 12 1 10 12 1 1 10 12 1 1 18 100 1 18 12 1 10 12 1 8 1 3 9 12 1 8 1 9 12 8 1 9 12 8 1 9 12 8 1 9 12 8 1 9 12 8 1 9 12 8 1 9 12 8 1 3 9 12 9 12 1 1 100 1 1 1 1 1 5 0 1 1 1 1 1 1 1 1 1 1 1 1 1 1 1 1 1 1 1 1 100 1 1 1 1 1 1 1 1 1 1 1 1 1 1 1 1 1 1 1 1 1 1 1 1 1 1 16 1 15 10 12 1 1 16 1 15 10 12 1 8 1 15 10 7 12 1 1 1 15 10 100 12 1 1 1 1 1 100 1 100 1 1
staticfield java/util/logging/Level OFF Ljava/util/logging/Level; java/util/logging/Level
staticfield java/util/logging/Level SEVERE Ljava/util/logging/Level; java/util/logging/Level
staticfield java/util/logging/Level WARNING Ljava/util/logging/Level; java/util/logging/Level
staticfield java/util/logging/Level INFO Ljava/util/logging/Level; java/util/logging/Level
staticfield java/util/logging/Level CONFIG Ljava/util/logging/Level; java/util/logging/Level
staticfield java/util/logging/Level FINE Ljava/util/logging/Level; java/util/logging/Level
staticfield java/util/logging/Level FINER Ljava/util/logging/Level; java/util/logging/Level
staticfield java/util/logging/Level FINEST Ljava/util/logging/Level; java/util/logging/Level
staticfield java/util/logging/Level ALL Ljava/util/logging/Level; java/util/logging/Level
staticfield java/util/logging/Level standardLevels [Ljava/util/logging/Level; 9 [Ljava/util/logging/Level;
ciInstanceKlass java/util/logging/Logger$ConfigurationData 1 1 144 10 7 12 1 1 1 7 1 10 9 7 12 1 1 1 9 12 1 1 9 12 1 1 9 7 12 1 1 1 10 12 1 1 9 12 1 1 9 12 1 1 9 12 1 10 12 1 1 10 12 1 10 12 1 9 100 12 1 1 100 1 8 1 10 12 1 9 12 1 10 12 1 1 11 100 12 1 1 1 11 12 1 1 100 1 10 12 1 10 12 1 1 10 12 1 1 10 12 1 1 9 12 1 1 10 12 1 1 1 1 1 1 1 1 1 1 1 1 100 1 1 1 1 100 1 1 1 1 1 1 1 1 1 1 1 1 1 1 1 1 1 1 1
ciInstanceKlass sun/nio/ch/Util$1 1 1 55 10 7 12 1 1 1 7 1 10 10 12 1 1 10 12 1 1 10 7 12 1 1 1 10 7 12 1 1 1 10 12 1 1 1 1 1 1 1 1 1 1 1 1 1 1 1 1 1 1 1 1 1 1 1
ciInstanceKlass javax/xml/namespace/NamespaceContext 1 0 14 100 1 100 1 1 1 1 1 1 1 1 1 1
ciInstanceKlass org/xml/sax/ContentHandler 1 1 38 100 1 100 1 1 1 1 1 1 100 1 1 1 1 1 1 1 1 1 1 1 1 1 1 1 1 1 1 1 1 1 1 1 1 1 1 1
ciInstanceKlass org/xml/sax/EntityResolver 1 0 14 100 1 100 1 1 1 1 100 1 100 1 1 1
ciInstanceKlass org/xml/sax/DTDHandler 1 0 14 100 1 100 1 1 1 1 100 1 1 1 1 1
instanceKlass com/android/repository/impl/meta/SchemaModuleUtil$NamespaceFallbackFilter
ciInstanceKlass org/xml/sax/helpers/XMLFilterImpl 1 1 235 10 7 12 1 1 1 9 7 12 1 1 1 9 12 1 1 9 12 1 1 9 12 1 1 9 12 1 1 9 12 1 1 10 12 1 1 11 7 12 1 1 1 100 1 18 12 1 1 10 12 1 11 12 1 1 11 12 1 1 18 11 12 1 1 10 12 1 11 12 1 1 100 1 10 10 11 100 12 1 1 1 11 100 12 1 1 1 11 12 1 1 11 7 12 1 1 1 11 12 1 11 12 1 11 12 1 1 11 12 1 11 12 1 1 11 12 1 11 12 1 1 11 12 1 11 12 1 11 12 1 11 100 12 1 1 1 11 12 1 11 12 1 100 1 8 1 10 11 12 1 1 11 12 1 1 11 12 1 1 11 12 1 1 100 1 1 1 1 1 1 1 1 1 1 1 1 1 1 100 1 1 1 1 1 1 1 1 1 1 1 1 1 1 100 1 100 1 1 1 1 1 1 1 1 1 1 1 1 1 1 1 1 1 1 1 1 1 1 8 1 8 1 15 10 100 12 1 1 1 100 1 100 1 1
ciInstanceKlass org/xml/sax/Attributes 1 0 20 100 1 100 1 1 1 1 1 1 1 1 1 1 1 1 1 1 1 1
ciInstanceKlass com/sun/org/apache/xerces/internal/xs/PSVIProvider 1 0 13 100 1 100 1 1 1 1 1 1 1 1 1
ciInstanceKlass com/sun/org/apache/xerces/internal/utils/XMLSecurityManager 1 1 359 10 7 12 1 1 1 10 7 12 1 1 9 12 1 1 8 1 9 12 1 1 10 7 12 1 1 1 9 12 1 7 1 9 12 1 1 9 12 1 1 9 12 1 1 10 12 1 1 9 12 1 9 12 1 1 10 12 1 9 12 1 10 12 1 10 12 10 12 1 1 10 12 1 1 10 12 1 1 9 100 12 1 1 1 10 10 12 1 10 12 1 1 9 12 1 10 12 1 1 10 12 1 7 1 7 1 10 12 1 10 12 1 100 1 8 1 10 12 1 1 10 12 1 1 10 12 1 10 12 1 10 12 1 1 10 7 12 1 1 1 10 12 1 9 12 1 1 9 12 1 9 12 1 9 12 1 9 12 1 9 12 1 10 12 1 1 10 12 1 10 12 1 1 10 12 1 1 10 12 1 1 10 12 1 1 10 12 1 18 12 1 1 9 12 1 1 10 7 12 1 1 9 100 12 1 1 1 10 100 12 1 1 18 10 100 12 1 1 1 10 7 12 1 1 9 12 1 100 1 18 12 10 12 10 7 12 1 1 10 12 1 10 12 1 9 12 1 100 1 9 12 1 10 12 1 10 12 1 10 12 1 10 12 1 10 1 1 3 3 1 1 1 1 1 1 1 1 1 100 1 1 1 1 1 1 1 1 1 1 1 1 1 1 1 1 1 1 1 1 1 1 1 1 1 1 1 1 1 1 1 1 1 1 1 1 1 1 1 1 1 1 1 100 1 1 1 1 1 1 1 1 1 1 1 8 1 8 1 8 1 15 10 100 12 1 1 1 1 100 1 1 1 1 100 1 100 1 1
staticfield com/sun/org/apache/xerces/internal/utils/XMLSecurityManager printedWarnings Ljava/util/concurrent/CopyOnWriteArrayList; java/util/concurrent/CopyOnWriteArrayList
ciInstanceKlass com/sun/org/apache/xerces/internal/utils/XMLSecurityManager$Limit 1 1 187 7 1 9 12 1 1 9 12 1 9 12 1 9 12 1 9 12 1 9 12 1 9 12 1 9 12 1 9 12 1 9 12 1 1 10 7 12 1 1 10 7 12 1 1 1 10 12 1 1 9 12 1 1 9 12 1 9 12 1 9 12 1 1 9 12 1 10 7 12 1 1 1 9 100 12 1 1 1 9 12 1 8 8 1 100 1 8 1 8 1 3 10 12 1 8 8 1 8 1 8 1 8 8 1 8 1 8 1 8 8 1 8 1 8 1 3 8 8 1 8 1 8 1 8 8 1 8 1 3 8 8 1 8 1 8 1 8 8 1 8 1 8 1 8 8 1 8 1 8 1 3 10 12 1 1 1 1 1 1 1 1 1 1 1 1 1 1 1 1 1 1 1 1 1 1 1 1 1 1 100 1 1 1 100 1 1
staticfield com/sun/org/apache/xerces/internal/utils/XMLSecurityManager$Limit ENTITY_EXPANSION_LIMIT Lcom/sun/org/apache/xerces/internal/utils/XMLSecurityManager$Limit; com/sun/org/apache/xerces/internal/utils/XMLSecurityManager$Limit
staticfield com/sun/org/apache/xerces/internal/utils/XMLSecurityManager$Limit MAX_OCCUR_NODE_LIMIT Lcom/sun/org/apache/xerces/internal/utils/XMLSecurityManager$Limit; com/sun/org/apache/xerces/internal/utils/XMLSecurityManager$Limit
staticfield com/sun/org/apache/xerces/internal/utils/XMLSecurityManager$Limit ELEMENT_ATTRIBUTE_LIMIT Lcom/sun/org/apache/xerces/internal/utils/XMLSecurityManager$Limit; com/sun/org/apache/xerces/internal/utils/XMLSecurityManager$Limit
staticfield com/sun/org/apache/xerces/internal/utils/XMLSecurityManager$Limit TOTAL_ENTITY_SIZE_LIMIT Lcom/sun/org/apache/xerces/internal/utils/XMLSecurityManager$Limit; com/sun/org/apache/xerces/internal/utils/XMLSecurityManager$Limit
staticfield com/sun/org/apache/xerces/internal/utils/XMLSecurityManager$Limit GENERAL_ENTITY_SIZE_LIMIT Lcom/sun/org/apache/xerces/internal/utils/XMLSecurityManager$Limit; com/sun/org/apache/xerces/internal/utils/XMLSecurityManager$Limit
staticfield com/sun/org/apache/xerces/internal/utils/XMLSecurityManager$Limit PARAMETER_ENTITY_SIZE_LIMIT Lcom/sun/org/apache/xerces/internal/utils/XMLSecurityManager$Limit; com/sun/org/apache/xerces/internal/utils/XMLSecurityManager$Limit
staticfield com/sun/org/apache/xerces/internal/utils/XMLSecurityManager$Limit MAX_ELEMENT_DEPTH_LIMIT Lcom/sun/org/apache/xerces/internal/utils/XMLSecurityManager$Limit; com/sun/org/apache/xerces/internal/utils/XMLSecurityManager$Limit
staticfield com/sun/org/apache/xerces/internal/utils/XMLSecurityManager$Limit MAX_NAME_LIMIT Lcom/sun/org/apache/xerces/internal/utils/XMLSecurityManager$Limit; com/sun/org/apache/xerces/internal/utils/XMLSecurityManager$Limit
staticfield com/sun/org/apache/xerces/internal/utils/XMLSecurityManager$Limit ENTITY_REPLACEMENT_LIMIT Lcom/sun/org/apache/xerces/internal/utils/XMLSecurityManager$Limit; com/sun/org/apache/xerces/internal/utils/XMLSecurityManager$Limit
staticfield com/sun/org/apache/xerces/internal/utils/XMLSecurityManager$Limit $VALUES [Lcom/sun/org/apache/xerces/internal/utils/XMLSecurityManager$Limit; 9 [Lcom/sun/org/apache/xerces/internal/utils/XMLSecurityManager$Limit;
ciInstanceKlass org/xml/sax/Parser 1 0 30 100 1 100 1 1 1 1 100 1 1 1 1 1 1 1 1 1 1 1 100 1 1 1 1 1 1 1 1 1
ciInstanceKlass com/sun/org/apache/xerces/internal/xni/XMLDocumentHandler 1 0 40 100 1 100 1 1 1 1 100 1 1 1 1 1 1 1 1 1 1 1 1 1 1 1 1 1 1 1 1 1 1 1 1 1 1 1 1 1 1 1
ciInstanceKlass com/sun/org/apache/xerces/internal/xni/XMLDTDHandler 1 0 52 100 1 100 1 1 1 1 3 1 3 1 1 1 100 1 1 1 1 1 1 1 1 1 1 1 1 1 1 1 1 1 1 1 1 1 1 1 1 1 1 1 1 1 1 1 1 1 1 1 1 1
ciInstanceKlass com/sun/org/apache/xerces/internal/xni/XMLDTDContentModelHandler 1 0 39 100 1 100 1 1 1 1 3 1 3 1 3 1 3 1 3 1 1 1 100 1 1 1 1 1 1 1 1 1 1 1 1 1 1 1 1 1 1
instanceKlass com/sun/org/apache/xerces/internal/parsers/AbstractXMLDocumentParser
ciInstanceKlass com/sun/org/apache/xerces/internal/parsers/XMLParser 1 1 95 100 1 9 7 12 1 1 1 11 7 12 1 1 1 10 7 12 1 1 1 9 12 1 1 11 12 1 1 9 12 1 1 100 1 10 12 1 8 1 11 12 1 1 9 12 1 1 100 1 10 100 1 8 1 10 12 1 11 12 1 1 7 1 8 1 8 1 1 1 1 1 1 1 1 1 1 1 1 100 1 100 1 1 1 1 1 1 100 1 100 1 1 1 1
staticfield com/sun/org/apache/xerces/internal/parsers/XMLParser RECOGNIZED_PROPERTIES [Ljava/lang/String; 2 [Ljava/lang/String;
instanceKlass com/sun/org/apache/xerces/internal/parsers/AbstractSAXParser
ciInstanceKlass com/sun/org/apache/xerces/internal/parsers/AbstractXMLDocumentParser 1 1 173 10 7 12 1 1 1 11 7 12 1 1 1 11 12 1 1 11 12 1 1 10 7 12 1 1 1 10 12 1 1 9 12 1 1 9 12 1 1 9 12 1 1 9 12 1 1 10 12 1 1 100 1 100 1 100 1 1 1 1 1 1 1 1 1 1 1 1 1 1 1 1 1 1 1 100 1 1 1 1 1 1 1 1 1 1 1 1 1 1 1 1 1 1 1 1 1 1 1 1 1 1 1 1 1 1 1 1 1 1 1 1 1 1 1 1 1 1 1 1 1 1 1 1 1 1 1 1 1 1 1 1 1 1 1 1 1 1 1 1 1 1 1 1 1 1 1 1 1 1 1 1 1 1 1 1 1 1 1 1 1 1 1 1 1 1 1 1 1 1 1 1 1
ciInstanceKlass com/sun/xml/bind/WhiteSpaceProcessor 1 1 95 10 10 11 11 11 10 100 10 10 10 100 10 10 11 10 10 10 10 10 7 100 1 1 1 1 1 1 1 1 1 1 1 1 1 1 1 1 1 1 1 1 1 1 1 1 1 1 1 1 1 1 1 1 1 1 1 1 12 12 7 12 12 12 12 1 12 12 1 12 12 12 12 12 12 12 1 1 1 1 1 1 1 1 1 1 1 1 1 1 1 1 1 1 1
ciInstanceKlass javax/xml/bind/JAXBElement 1 1 90 10 9 100 10 9 100 9 9 10 10 9 10 7 7 100 1 1 1 1 1 1 1 1 1 1 1 1 1 1 1 1 1 5 0 1 1 1 1 1 1 1 1 1 1 100 100 1 1 1 1 1 1 1 1 1 1 1 1 1 1 1 1 1 1 1 1 1 1 1 1 1 12 12 1 12 1 12 12 12 12 12 12 1 1 1 1 1 1 1
ciInstanceKlass com/sun/xml/bind/v2/runtime/unmarshaller/Receiver 1 0 18 100 100 1 100 1 1 1 1 100 1 1 1 1 100 1 1 1
instanceKlass com/sun/xml/bind/v2/runtime/unmarshaller/UnmarshallingContext$ExpectedTypeRootLoader
instanceKlass com/sun/xml/bind/v2/runtime/unmarshaller/UnmarshallingContext$DefaultRootLoader
instanceKlass com/sun/xml/bind/v2/runtime/ElementBeanInfoImpl$IntercepterLoader
instanceKlass com/sun/xml/bind/v2/runtime/unmarshaller/ValuePropertyLoader
instanceKlass com/sun/xml/bind/v2/runtime/unmarshaller/DomLoader
instanceKlass com/sun/xml/bind/v2/runtime/property/ArrayReferenceNodeProperty$MixedTextLoader
instanceKlass com/sun/xml/bind/v2/runtime/property/SingleMapNodeProperty$2
instanceKlass com/sun/xml/bind/v2/runtime/property/SingleMapNodeProperty$1
instanceKlass com/sun/xml/bind/v2/runtime/property/ArrayERProperty$ItemsLoader
instanceKlass com/sun/xml/bind/v2/runtime/unmarshaller/LeafPropertyXsiLoader
instanceKlass com/sun/xml/bind/v2/runtime/unmarshaller/ProxyLoader
instanceKlass com/sun/xml/bind/v2/runtime/unmarshaller/DefaultValueLoaderDecorator
instanceKlass com/sun/xml/bind/v2/runtime/unmarshaller/LeafPropertyLoader
instanceKlass com/sun/xml/bind/v2/runtime/unmarshaller/StructureLoader
instanceKlass com/sun/xml/bind/v2/runtime/unmarshaller/XsiTypeLoader
instanceKlass com/sun/xml/bind/v2/runtime/unmarshaller/TextLoader
ciInstanceKlass com/sun/xml/bind/v2/runtime/unmarshaller/Loader 1 1 290 10 9 10 9 10 10 10 9 10 10 9 10 9 9 7 10 10 9 10 10 11 10 10 9 100 10 10 11 11 11 100 10 10 8 10 10 10 8 10 10 10 10 10 10 10 10 10 10 10 10 10 10 10 10 100 100 10 11 10 10 10 7 1 1 1 1 1 1 1 1 1 1 1 7 1 1 1 1 1 1 1 1 100 1 1 1 1 1 1 1 7 1 1 1 1 1 1 1 1 1 1 1 1 1 1 1 1 100 1 1 1 100 1 1 1 1 1 1 1 1 1 1 1 1 1 1 1 1 1 1 1 1 1 100 100 1 1 1 1 12 12 12 100 12 12 12 12 12 7 12 12 100 12 12 12 100 12 1 12 12 12 12 100 12 100 12 12 12 12 1 12 100 12 12 12 1 12 12 1 12 12 12 1 7 12 12 12 12 12 12 12 12 12 12 12 12 12 12 100 1 1 12 100 12 12 12 12 1 1 1 1 1 100 1 1 1 1 1 1 1 1 1 1 1 1 1 1 1 1 1 1 1 1 1 1 1 1 1 1 1 1 1 1 1 1 1 1 1 1 1 1 1 1 1 1 1 1 1 1 1 1 1 1 1 1 1 1 1 1 1 1 1 1 1 1 1 1 1 1 1 1 1 1 1 1 1 1 1 1
ciInstanceKlass com/sun/xml/bind/v2/runtime/unmarshaller/XsiTypeLoader 1 1 195 10 9 10 10 10 10 10 9 100 8 8 11 11 10 9 100 10 10 10 11 10 10 9 10 10 10 9 9 100 10 10 11 9 11 10 7 10 7 7 1 1 1 1 1 1 1 1 1 1 1 1 7 1 1 1 1 1 1 1 1 1 1 1 7 1 100 1 1 1 1 1 1 1 1 1 1 1 1 7 7 7 100 1 1 1 1 1 1 1 1 1 1 1 1 1 1 12 12 12 12 12 12 12 12 1 1 12 12 7 12 100 12 1 12 12 12 7 12 12 7 12 12 100 12 12 12 12 12 1 12 12 12 12 12 100 12 1 12 1 1 1 1 1 1 1 1 1 1 1 1 1 1 1 1 1 1 1 1 1 1 1 1 1 1 1 1 1 1 1 1 1 1 1 1 1 1 1 1 1 1 1 1 1 1 1 1 1 1 1 1 1 1 1 1
staticfield com/sun/xml/bind/v2/runtime/unmarshaller/XsiTypeLoader XsiTypeQNAME Ljavax/xml/namespace/QName; javax/xml/namespace/QName
ciInstanceKlass com/sun/xml/bind/v2/runtime/unmarshaller/StructureLoader 1 1 453 10 7 10 9 9 7 10 9 9 11 10 9 7 9 10 9 10 11 9 10 9 9 10 7 9 9 9 9 9 10 9 10 100 10 10 9 10 10 10 10 10 10 10 9 11 11 11 8 10 11 11 10 7 10 100 8 10 10 100 9 100 10 10 9 100 10 10 10 10 10 100 10 11 100 10 9 9 10 9 10 100 8 10 10 10 10 11 11 11 10 10 9 10 9 10 10 10 10 10 10 7 10 7 7 1 1 1 1 1 1 1 1 1 1 1 1 1 1 1 1 1 1 1 1 1 1 1 1 1 1 1 1 1 1 1 1 1 1 1 1 1 1 1 1 1 1 1 1 7 7 1 1 7 1 1 1 1 1 1 1 1 1 1 1 1 1 1 1 1 1 1 1 1 1 1 1 1 1 1 7 7 7 7 1 100 1 1 1 1 1 1 1 1 1 1 100 1 1 1 1 1 1 1 1 1 1 1 1 1 1 12 1 12 12 12 1 12 12 12 12 7 12 12 1 12 7 12 12 12 12 12 12 12 7 12 12 1 12 12 12 12 12 12 12 100 12 1 12 12 12 12 12 12 12 12 12 12 12 12 12 1 12 12 12 12 1 12 1 1 12 100 12 1 12 1 7 12 100 12 1 12 12 12 12 12 1 12 12 1 12 12 12 12 100 12 12 1 1 100 12 12 12 12 100 12 100 12 12 12 12 12 12 12 12 12 12 12 12 12 1 12 1 1 1 1 1 1 1 1 1 1 1 1 1 1 1 1 1 1 1 1 1 1 1 1 1 1 1 1 1 1 1 1 1 1 1 1 1 1 1 1 1 1 1 1 1 1 1 1 1 1 1 1 1 1 1 1 1 1 1 1 1 1 1 1 1 1 1 1 1 1 1 1 1 1 1 1 1 1 1 1 1 1 1 1 1 1 1 1 1 1 1 1 1 1 1 1 1 1 1 1 1 1 1 1 1 1 1 1 1 1 1 1 1 1 1 1 1 1 1 1 1 1 1 1 1 1 1 1 1 1 1
staticfield com/sun/xml/bind/v2/runtime/unmarshaller/StructureLoader EMPTY Lcom/sun/xml/bind/v2/util/QNameMap; com/sun/xml/bind/v2/util/QNameMap
staticfield com/sun/xml/bind/v2/runtime/unmarshaller/StructureLoader $assertionsDisabled Z 1
ciInstanceKlass com/sun/xml/bind/v2/runtime/unmarshaller/LeafPropertyXsiLoader 1 1 151 10 9 9 9 9 10 10 10 10 9 100 8 8 11 11 10 10 10 100 100 10 100 100 10 10 10 10 7 7 1 1 1 1 1 1 1 1 1 1 1 1 1 1 7 1 1 1 1 1 1 1 1 1 100 1 1 1 1 1 1 1 1 1 1 1 1 1 1 1 1 1 1 1 7 100 100 7 100 100 1 1 1 1 1 1 1 12 12 12 12 12 12 12 12 12 12 1 1 12 12 100 12 12 100 12 1 1 12 1 100 1 1 12 12 12 12 1 1 1 1 1 1 1 1 1 1 1 1 1 1 1 1 1 1 1 1 1 1 1 1 1 1 1 1 1 1 1 1 1 1
ciInstanceKlass com/sun/xml/bind/v2/runtime/unmarshaller/ChildLoader 1 1 44 10 9 100 10 9 9 7 10 7 1 1 1 1 1 1 1 1 1 1 1 1 1 1 100 100 1 1 1 1 12 12 1 12 12 1 7 12 1 1 1 1 1 1
staticfield com/sun/xml/bind/v2/runtime/unmarshaller/ChildLoader $assertionsDisabled Z 1
ciInstanceKlass javax/xml/bind/ValidationEventHandler 1 0 9 100 100 1 1 1 1 1 1
ciInstanceKlass com/sun/xml/bind/v2/runtime/unmarshaller/UnmarshallerImpl 1 1 604 10 7 10 9 9 9 7 10 9 10 100 100 10 10 9 10 10 10 10 100 10 100 10 100 10 7 10 10 9 100 10 9 10 100 10 8 11 11 10 100 10 10 100 10 11 11 11 100 10 100 10 10 10 9 100 10 10 10 10 100 10 100 10 10 10 10 10 10 10 100 10 10 11 100 100 10 100 10 100 10 8 10 10 10 10 10 10 10 10 100 8 10 11 100 100 8 10 10 10 10 10 100 10 11 10 11 11 11 11 10 10 8 10 100 10 10 100 10 10 100 10 7 8 10 100 9 100 9 10 100 10 10 10 10 10 11 100 10 10 10 10 10 10 10 10 9 10 10 7 10 7 100 100 1 1 1 1 1 1 1 100 1 1 1 1 1 1 1 1 1 1 1 1 1 1 1 1 1 1 1 1 1 1 1 1 1 1 100 100 1 1 1 1 1 1 1 1 1 1 1 1 1 1 1 1 100 1 1 1 1 1 1 1 1 1 1 1 1 1 1 1 1 1 1 1 1 1 1 1 1 1 7 100 1 1 1 1 1 1 1 1 1 1 1 1 1 1 1 1 1 1 1 1 1 1 1 1 1 1 1 1 1 1 1 1 1 1 100 100 1 1 1 1 1 1 1 1 100 100 1 1 1 1 1 1 1 100 1 1 1 100 1 1 1 1 1 1 1 1 1 1 1 1 1 1 1 1 1 1 1 1 1 1 1 1 1 1 1 1 1 1 1 1 1 1 1 1 1 1 1 1 1 1 1 1 1 1 1 1 1 1 1 1 1 12 1 12 12 12 1 12 12 12 1 1 12 12 12 100 12 100 12 12 100 12 1 12 1 12 1 12 1 12 12 12 1 12 12 100 12 1 12 1 12 12 12 1 12 1 12 12 12 12 1 12 1 12 12 12 1 12 12 1 12 1 12 12 12 12 12 1 12 1 1 12 1 12 1 1 12 12 12 12 12 12 12 1 1 12 12 1 1 1 100 12 12 100 12 12 1 12 12 12 12 12 7 12 100 12 1 100 12 1 12 1 12 12 1 12 1 1 12 1 12 1 12 12 1 12 12 12 12 1 12 12 12 12 12 12 12 12 7 12 12 1 1 1 1 100 1 1 1 1 1 1 1 1 1 1 1 1 1 1 1 1 1 1 1 1 1 1 1 1 1 1 1 1 1 1 1 1 1 1 1 1 1 1 1 1 1 1 1 1 1 1 1 1 1 1 1 1 1 1 1 1 1 1 1 1 1 1 1 1 1 1 1 1 1 1 1 1 1 1 1 1 1 1 1 1 1 1 1 1 1 1 1 1 1 1 1 1 1 1 1 1 1 1 1 1 1 1 1 1 1 1 1 1 1 1 1 1 1 1
staticfield com/sun/xml/bind/v2/runtime/unmarshaller/UnmarshallerImpl dummyHandler Lorg/xml/sax/helpers/DefaultHandler; org/xml/sax/helpers/DefaultHandler
ciInstanceKlass com/sun/xml/bind/v2/runtime/unmarshaller/XmlVisitor 1 0 31 100 100 100 1 1 1 1 1 100 1 1 1 1 1 1 1 1 1 1 1 1 1 1 1 1 1 1 1 1 1
ciInstanceKlass javax/xml/bind/UnmarshallerHandler 1 0 61 100 100 100 1 1 1 100 100 1 1 1 1 1 1 1 1 100 1 8 1 1 12 10 1 1 1 8 1 1 1 8 1 1 1 8 1 1 8 1 1 1 8 1 1 1 8 1 1 1 8 1 1 8 1 1 8 1 1 8 1
ciInstanceKlass com/sun/xml/bind/v2/runtime/unmarshaller/XmlVisitor$TextPredictor 1 0 13 100 100 1 1 1 1 100 1 1 1 1 1
instanceKlass com/sun/xml/bind/v2/runtime/unmarshaller/UnmarshallingContext
ciInstanceKlass com/sun/xml/bind/v2/runtime/Coordinator 1 1 158 10 7 10 9 10 7 10 10 10 10 10 10 9 10 7 9 10 10 100 10 100 10 10 10 10 10 10 7 10 7 100 100 1 1 1 1 1 1 1 1 1 1 1 1 1 1 1 1 1 1 1 1 1 1 1 1 1 1 1 1 1 1 1 1 1 1 1 1 1 1 1 1 1 1 1 1 1 1 1 100 1 1 1 1 1 1 1 1 1 1 1 1 1 100 1 1 1 12 1 12 12 1 12 12 7 12 7 12 12 12 12 12 1 12 12 12 1 12 1 100 12 12 12 12 12 12 1 1 1 1 1 1 1 1 1 1 1 1 1 1 1 1 1 1 1 1 1 1 1 1 1 1 1 1 1 1 1
staticfield com/sun/xml/bind/v2/runtime/Coordinator activeTable Ljava/lang/ThreadLocal; java/lang/ThreadLocal
ciInstanceKlass com/sun/xml/bind/v2/runtime/unmarshaller/UnmarshallingContext 1 1 834 9 9 9 9 9 10 9 9 9 9 7 10 9 9 9 7 9 7 9 9 10 9 9 7 10 9 9 9 9 9 10 10 9 9 9 10 10 10 10 100 100 10 10 10 10 10 10 10 10 10 10 10 11 100 10 10 10 10 8 10 10 10 100 10 11 9 9 9 10 10 10 10 11 9 10 10 10 9 100 10 10 10 11 10 10 10 10 10 10 11 11 10 10 9 100 10 100 10 11 11 10 10 9 10 100 100 10 8 10 10 10 10 100 100 10 11 100 11 11 10 10 10 100 100 10 11 10 10 10 10 9 100 10 100 10 11 10 10 8 10 100 8 10 11 8 10 10 10 10 11 100 10 100 10 11 8 8 10 11 10 10 10 100 10 10 10 10 10 10 7 10 10 10 100 9 10 9 9 10 10 10 7 10 10 10 10 10 7 10 7 10 7 10 7 100 100 100 100 100 100 1 1 1 1 1 1 1 1 1 1 1 1 1 1 1 1 1 1 1 1 1 1 1 1 1 1 1 1 1 1 1 1 1 1 1 1 1 1 1 1 1 1 1 1 1 1 1 1 1 1 1 1 1 1 1 1 1 1 1 1 1 1 1 1 1 1 1 1 7 100 1 1 1 1 1 1 1 1 1 1 1 1 1 1 1 1 1 1 1 1 1 1 1 7 1 100 1 1 1 1 1 1 1 1 1 1 1 100 100 1 1 1 1 1 1 100 1 1 1 1 1 1 1 1 1 1 1 1 1 100 7 7 1 1 1 1 1 1 1 1 1 1 1 1 1 1 1 1 1 1 1 1 1 1 1 1 1 1 1 1 1 1 1 1 1 1 1 1 1 1 1 1 1 1 1 1 1 1 1 1 1 1 1 1 1 1 1 1 1 1 1 1 1 1 1 1 1 1 1 1 1 1 1 1 1 1 1 1 100 1 1 1 1 1 1 1 1 100 1 1 1 1 1 1 1 100 1 1 1 1 1 1 1 1 1 1 1 1 1 1 1 1 1 100 1 1 1 1 1 1 1 1 1 1 1 1 1 1 1 1 1 1 1 1 1 1 1 12 12 12 12 12 12 12 12 12 12 1 12 12 12 1 12 1 12 12 12 12 12 1 12 12 12 12 12 12 12 7 12 12 12 12 100 12 12 12 7 12 1 1 12 12 12 12 12 12 12 12 12 12 12 7 12 1 12 12 7 12 12 1 12 12 12 1 12 12 12 12 12 7 12 12 12 12 100 12 12 12 12 12 12 1 12 12 7 12 12 12 12 12 12 12 12 12 12 12 12 1 1 12 12 12 12 100 12 12 12 1 1 1 12 12 12 1 1 12 12 1 12 12 12 12 12 1 1 100 12 12 12 12 100 12 1 12 1 7 12 12 12 12 1 12 1 1 12 12 1 12 12 12 100 12 12 1 1 12 1 1 12 12 100 12 12 1 12 12 12 12 12 12 1 12 12 12 1 100 12 7 12 12 12 12 12 12 1 12 12 12 12 1 12 1 12 1 1 1 1 1 1 1 1 1 1 1 1 1 1 1 1 1 1 1 1 1 1 1 1 1 1 1 1 1 1 1 1 1 1 1 1 1 1 1 1 1 1 1 1 1 1 1 1 1 1 1 1 1 1 1 1 1 1 1 1 1 1 1 1 1 1 1 1 1 1 1 1 1 1 1 1 1 1 1 1 1 1 1 1 1 1 1 1 1 1 1 1 1 1 1 1 1 1 1 1 1 1 1 1 1 1 1 1 1 1 1 1 1 1 1 1 1 1 1 1 1 1 1 1 1 1 1 1 1 1 1 1 1 1 1 1 1 1 1 1 1 1 1 1 1 1 1 1 1 1 1 1 1 1 1 1 1 1 1 1 1 1 1 1 1 1 1 1 1 1
staticfield com/sun/xml/bind/v2/runtime/unmarshaller/UnmarshallingContext logger Ljava/util/logging/Logger; java/util/logging/Logger
staticfield com/sun/xml/bind/v2/runtime/unmarshaller/UnmarshallingContext DUMMY_INSTANCE Lcom/sun/xml/bind/v2/runtime/unmarshaller/LocatorEx; com/sun/xml/bind/v2/runtime/unmarshaller/LocatorExWrapper
staticfield com/sun/xml/bind/v2/runtime/unmarshaller/UnmarshallingContext DEFAULT_ROOT_LOADER Lcom/sun/xml/bind/v2/runtime/unmarshaller/Loader; com/sun/xml/bind/v2/runtime/unmarshaller/UnmarshallingContext$DefaultRootLoader
staticfield com/sun/xml/bind/v2/runtime/unmarshaller/UnmarshallingContext EXPECTED_TYPE_ROOT_LOADER Lcom/sun/xml/bind/v2/runtime/unmarshaller/Loader; com/sun/xml/bind/v2/runtime/unmarshaller/UnmarshallingContext$ExpectedTypeRootLoader
staticfield com/sun/xml/bind/v2/runtime/unmarshaller/UnmarshallingContext $assertionsDisabled Z 1
ciInstanceKlass com/sun/xml/bind/v2/runtime/unmarshaller/UnmarshallingContext$DefaultRootLoader 1 1 139 10 10 10 10 10 10 10 10 10 10 100 10 100 10 10 10 10 10 10 10 10 10 10 7 7 100 1 1 1 1 1 1 1 1 1 1 7 1 1 1 1 1 1 1 1 1 1 1 100 1 100 1 1 1 1 1 1 1 1 100 1 1 1 1 1 12 12 7 12 12 12 100 12 12 12 12 1 100 12 1 12 12 12 12 100 12 12 12 12 12 12 1 1 1 1 1 1 1 1 1 1 1 1 1 1 1 1 1 1 1 1 1 1 1 1 1 1 1 1 1 1 1 1 1 1 1 1 1 1 1 1 1 1 1 1 1 1 1
ciInstanceKlass com/sun/xml/bind/v2/runtime/unmarshaller/UnmarshallingContext$State 1 1 207 9 9 10 10 9 9 9 9 9 9 9 9 10 9 10 9 10 9 10 8 10 9 10 100 10 7 10 10 8 7 10 10 7 10 7 1 1 1 1 1 1 1 1 1 1 1 1 1 1 1 1 1 1 1 1 1 1 1 1 1 1 1 1 1 1 1 1 1 1 1 1 1 1 1 1 1 1 1 100 1 1 1 1 1 1 1 1 1 1 1 1 1 1 1 1 1 1 1 100 1 1 1 1 1 1 1 1 1 1 1 1 1 1 1 1 1 1 1 1 1 1 1 1 1 1 1 1 1 1 1 1 1 1 1 1 1 1 1 1 1 1 1 1 1 12 12 12 12 12 12 12 12 12 12 12 12 12 12 12 12 12 7 12 7 12 1 12 12 12 1 1 12 12 1 1 12 7 12 1 7 12 1 1 1 1 1 1 1 1 1 1 1 1 1 1 1 1 1 1 1 1 1 1 1 1 1
staticfield com/sun/xml/bind/v2/runtime/unmarshaller/UnmarshallingContext$State $assertionsDisabled Z 1
ciInstanceKlass com/android/repository/impl/meta/SchemaModuleUtil$NamespaceFallbackFilter 1 1 186 10 7 12 1 1 1 10 7 12 1 1 1 9 7 12 1 1 1 9 12 1 11 7 12 1 1 1 11 7 12 1 1 1 11 12 1 1 7 1 10 12 1 1 11 7 12 1 1 1 9 12 1 1 9 12 1 1 10 7 12 1 1 1 10 12 1 1 10 12 1 10 7 12 1 1 1 11 12 1 1 10 12 1 1 11 12 1 1 10 12 1 10 12 1 9 12 1 18 12 1 11 100 12 1 1 1 7 1 10 12 1 1 7 1 10 12 1 11 12 1 1 10 12 1 1 1 1 1 1 1 1 1 1 1 1 1 1 1 1 1 1 1 1 1 1 1 1 1 1 1 1 1 1 1 1 100 1 1 1 1 1 1 1 1 1 1 1 100 1 1 8 1 15 10 100 12 1 1 1 1 100 1 100 1 1
ciInstanceKlass com/sun/xml/bind/v2/runtime/unmarshaller/SAXConnector 1 1 247 10 7 10 9 7 10 9 9 11 9 11 9 9 10 7 10 9 9 10 8 10 11 8 11 8 7 10 11 8 11 8 10 8 10 10 10 9 9 9 9 11 8 11 9 8 10 11 10 8 10 10 11 10 10 7 100 100 1 1 1 1 1 1 1 1 1 1 1 1 1 7 1 1 1 1 1 1 1 1 1 1 1 1 1 1 1 100 100 1 1 1 1 1 1 1 1 1 100 1 1 1 1 1 1 1 1 1 1 1 1 1 1 7 100 1 1 1 1 1 1 1 1 1 1 1 1 1 1 1 1 1 1 1 1 1 1 1 1 12 1 12 1 12 12 12 7 12 12 12 12 12 7 12 1 12 12 7 12 7 12 1 12 12 1 12 1 1 12 12 1 12 1 12 1 12 7 12 12 12 12 12 12 12 1 12 12 1 12 12 12 1 12 7 12 12 12 7 12 1 1 1 1 1 1 1 1 1 1 1 1 1 1 1 1 1 1 1 1 1 1 1 1 1 1 1 1 1 1 1 1 1 1 1 1 1 1 1 1 1 1 1 1 1 1 1 1
staticfield com/sun/xml/bind/v2/runtime/unmarshaller/SAXConnector logger Ljava/util/logging/Logger; java/util/logging/Logger
instanceKlass com/sun/xml/bind/v2/runtime/unmarshaller/SAXConnector$TagNameImpl
ciInstanceKlass com/sun/xml/bind/v2/runtime/unmarshaller/TagName 1 1 81 10 9 9 9 9 100 10 10 10 10 10 10 8 10 100 10 10 100 7 1 1 1 1 1 1 1 1 1 1 1 1 1 1 1 1 1 1 1 1 1 1 1 1 1 1 100 1 1 1 1 12 12 12 100 12 12 1 12 12 12 12 12 1 12 1 12 12 1 1 1 1 1 1 1 1 1 1 1 1 1
ciInstanceKlass com/sun/xml/bind/v2/runtime/unmarshaller/SAXConnector$TagNameImpl 1 1 32 10 10 9 7 7 1 1 1 1 1 1 1 1 1 1 1 1 1 100 1 1 1 1 1 12 12 100 1 1 1 1
ciInstanceKlass com/sun/xml/bind/DatatypeConverterImpl 1 1 600 10 100 10 10 11 10 10 11 11 10 100 100 10 8 10 10 10 10 10 10 10 100 10 8 10 100 4 8 4 8 4 10 10 10 10 10 10 10 100 6 0 6 0 6 0 10 8 10 8 8 8 100 8 10 8 11 11 8 8 7 10 10 10 10 8 10 8 10 8 10 10 10 10 10 11 10 10 7 9 10 10 9 10 10 9 100 10 7 10 10 11 10 100 10 10 100 9 11 100 10 100 100 9 7 10 10 11 10 10 10 10 10 10 10 10 10 10 10 10 10 10 10 10 10 8 10 8 10 9 10 8 10 10 10 10 10 10 10 10 9 10 10 7 10 10 8 10 100 100 1 1 1 1 1 1 1 1 1 1 1 1 3 1 1 1 1 1 1 1 1 1 1 1 1 1 1 1 1 1 1 1 1 1 1 1 1 1 1 1 1 1 1 1 1 1 1 7 1 1 1 1 1 1 1 1 1 1 1 1 1 1 1 1 1 1 1 1 1 1 1 1 1 1 1 1 1 1 1 1 1 1 1 1 1 1 1 1 1 1 1 1 1 7 1 1 1 1 1 1 1 1 1 1 1 1 1 1 1 1 1 1 1 1 1 1 1 1 100 1 1 1 1 1 1 1 1 1 1 1 1 1 1 1 100 1 1 1 1 1 1 1 1 1 1 1 1 1 1 1 1 1 100 1 1 1 1 1 1 1 1 1 1 1 1 1 100 1 1 1 1 1 1 1 1 1 1 1 1 1 1 1 1 1 1 1 1 1 1 1 1 1 1 1 1 1 7 1 1 1 1 1 1 1 1 1 1 1 1 1 1 1 1 1 1 1 1 1 1 1 1 1 1 1 1 1 1 1 1 1 1 1 1 1 1 1 1 1 1 1 1 1 1 1 12 1 7 12 12 12 12 12 12 12 1 1 1 12 12 7 12 12 12 1 1 12 1 1 1 12 12 12 12 1 12 1 12 1 1 1 1 1 1 12 12 1 1 1 12 12 12 100 12 1 12 1 1 12 12 12 12 12 12 12 12 1 12 12 100 12 12 12 12 12 1 1 12 12 100 12 12 1 100 12 1 12 100 12 1 12 1 1 100 12 1 12 12 12 12 12 12 12 12 12 12 12 12 12 12 12 12 12 12 12 12 1 12 1 12 12 12 1 12 12 12 12 12 12 7 12 12 12 12 1 7 12 1 12 1 1 1 1 1 1 1 1 1 1 1 1 1 1 1 1 1 1 1 1 1 1 1 1 1 1 1 1 1 1 1 1 1 1 1 1 1 1 1 1 1 1 1 1 1 1 1 1 1 1 1 1 1 1 1 1 1 1 1 1 1 1 1 1 1 1 1 1 1 1 1 1
staticfield com/sun/xml/bind/DatatypeConverterImpl theInstance Ljavax/xml/bind/DatatypeConverterInterface; com/sun/xml/bind/DatatypeConverterImpl
staticfield com/sun/xml/bind/DatatypeConverterImpl decodeMap [B 128
staticfield com/sun/xml/bind/DatatypeConverterImpl encodeMap [C 64
staticfield com/sun/xml/bind/DatatypeConverterImpl DF_CACHE Ljava/util/Map; java/util/Collections$SynchronizedMap
staticfield com/sun/xml/bind/DatatypeConverterImpl hexCode [C 16
staticfield com/sun/xml/bind/DatatypeConverterImpl $assertionsDisabled Z 1
instanceKlass com/sun/org/apache/xerces/internal/parsers/SAXParser
ciInstanceKlass com/sun/org/apache/xerces/internal/parsers/AbstractSAXParser 1 1 870 100 1 10 7 12 1 1 1 9 7 12 1 1 1 9 12 1 9 12 1 9 12 1 9 12 1 7 1 10 12 1 9 12 1 1 9 12 1 7 1 10 9 12 1 1 9 12 1 1 9 12 1 1 9 12 1 1 9 12 1 1 11 7 12 1 1 1 9 12 1 11 12 1 8 1 11 12 1 1 100 1 9 12 1 1 9 12 1 1 7 1 10 12 1 11 100 12 1 1 1 11 12 1 9 12 1 1 11 7 1 11 100 1 100 1 10 12 1 9 12 1 1 8 1 10 7 12 1 1 1 9 12 1 11 12 1 1 9 12 1 9 12 1 1 11 100 12 1 1 9 12 1 1 100 1 10 9 100 12 1 1 1 8 1 11 100 12 1 1 1 10 11 12 1 1 11 12 1 11 12 1 10 12 1 1 9 12 1 11 12 1 1 9 12 1 10 12 1 11 7 12 1 1 1 11 12 1 1 9 12 1 9 7 12 1 1 11 12 1 1 8 1 9 12 1 9 12 1 11 12 1 11 12 1 9 7 12 1 1 1 9 12 1 9 12 1 11 12 1 1 11 11 12 1 11 11 12 1 11 12 10 12 1 11 12 1 11 12 1 11 12 1 10 12 1 1 11 12 1 1 11 11 12 1 11 8 1 10 12 1 1 10 12 1 1 11 100 12 1 1 100 1 10 12 8 1 10 12 1 1 10 10 12 1 1 10 12 1 1 8 1 8 1 10 8 1 8 1 10 12 1 11 12 1 1 11 12 1 11 100 12 1 1 11 12 1 11 12 1 11 12 1 9 12 1 1 11 100 12 1 1 1 11 12 1 11 12 1 10 12 1 7 1 10 12 1 10 12 1 1 100 1 10 12 1 1 100 1 100 1 10 12 1 10 10 100 12 1 1 10 10 12 1 10 12 1 10 12 1 10 12 1 10 12 1 100 1 10 12 1 10 12 1 10 12 1 100 1 10 10 10 10 10 7 1 10 12 1 10 12 1 1 10 12 1 1 10 12 1 1 10 12 1 1 10 12 1 10 12 1 100 1 10 9 12 1 1 100 1 8 1 11 12 1 100 1 7 1 100 1 10 12 1 1 10 12 11 12 1 1 7 1 10 12 1 10 12 10 12 1 1 10 12 1 8 1 100 1 7 1 10 12 1 1 10 12 10 12 1 1 11 12 1 1 8 1 10 12 1 1 10 12 8 1 10 12 1 8 1 8 1 100 1 11 12 1 1 8 1 100 1 10 100 12 1 1 1 10 8 1 8 1 8 1 8 1 8 1 8 1 10 10 8 1 8 1 8 1 8 1 8 1 100 1 8 1 8 1 100 1 10 10 12 1 10 12 1 1 9 100 12 1 1 1 100 1 8 1 10 8 1 11 12 1 100 1 8 1 8 1 10 12 1 1 100 1 8 1 8 1 8 1 10 12 1 1 8 1 8 1 8 1 8 1 8 1 8 1 10 12 1 1 10 12 1 1 8 1 8 1 8 1 8 1 11 7 12 1 1 11 12 1 1 11 12 1 1 11 12 1 11 12 1 10 12 1 8 1 8 1 8 1 8 1 100 1 9 12 1 1 11 12 1 1 8 1 100 1 11 12 1 8 1 8 1 100 1 100 1 100 1 1 1 1 1 1 1 1 1 1 1 3 1 1 1 1 1 1 1 1 1 1 1 1 1 1 1 1 1 1 1 1 1 1 1 1 1 1 1 1 1 1 1 1 1 1 1 1 1 1 1 1 1 1 1 1 1 1 1 1 1 1 1 1 1 1 1 1 1 1 1 1 1 1 1 1 1 1 1 1 1 1 1 100 1 1 1 1 1 1 1 1 1 1 1 1 1 1 1 100 1 1 1 1 1 1 1 1 100 1 1 1 1 1 1 1 1 1 1 1 1 1 1 1 1 1 1 1 1 1 1 1 1 1 1 1 1 1 1 1 1 1 1 1 1 1 1 1 1
staticfield com/sun/org/apache/xerces/internal/parsers/AbstractSAXParser RECOGNIZED_FEATURES [Ljava/lang/String; 3 [Ljava/lang/String;
staticfield com/sun/org/apache/xerces/internal/parsers/AbstractSAXParser RECOGNIZED_PROPERTIES [Ljava/lang/String; 3 [Ljava/lang/String;
instanceKlass com/sun/org/apache/xerces/internal/jaxp/SAXParserImpl$JAXPSAXParser
ciInstanceKlass com/sun/org/apache/xerces/internal/parsers/SAXParser 1 1 150 100 1 10 7 12 1 1 1 10 7 12 1 1 7 1 10 12 1 9 12 1 1 9 12 1 1 11 7 12 1 1 1 8 1 11 12 1 1 9 12 1 11 12 1 8 1 11 12 1 1 8 1 8 1 10 7 12 1 1 1 9 12 1 1 10 7 12 1 1 1 10 100 1 8 1 7 1 10 9 12 1 1 10 12 1 10 12 1 1 9 100 12 1 1 1 10 12 1 1 9 100 12 1 1 10 12 1 1 8 1 1 1 1 1 1 1 1 1 1 1 1 1 1 1 1 1 1 1 100 1 100 1 1 1 1 1 1 1 100 1 100 1 1 1 1 1 1 100 1
staticfield com/sun/org/apache/xerces/internal/parsers/SAXParser RECOGNIZED_FEATURES [Ljava/lang/String; 2 [Ljava/lang/String;
staticfield com/sun/org/apache/xerces/internal/parsers/SAXParser RECOGNIZED_PROPERTIES [Ljava/lang/String; 2 [Ljava/lang/String;
ciInstanceKlass com/sun/org/apache/xerces/internal/jaxp/SAXParserImpl$JAXPSAXParser 1 1 352 100 1 7 1 10 7 12 1 1 1 10 7 12 1 1 7 1 10 9 12 1 1 9 12 1 9 12 1 1 9 12 1 1 9 12 1 1 100 1 10 12 1 8 1 10 12 1 1 100 1 100 1 9 12 1 1 11 100 12 1 1 1 8 1 100 1 10 100 12 1 1 1 10 12 1 100 1 10 8 1 100 1 10 100 1 8 1 10 7 12 1 1 1 10 12 1 10 100 1 100 1 11 7 12 1 1 10 12 1 1 9 7 12 1 1 1 9 12 1 11 12 1 1 9 12 1 1 10 12 1 1 10 12 1 10 12 1 1 8 1 9 12 1 1 8 1 10 12 1 8 1 10 12 1 9 12 1 1 8 1 10 10 12 1 1 8 1 8 1 10 8 1 10 12 1 9 100 12 1 1 1 10 12 1 1 9 100 12 1 1 10 12 1 1 10 12 1 1 10 12 1 11 12 1 11 12 1 1 11 100 12 1 1 1 11 100 12 1 1 11 12 1 1 100 1 11 12 1 11 12 10 12 1 11 12 1 9 12 1 1 10 100 12 1 1 9 12 1 1 10 100 1 10 12 1 10 12 1 1 10 12 11 100 1 100 1 10 12 1 1 10 12 1 1 9 100 12 1 1 1 8 1 10 8 1 11 8 1 9 12 1 1 11 12 1 10 12 1 1 1 1 1 1 1 1 1 1 1 1 1 1 1 1 1 1 1 1 1 1 1 1 1 1 1 1 1 1 1 1 1 1 100 1 1 1 1 1 1 1 1 1 1 1 1 1 1 1 100 1 1 1
ciInstanceKlass com/sun/org/apache/xerces/internal/util/SymbolTable 1 1 191 7 1 10 7 12 1 1 1 9 12 1 1 100 1 18 12 1 1 10 12 1 10 7 12 1 1 1 18 12 1 9 12 1 1 9 12 1 1 7 1 9 12 1 4 9 12 1 9 12 1 4 10 12 1 10 12 1 1 9 12 1 1 10 100 12 1 1 1 9 12 1 1 10 12 1 1 10 12 1 10 12 1 10 12 1 10 12 1 9 12 1 1 10 12 1 10 12 1 9 12 1 1 10 12 1 1 3 10 12 1 10 12 1 10 12 1 1 10 12 10 12 1 1 10 100 12 1 1 1 1 1 3 1 3 1 3 1 3 1 1 1 1 1 1 1 1 1 1 1 1 1 1 1 1 1 1 1 100 1 1 1 1 1 1 1 100 1 1 1 1 1 1 1 8 1 8 1 15 10 100 12 1 1 1 1 100 1 100 1 1
ciInstanceKlass com/sun/org/apache/xerces/internal/xni/parser/XMLComponent 1 0 23 100 1 100 1 1 1 1 100 1 1 1 1 1 1 1 1 1 1 1 1 1 1
ciInstanceKlass com/sun/org/apache/xerces/internal/impl/XMLEntityManager 1 1 1521 100 1 7 1 7 1 10 7 12 1 1 1 9 12 1 1 9 12 1 9 12 1 9 12 1 9 12 1 8 1 9 12 1 1 9 12 1 1 9 12 1 1 9 12 1 1 9 12 1 9 12 1 7 1 10 9 12 1 1 7 1 10 9 12 1 1 9 12 1 1 9 12 1 8 1 9 12 1 1 7 1 10 9 12 1 1 7 1 10 9 12 1 1 9 12 1 9 12 1 7 1 10 12 1 7 1 10 12 1 9 12 1 1 10 12 1 1 9 12 1 1 7 1 10 12 1 9 12 1 1 10 12 1 1 11 7 12 1 1 1 100 1 10 12 1 11 12 1 1 9 12 1 9 12 1 1 100 1 8 1 8 1 7 1 10 12 1 1 10 12 1 1 9 7 12 1 1 1 11 100 12 1 1 1 10 12 1 1 100 1 100 1 10 12 1 1 10 12 1 10 12 1 9 12 1 10 9 12 1 1 10 12 1 10 12 1 1 9 12 1 100 1 10 10 7 12 1 1 10 12 1 10 12 1 10 12 1 10 12 1 1 9 12 1 10 12 1 1 100 1 10 12 1 10 12 1 1 100 1 10 100 12 1 1 100 1 10 12 1 1 11 100 12 1 1 1 11 12 1 1 100 1 11 12 1 7 1 11 12 1 10 12 1 1 10 12 1 10 12 1 10 12 1 1 10 12 1 10 12 1 7 1 10 12 1 10 12 1 10 12 1 1 9 7 12 1 1 9 12 1 9 12 1 1 10 7 12 1 9 12 1 5 0 10 12 1 1 8 1 5 0 10 12 1 1 9 7 12 1 1 1 10 12 1 1 9 7 12 1 1 9 12 1 8 1 8 1 10 12 1 1 10 12 1 10 12 1 10 12 1 10 12 1 10 7 12 1 1 11 12 100 1 10 12 1 10 12 1 9 12 1 10 12 1 9 12 1 1 11 11 12 1 11 10 12 1 9 12 1 1 10 100 12 1 1 1 9 12 1 1 11 7 12 1 1 100 1 10 12 1 9 12 1 1 9 12 1 9 12 1 9 12 1 9 12 1 10 7 12 1 1 1 9 100 12 1 1 1 10 100 12 1 1 9 12 1 1 100 1 10 100 12 1 1 1 11 100 12 1 1 10 100 12 1 1 10 12 1 100 1 8 1 10 100 12 1 1 1 10 12 1 10 12 1 10 12 1 11 12 1 11 12 1 11 12 1 11 12 1 1 100 1 10 12 1 11 100 1 11 10 12 1 1 11 7 12 1 1 8 1 11 12 1 1 11 7 12 1 1 11 12 1 1 9 8 1 10 12 1 1 9 12 1 9 12 1 9 12 1 18 12 1 1 9 10 12 1 1 8 1 10 12 1 10 12 1 10 12 1 1 10 12 1 1 8 1 100 1 9 12 1 10 10 12 1 10 12 1 9 12 1 9 12 1 10 12 1 1 9 12 1 10 12 1 1 10 12 1 1 10 12 1 1 8 1 10 12 1 1 10 12 1 10 10 12 1 100 1 10 12 1 100 1 9 7 12 1 1 1 10 12 1 8 1 10 8 1 100 1 10 8 1 10 100 12 1 1 1 7 1 8 1 8 1 100 1 100 1 8 1 10 12 1 8 1 8 1 8 1 100 1 8 1 9 12 1 9 12 1 9 12 1 9 12 1 8 1 7 1 9 7 12 1 1 1 10 12 1 8 1 10 10 10 11 10 12 1 9 12 1 8 1 11 7 12 1 1 1 10 10 12 1 10 8 1 8 1 8 1 8 1 8 1 8 1 8 1 11 8 1 11 12 8 1 7 1 9 12 1 1 8 1 10 12 1 1 10 9 12 1 1 10 7 12 1 8 1 10 12 1 8 1 10 12 1 8 1 8 1 8 1 8 1 8 1 8 1 7 1 10 12 1 10 12 1 1 8 1 9 12 1 9 12 1 1 9 12 1 10 12 8 1 8 1 10 12 1 100 1 100 1 8 1 10 9 12 1 1 9 12 1 9 100 12 1 1 1 10 12 1 1 100 1 10 12 10 12 1 1 10 100 12 1 1 10 12 1 1 9 12 1 1 9 12 1 1 9 12 1 10 12 1 10 12 1 1 100 1 9 12 1 8 1 10 10 12 1 10 12 1 8 1 10 12 1 10 12 1 10 10 12 1 10 12 1 1 10 12 1 100 1 10 12 1 10 12 1 10 12 1 10 12 1 8 1 10 12 1 10 12 1 1 10 12 1 1 100 1 10 12 10 12 1 10 12 1 10 12 1 10 12 1 10 12 1 1 10 12 1 1 10 12 1 1 10 100 1 10 12 1 10 18 10 12 1 100 1 10 12 1 10 12 1 100 1 10 12 1 10 12 1 10 12 1 10 12 1 10 10 10 12 1 10 8 1 10 10 12 1 10 9 12 1 1 9 12 1 9 12 1 9 12 1 9 12 1 9 12 1 9 12 1 9 12 1 9 12 1 9 12 1 10 12 1 1 10 12 1 1 10 12 1 8 1 8 1 7 1 10 12 1 100 1 10 12 1 100 1 10 12 1 8 1 10 100 12 1 1 10 12 1 8 1 8 1 10 100 12 1 1 8 1 100 1 100 1 10 12 1 10 12 1 10 9 12 1 9 12 1 18 12 18 8 1 8 1 8 1 8 1 10 12 1 8 1 8 1 10 12 1 8 1 8 1 8 8 1 8 1 8 1 8 1 8 1 8 1 8 1 8 1 8 1 8 1 8 1 8 1 8 1 8 1 8 1 8 1 8 1 8 1 8 1 8 1 8 1 8 1 8 1 9 12 1 10 12 1 8 1 8 1 10 12 1 9 12 1 10 12 1 8 1 100 1 1 1 3 1 3 1 3 1 1 1 1 1 1 1 1 1 1 1 1 1 1 1 1 1 1 3 1 1 1 1 1 1 1 1 1 1 1 1 1 1 1 1 1 1 1 1 1 1 1 1 1 1 1 1 1 1 1 1 1 1 1 1 1 1 1 1 1 1 1 1 1 1 1 1 1 1 1 1 1 1 1 1 1 1 1 1 1 1 1 1 1 1 1 1 1 100 100 1 1 1 1 1 1 1 1 1 1 1 1 1 1 1 1 1 1 1 1 1 1 1 1 1 1 1 1 1 1 1 1 1 1 1 1 1 1 1 1 1 1 1 1 1 1 1 1 1 1 1 1 1 1 1 1 1 1 1 1 1 1 1 1 1 1 1 1 1 1 1 1 1 1 1 1 1 1 1 1 1 1 1 1 1 1 1 1 1 1 1 1 1 1 1 1 100 1 1 1 1 1 1 1 1 1 1 1 1 1 1 1 1 1 1 1 1 1 1 1 1 100 1 1 1 1 1 1 1 1 1 1 1 1 100 1 1 1 1 8 1 8 1 8 1 8 1 15 10 100 12 1 1 1 1 1 1 1 1 1 1 1 1 1 100 1 100 1 1
staticfield com/sun/org/apache/xerces/internal/impl/XMLEntityManager RECOGNIZED_FEATURES [Ljava/lang/String; 7 [Ljava/lang/String;
staticfield com/sun/org/apache/xerces/internal/impl/XMLEntityManager FEATURE_DEFAULTS [Ljava/lang/Boolean; 7 [Ljava/lang/Boolean;
staticfield com/sun/org/apache/xerces/internal/impl/XMLEntityManager RECOGNIZED_PROPERTIES [Ljava/lang/String; 12 [Ljava/lang/String;
staticfield com/sun/org/apache/xerces/internal/impl/XMLEntityManager PROPERTY_DEFAULTS [Ljava/lang/Object; 12 [Ljava/lang/Object;
staticfield com/sun/org/apache/xerces/internal/impl/XMLEntityManager XMLEntity Ljava/lang/String; "[xml]"
staticfield com/sun/org/apache/xerces/internal/impl/XMLEntityManager DTDEntity Ljava/lang/String; "[dtd]"
ciInstanceKlass com/sun/org/apache/xerces/internal/xni/Augmentations 1 0 18 100 1 100 1 1 1 1 1 1 1 1 1 1 1 1 1 1
ciInstanceKlass com/sun/org/apache/xerces/internal/xni/XMLLocator 1 0 18 100 1 100 1 1 1 1 1 1 1 1 1 1 1 1 1 1
ciInstanceKlass com/sun/org/apache/xerces/internal/impl/XMLEntityScanner 1 1 671 100 1 7 1 10 7 12 1 1 1 9 12 1 1 7 1 9 12 1 1 9 12 1 1 9 12 1 1 7 1 10 9 12 1 1 9 12 1 1 9 12 1 1 9 12 1 1 9 12 1 9 12 1 1 9 12 1 1 9 12 1 9 12 1 9 12 1 9 12 1 9 12 1 9 12 1 9 12 1 1 10 12 1 1 8 1 10 100 12 1 1 1 7 1 8 1 7 1 10 12 1 8 1 11 7 12 1 1 1 9 12 1 11 9 9 10 12 1 9 7 12 1 1 1 10 12 1 9 12 1 1 11 100 12 1 1 1 9 12 1 9 12 1 9 12 1 9 12 1 11 12 1 11 12 1 9 12 1 9 12 1 9 12 1 1 10 7 12 1 1 1 8 1 10 12 1 1 9 7 12 1 1 1 10 12 1 1 8 1 8 1 100 1 10 12 1 9 12 1 1 8 1 10 12 1 1 10 12 1 1 9 12 1 1 9 12 1 10 12 1 1 10 12 1 1 10 12 1 1 9 12 1 1 10 7 12 1 1 1 9 10 100 12 1 1 1 10 12 1 1 10 12 1 10 12 1 1 9 7 12 1 1 1 10 12 1 1 10 7 12 1 1 1 10 12 1 100 1 8 1 8 1 10 12 1 1 9 12 1 9 7 12 1 1 1 9 12 1 9 12 1 9 12 1 10 12 1 1 9 12 1 9 12 1 10 7 12 1 1 1 10 7 12 1 1 1 10 12 1 1 10 12 1 1 10 100 12 1 1 1 10 12 1 10 12 1 1 10 12 1 9 12 1 8 1 10 12 1 10 12 1 1 10 12 1 10 7 12 1 1 9 12 1 10 12 1 10 12 1 1 10 12 1 1 9 12 1 9 12 1 10 7 12 1 1 9 12 1 10 12 1 9 12 10 12 1 9 12 1 9 12 1 10 7 12 1 1 1 10 12 1 9 12 1 1 8 1 7 1 10 12 1 1 10 12 1 1 10 12 1 8 1 100 1 10 10 100 12 1 1 8 1 10 12 1 10 12 1 8 1 8 1 10 100 12 1 1 1 8 1 8 1 100 1 10 12 1 10 12 1 8 1 8 1 10 12 1 10 12 1 10 12 1 10 12 1 1 7 1 11 12 1 10 7 1 10 100 1 1 1 3 1 1 1 1 1 1 1 1 1 1 1 1 1 1 1 1 1 1 1 1 100 1 1 1 1 1 1 1 1 1 1 1 1 1 1 1 1 1 1 1 1 1 1 1 1 1 1 1 1 1 1 1 100 1 1 1 1 1 1 1 1 1 1 1 1 1 1 1 1 1 1 1 1 1 1 1 1 1 1 1 1 1 1 1 1 1 100 1 1 1 1 1 1 1 1 1 1 1 1 1 1 1 1 1 1 1 1 1 1 1 1 1 1 1 1 1 1 1 1 1 1 1 1 1 1 1 1 1 1 1 1 1 1 1 1 1 1 1 1 1 1 1 1 1 1 1 1 1 1 1 1 1 100 1 1 100 1 1 1
staticfield com/sun/org/apache/xerces/internal/impl/XMLEntityScanner VALID_NAMES [Z 127
staticfield com/sun/org/apache/xerces/internal/impl/XMLEntityScanner END_OF_DOCUMENT_ENTITY Ljava/io/EOFException; com/sun/org/apache/xerces/internal/impl/XMLEntityScanner$1
instanceKlass com/sun/org/apache/xerces/internal/impl/XMLEntityScanner$1
ciInstanceKlass java/io/EOFException 1 1 26 10 7 12 1 1 1 10 12 1 100 1 1 1 1 5 0 1 1 1 1 1 1 1 1 1
ciInstanceKlass com/sun/org/apache/xerces/internal/impl/XMLErrorReporter 1 1 268 100 1 10 7 12 1 1 1 9 7 12 1 1 1 7 1 10 9 12 1 1 9 12 1 1 9 12 1 1 11 7 12 1 1 1 11 12 1 1 7 1 11 12 1 10 12 1 1 10 12 1 10 12 1 1 11 12 1 1 100 1 10 10 12 1 1 10 12 1 10 12 1 10 12 1 1 100 1 10 12 1 10 12 1 9 12 1 1 9 12 1 100 1 10 11 7 12 1 1 1 11 12 1 11 12 1 9 12 1 1 8 1 11 7 12 1 1 1 8 1 11 12 1 1 9 12 1 1 10 7 12 1 1 8 1 10 7 12 1 1 1 10 12 1 1 8 1 10 12 1 9 12 1 8 1 8 1 10 12 1 1 9 12 1 1 9 12 1 1 100 1 10 12 1 7 1 100 1 1 1 1 3 1 3 1 3 1 1 1 1 1 1 1 1 1 1 1 1 1 1 1 1 1 1 1 1 1 1 1 1 1 1 1 1 1 100 1 1 1 1 1 1 1 1 1 1 1 1 1 1 1 100 1 100 100 1 1 1 1 1 1 1 1 1 1 1 1 100 1 1 1 1 1 1 1 1 1 1 1 1 1 1 1 1 1 1 1
staticfield com/sun/org/apache/xerces/internal/impl/XMLErrorReporter RECOGNIZED_FEATURES [Ljava/lang/String; 1 [Ljava/lang/String;
staticfield com/sun/org/apache/xerces/internal/impl/XMLErrorReporter FEATURE_DEFAULTS [Ljava/lang/Boolean; 1 [Ljava/lang/Boolean;
staticfield com/sun/org/apache/xerces/internal/impl/XMLErrorReporter RECOGNIZED_PROPERTIES [Ljava/lang/String; 1 [Ljava/lang/String;
staticfield com/sun/org/apache/xerces/internal/impl/XMLErrorReporter PROPERTY_DEFAULTS [Ljava/lang/Object; 1 [Ljava/lang/Object;
ciInstanceKlass com/sun/org/apache/xerces/internal/xni/parser/XMLDocumentSource 1 0 11 100 1 100 1 1 1 1 1 1 1
ciInstanceKlass com/sun/org/apache/xerces/internal/xni/parser/XMLDocumentScanner 1 0 20 100 1 100 1 100 1 1 1 1 100 1 1 1 100 1 1 1 1 1
ciInstanceKlass com/sun/org/apache/xerces/internal/impl/XMLEntityHandler 1 0 16 100 1 100 1 1 1 1 100 1 1 1 100 1 1 1
ciInstanceKlass com/sun/xml/internal/stream/XMLBufferListener 1 0 10 100 1 100 1 1 1 1 1 1
instanceKlass com/sun/org/apache/xerces/internal/impl/XMLDTDScannerImpl
instanceKlass com/sun/org/apache/xerces/internal/impl/XMLDocumentFragmentScannerImpl
ciInstanceKlass com/sun/org/apache/xerces/internal/impl/XMLScanner 1 1 861 100 1 7 1 10 7 12 1 1 1 9 12 1 1 7 1 10 9 12 1 1 9 12 1 9 12 1 1 9 12 1 9 12 1 9 12 1 9 12 1 9 12 1 9 12 1 1 9 12 1 1 9 12 1 1 9 12 1 1 9 12 1 1 9 12 1 1 9 12 1 1 7 1 10 9 12 1 1 7 1 10 9 12 1 1 9 12 1 9 12 1 7 1 10 9 12 1 1 9 12 1 8 1 11 7 12 1 1 1 10 12 1 8 1 11 12 1 1 7 1 9 12 1 1 8 1 7 1 9 12 1 1 8 1 7 1 8 1 7 1 10 12 1 1 8 1 8 1 9 12 1 8 1 8 1 10 7 12 1 1 1 10 12 1 1 10 12 1 1 8 1 10 12 1 1 8 1 8 1 100 1 9 100 12 1 1 1 10 12 1 10 100 1 10 12 1 1 10 7 12 1 1 1 10 12 1 1 9 7 12 1 1 10 12 1 10 12 1 1 9 12 1 8 1 8 1 10 12 1 1 10 12 1 1 10 12 1 8 1 8 1 10 12 1 9 12 1 8 1 8 1 10 12 1 1 9 12 1 8 1 8 1 8 1 8 1 9 12 1 8 1 8 1 8 1 8 1 8 1 8 1 8 1 10 12 1 1 8 1 10 12 1 8 1 8 1 8 1 8 1 8 1 9 7 12 1 1 1 10 12 1 1 10 12 1 1 10 12 1 10 12 1 1 10 12 1 10 7 12 1 1 1 10 12 1 1 10 12 1 8 1 8 1 10 100 12 1 1 10 12 1 8 1 8 1 10 12 1 9 12 1 9 12 1 10 12 1 1 8 1 10 12 1 1 10 12 1 1 10 100 12 1 1 1 8 1 8 1 8 1 10 12 1 1 8 1 10 12 1 8 1 8 1 9 12 1 8 1 8 1 9 12 1 9 12 1 10 12 1 9 12 1 10 12 1 1 9 12 1 10 12 1 1 9 12 1 8 1 10 12 1 8 1 10 12 1 1 9 12 1 1 9 12 1 10 12 1 1 10 100 12 1 1 8 1 10 12 1 100 1 8 1 8 1 10 12 1 1 10 12 1 1 8 1 8 1 8 1 9 12 1 9 12 1 9 12 1 9 12 1 9 12 1 8 1 8 1 10 12 1 1 8 1 8 1 8 1 8 1 10 12 1 8 1 8 1 8 1 9 12 10 12 1 8 1 8 1 9 12 1 1 9 12 1 9 9 12 1 1 8 1 8 1 8 1 10 10 12 1 1 10 12 1 100 1 10 12 1 10 12 1 9 9 10 12 1 8 1 10 100 1 10 12 1 10 12 1 10 12 1 8 1 8 1 18 12 1 1 9 12 1 10 10 12 1 10 12 1 10 12 1 10 12 1 8 1 10 12 1 1 10 10 12 1 10 12 1 10 12 1 1 9 9 100 12 1 1 1 18 12 1 10 100 12 1 1 1 10 12 1 1 10 12 1 1 8 1 10 12 1 1 10 12 1 1 10 12 1 10 12 1 1 9 12 1 9 12 1 8 1 10 12 1 8 10 12 1 8 1 8 1 8 1 8 1 8 1 8 1 8 1 100 1 1 1 1 1 1 1 1 1 1 1 3 1 1 1 1 1 1 1 1 1 1 1 1 1 1 1 1 1 1 1 1 1 1 1 1 1 1 1 1 1 1 1 1 1 1 1 1 1 1 1 1 1 1 1 100 100 1 100 1 1 1 1 1 1 1 1 1 1 1 1 1 1 1 1 1 1 1 1 1 1 1 1 1 1 1 1 1 1 1 1 1 1 1 1 1 1 1 1 1 1 100 1 1 1 1 1 1 1 1 1 1 1 1 1 1 1 1 1 1 1 1 1 1 1 1 1 1 1 1 1 1 1 1 1 1 1 8 1 8 1 15 10 100 12 1 1 1 100 1 1 1 1 100 1 100 1 1
staticfield com/sun/org/apache/xerces/internal/impl/XMLScanner fVersionSymbol Ljava/lang/String; "version"
staticfield com/sun/org/apache/xerces/internal/impl/XMLScanner fEncodingSymbol Ljava/lang/String; "encoding"
staticfield com/sun/org/apache/xerces/internal/impl/XMLScanner fStandaloneSymbol Ljava/lang/String; "standalone"
staticfield com/sun/org/apache/xerces/internal/impl/XMLScanner fAmpSymbol Ljava/lang/String; "amp"
staticfield com/sun/org/apache/xerces/internal/impl/XMLScanner fLtSymbol Ljava/lang/String; "lt"
staticfield com/sun/org/apache/xerces/internal/impl/XMLScanner fGtSymbol Ljava/lang/String; "gt"
staticfield com/sun/org/apache/xerces/internal/impl/XMLScanner fQuotSymbol Ljava/lang/String; "quot"
staticfield com/sun/org/apache/xerces/internal/impl/XMLScanner fAposSymbol Ljava/lang/String; "apos"
instanceKlass com/sun/org/apache/xerces/internal/impl/XMLDocumentScannerImpl
ciInstanceKlass com/sun/org/apache/xerces/internal/impl/XMLDocumentFragmentScannerImpl 1 1 1301 100 1 7 1 7 1 10 7 12 1 1 1 9 12 1 1 9 12 1 1 9 12 1 9 12 1 9 12 1 9 12 1 9 12 1 9 12 1 9 12 1 7 1 10 12 1 9 12 1 1 7 1 10 9 12 1 1 7 1 10 9 12 1 1 9 12 1 9 12 1 9 12 1 9 12 1 9 12 1 9 12 1 9 12 1 1 9 12 1 9 12 1 8 1 9 12 1 10 12 1 1 9 12 1 1 7 1 10 9 12 1 1 9 12 1 7 1 10 9 12 1 1 9 12 1 9 12 1 7 1 9 12 1 1 7 1 10 9 12 1 1 9 12 1 9 12 1 9 12 1 1 9 12 1 9 12 1 9 12 1 1 9 12 1 9 12 1 9 12 1 9 12 1 9 12 1 1 9 12 1 7 1 9 12 1 9 12 1 9 12 1 9 12 1 9 12 1 1 9 12 1 1 10 7 12 1 1 1 8 1 10 12 1 1 10 12 1 1 9 12 1 1 9 7 12 1 1 1 10 12 1 1 9 12 1 1 10 12 1 1 11 7 12 1 1 1 10 12 1 1 10 12 1 1 11 12 1 1 11 12 1 11 12 1 1 11 12 1 100 1 11 12 1 9 12 1 1 100 1 10 12 1 1 10 12 1 1 9 12 1 11 100 1 10 12 1 1 8 1 11 7 12 1 1 1 8 1 11 12 1 1 7 1 9 12 1 1 8 1 8 1 8 1 7 1 9 12 1 1 10 12 1 1 10 12 1 1 8 1 7 1 9 7 12 1 1 1 10 12 1 1 8 1 9 12 1 8 1 11 12 1 9 12 1 10 7 12 1 1 9 12 1 10 12 1 10 12 1 100 1 8 1 10 100 1 7 1 10 12 1 1 9 12 1 8 1 8 1 8 1 8 1 9 12 1 9 12 1 10 12 1 9 12 1 9 12 1 9 12 1 10 12 1 1 9 12 1 1 9 7 12 1 1 1 10 12 1 1 9 12 1 9 12 1 9 12 1 10 12 1 9 12 1 1 9 9 12 1 10 7 12 1 1 10 12 1 1 8 1 10 12 1 1 10 12 1 10 12 1 1 8 1 10 12 1 1 9 12 1 10 12 1 1 8 1 8 1 10 12 1 8 1 9 12 1 1 9 12 1 1 9 12 1 10 100 12 1 1 1 10 12 1 10 100 12 1 1 8 1 7 1 10 12 1 1 9 12 1 8 1 11 12 1 10 12 1 1 8 1 11 12 1 100 1 10 10 12 1 1 8 1 10 12 1 1 11 12 1 1 11 12 1 1 10 12 1 1 10 12 1 10 12 1 1 10 7 12 1 1 10 12 1 9 12 1 9 12 1 10 12 1 1 10 10 12 1 1 10 12 1 9 12 1 10 12 1 1 10 12 1 1 10 12 1 1 10 12 1 1 10 12 1 10 12 1 9 12 1 10 12 1 1 10 100 12 1 1 1 10 12 1 10 12 1 1 10 12 1 9 12 1 10 12 1 10 12 1 10 12 1 9 7 12 1 1 1 10 12 1 1 10 12 1 1 10 12 1 10 12 1 1 9 12 1 10 12 1 10 12 1 10 12 1 9 12 1 9 12 1 10 12 1 1 10 12 1 10 12 1 9 12 1 1 100 1 8 1 8 1 10 7 12 1 1 1 100 1 10 12 1 1 8 1 11 12 1 1 10 12 1 10 100 12 1 1 1 11 12 10 12 1 10 12 1 1 9 12 1 10 12 1 1 8 1 10 12 1 10 12 1 10 12 1 9 12 1 9 12 1 8 1 10 12 1 10 12 1 1 11 100 1 9 100 12 1 1 11 12 1 1 8 1 11 12 1 1 11 12 1 1 9 12 10 12 1 1 10 12 1 1 10 12 1 8 1 9 8 1 10 12 1 1 10 12 1 10 12 1 10 12 1 1 8 1 10 12 1 8 1 8 1 11 12 1 1 10 12 10 12 1 1 9 12 1 9 12 1 9 12 1 11 100 12 1 1 100 1 10 8 1 9 12 1 1 11 12 1 9 12 1 8 1 8 1 10 12 1 8 1 9 12 1 10 12 1 1 9 12 1 9 12 1 9 12 1 9 12 1 9 12 1 10 12 1 10 12 1 8 1 10 12 1 10 12 1 9 12 1 10 7 12 1 1 1 10 12 1 1 10 12 1 1 8 1 10 12 1 8 1 9 12 1 10 12 1 1 10 12 1 8 1 8 1 8 1 8 1 8 1 8 1 8 1 8 1 8 1 8 1 8 1 8 1 8 1 8 1 8 1 8 1 18 12 1 8 1 10 12 1 10 12 1 1 10 100 12 1 1 1 9 12 1 1 10 100 12 1 1 9 12 1 9 12 1 1 10 7 12 1 1 10 12 1 1 10 12 1 10 12 1 10 12 10 12 1 8 1 8 1 8 1 100 1 8 1 9 12 1 9 12 1 10 12 1 8 1 8 1 8 1 9 12 1 9 12 1 9 12 1 9 12 1 9 12 1 9 12 1 100 1 100 1 100 1 100 1 1 3 3 3 3 1 3 3 3 3 3 3 3 3 3 3 3 3 3 1 3 1 3 1 1 1 1 1 1 1 3 1 1 1 1 1 3 1 3 1 3 1 1 1 1 1 1 1 1 1 1 1 100 1 1 1 1 1 1 100 1 1 1 1 1 1 1 1 100 1 1 1 1 1 1 1 1 1 1 1 1 1 1 1 1 1 1 1 1 1 1 1 1 1 1 1 1 1 1 1 1 1 1 1 1 1 1 1 1 1 1 1 1 1 1 1 1 1 1 1 1 1 1 1 1 1 1 1 1 1 1 1 1 1 1 1 1 1 1 1 1 1 1 1 1 1 1 1 1 1 1 1 1 1 1 1 100 1 1 8 1 15 10 100 12 1 1 1 1 1 1 100 1 1 1 1 1 1 1 100 1 100 1 1
staticfield com/sun/org/apache/xerces/internal/impl/XMLDocumentFragmentScannerImpl RECOGNIZED_FEATURES [Ljava/lang/String; 6 [Ljava/lang/String;
staticfield com/sun/org/apache/xerces/internal/impl/XMLDocumentFragmentScannerImpl FEATURE_DEFAULTS [Ljava/lang/Boolean; 6 [Ljava/lang/Boolean;
staticfield com/sun/org/apache/xerces/internal/impl/XMLDocumentFragmentScannerImpl RECOGNIZED_PROPERTIES [Ljava/lang/String; 9 [Ljava/lang/String;
staticfield com/sun/org/apache/xerces/internal/impl/XMLDocumentFragmentScannerImpl PROPERTY_DEFAULTS [Ljava/lang/Object; 9 [Ljava/lang/Object;
staticfield com/sun/org/apache/xerces/internal/impl/XMLDocumentFragmentScannerImpl CDATA [C 7
staticfield com/sun/org/apache/xerces/internal/impl/XMLDocumentFragmentScannerImpl XMLDECL [C 5
instanceKlass com/sun/org/apache/xerces/internal/impl/XMLNSDocumentScannerImpl
ciInstanceKlass com/sun/org/apache/xerces/internal/impl/XMLDocumentScannerImpl 1 1 552 100 1 10 7 12 1 1 1 9 7 12 1 1 1 9 12 1 1 9 12 1 1 9 12 1 7 1 10 9 12 1 1 9 12 1 7 1 10 12 1 9 12 1 1 7 1 10 9 12 1 9 12 1 7 1 10 9 12 1 9 12 1 1 9 12 1 9 12 1 7 1 9 12 1 1 9 12 1 1 7 1 10 12 1 9 12 1 1 9 12 1 1 10 100 12 1 1 1 10 12 1 1 100 1 10 12 1 1 9 12 1 10 12 1 1 9 12 1 1 9 12 1 9 12 1 9 12 1 11 7 12 1 100 1 8 1 10 100 12 1 1 1 7 1 10 12 1 1 9 12 1 8 1 10 12 1 1 100 1 10 10 100 12 1 1 10 12 1 8 1 11 7 12 1 1 1 8 1 9 12 1 100 1 8 1 9 12 1 8 1 11 7 1 8 1 11 12 1 7 1 9 12 1 1 8 1 100 1 10 12 1 1 9 12 1 10 7 12 1 1 1 10 12 1 1 8 1 10 12 1 1 10 12 1 1 8 1 10 12 1 8 1 10 12 1 9 12 1 10 12 1 1 8 1 8 1 8 1 10 12 1 1 9 12 1 1 10 12 1 1 9 12 1 1 10 12 1 10 12 1 1 9 12 1 1 10 7 12 1 1 1 8 1 10 12 1 8 1 11 100 12 1 1 9 12 1 1 11 7 12 1 1 1 10 12 1 1 9 12 1 9 12 1 100 1 10 10 12 1 1 100 1 9 12 1 1 10 12 1 1 8 1 10 12 1 9 12 1 11 7 12 1 1 100 1 10 10 12 1 8 1 10 12 1 1 9 100 12 1 1 1 10 12 1 1 8 1 10 12 1 1 9 12 1 9 12 1 1 10 12 1 1 11 100 12 1 1 1 10 12 1 1 10 12 1 11 100 12 1 1 1 11 12 1 1 10 100 12 1 1 10 12 1 10 12 1 1 8 1 7 1 8 1 8 1 8 1 8 1 8 1 8 1 10 12 1 1 10 12 1 9 12 1 9 12 1 1 9 12 1 9 12 9 12 1 1 3 3 3 3 3 3 1 3 1 8 1 1 1 1 1 1 1 1 1 1 1 1 1 1 1 100 1 1 1 1 1 1 1 1 1 100 1 1 1 1 1 1 1 1 1 1 1 1 1 1 1 100 1 1 1 1 1 100 1 1 1 1 1 1 1 1 1 1 1 1 1 1 1 1 100 1 1 1 1 1 1 1 1 1 1
staticfield com/sun/org/apache/xerces/internal/impl/XMLDocumentScannerImpl RECOGNIZED_FEATURES [Ljava/lang/String; 2 [Ljava/lang/String;
staticfield com/sun/org/apache/xerces/internal/impl/XMLDocumentScannerImpl FEATURE_DEFAULTS [Ljava/lang/Boolean; 2 [Ljava/lang/Boolean;
staticfield com/sun/org/apache/xerces/internal/impl/XMLDocumentScannerImpl RECOGNIZED_PROPERTIES [Ljava/lang/String; 2 [Ljava/lang/String;
staticfield com/sun/org/apache/xerces/internal/impl/XMLDocumentScannerImpl PROPERTY_DEFAULTS [Ljava/lang/Object; 2 [Ljava/lang/Object;
staticfield com/sun/org/apache/xerces/internal/impl/XMLDocumentScannerImpl DOCTYPE [C 7
staticfield com/sun/org/apache/xerces/internal/impl/XMLDocumentScannerImpl COMMENTSTRING [C 2
ciInstanceKlass com/sun/org/apache/xerces/internal/impl/XMLNSDocumentScannerImpl 1 1 506 100 1 10 7 12 1 1 1 9 7 12 1 1 1 9 12 1 10 12 1 1 10 12 1 9 12 1 100 1 8 1 10 100 12 1 1 1 100 1 10 12 1 1 10 12 1 9 12 1 9 12 1 1 100 1 9 12 1 1 11 7 12 1 1 10 12 1 1 9 12 1 1 9 12 1 9 12 1 9 12 1 1 10 7 12 1 1 1 9 12 1 1 9 7 12 1 1 1 10 7 12 1 1 1 10 12 1 9 12 1 1 10 12 1 10 12 1 9 12 1 9 7 12 1 1 1 10 12 1 1 10 12 1 1 10 12 1 1 10 12 1 1 9 12 1 10 12 1 1 11 12 1 9 12 1 9 12 1 1 100 1 8 1 8 1 100 1 100 1 10 12 1 1 9 12 1 10 7 12 1 1 1 8 1 9 12 1 9 12 1 1 10 7 12 1 1 10 12 1 9 12 1 9 12 1 9 12 1 9 12 1 10 12 1 1 9 12 1 1 9 12 1 10 7 12 1 1 1 10 12 1 8 1 10 100 12 1 1 1 9 12 1 9 7 12 1 1 8 1 8 1 9 12 1 11 12 1 1 9 12 1 8 1 9 12 1 10 12 1 1 8 1 10 12 1 1 10 12 1 8 1 9 12 1 8 1 9 12 1 9 12 1 1 9 12 1 8 1 10 12 1 1 9 12 1 1 11 7 12 1 1 1 9 12 1 10 12 1 9 12 1 1 10 100 12 1 1 1 11 12 9 12 1 10 12 1 9 12 1 10 12 1 1 8 1 9 12 1 9 12 1 10 12 1 1 9 12 1 1 10 12 1 1 9 12 1 9 7 12 1 1 8 1 9 12 1 1 9 12 1 10 12 1 9 100 12 1 1 1 10 12 1 1 9 12 1 1 10 7 12 1 1 1 8 1 9 12 1 9 12 1 9 12 1 8 1 8 1 7 1 10 12 1 10 12 11 12 1 1 10 7 1 9 12 1 10 12 1 1 10 12 1 1 10 12 1 1 10 12 1 1 10 7 1 10 12 1 1 1 1 1 1 1 1 1 1 1 1 100 1 100 1 100 1 1 1 1 1 1 1 1 1 1 1 1 1 1 1 1 1 1 1 1 1 1 1 1 100 1 1 1 1 100 1 1
instanceKlass com/sun/org/apache/xerces/internal/util/XMLStringBuffer
ciInstanceKlass com/sun/org/apache/xerces/internal/xni/XMLString 1 1 81 10 7 12 1 1 1 10 7 12 1 1 1 10 12 1 9 12 1 1 9 12 1 1 9 12 1 10 7 12 1 1 10 12 1 1 10 12 8 1 10 7 12 1 1 1 10 12 1 1 10 12 1 1 1 3 1 1 1 1 1 1 1 1 1 1 1 1 1 1 1 1 1 1 1 1 1 1 1 1 1
ciInstanceKlass com/sun/org/apache/xerces/internal/impl/XMLDocumentFragmentScannerImpl$ElementStack 1 1 96 7 1 9 7 12 1 1 1 10 7 12 1 1 1 9 12 1 1 7 1 9 12 1 1 10 9 12 1 1 10 100 12 1 1 1 10 12 1 1 9 12 1 9 12 1 9 12 1 9 12 1 9 12 1 1 9 12 1 1 9 12 1 10 12 1 1 1 1 1 1 1 1 1 1 1 1 1 1 1 100 1 1 1 1 1 1 1 1 1 1 1 1 1 1 1
ciInstanceKlass com/sun/org/apache/xerces/internal/xni/QName 1 1 105 10 7 12 1 1 1 10 7 12 1 1 10 12 1 1 10 12 1 9 12 1 1 9 12 1 9 12 1 9 12 1 10 12 10 100 12 1 1 1 10 12 1 1 100 1 10 18 12 1 1 10 12 1 1 10 12 1 18 18 18 10 12 1 1 100 1 1 1 1 1 1 1 1 1 1 1 1 1 1 1 1 1 1 1 8 1 8 1 8 1 8 1 15 10 100 12 1 1 1 100 1 100 1 1
ciInstanceKlass com/sun/org/apache/xerces/internal/xni/XMLAttributes 1 0 48 100 1 100 1 1 1 1 1 1 1 1 1 1 1 1 1 1 1 1 1 1 1 1 1 1 1 1 1 1 1 1 1 1 1 1 1 1 1 1 1 1 1 1 1 1 1 1
instanceKlass com/sun/org/apache/xerces/internal/util/XMLAttributesIteratorImpl
ciInstanceKlass com/sun/org/apache/xerces/internal/util/XMLAttributesImpl 1 1 308 7 1 10 12 1 1 10 7 12 1 1 9 12 1 1 9 12 1 1 7 1 9 12 1 1 9 12 1 10 10 12 1 1 9 12 1 9 7 12 1 1 1 10 7 12 1 1 1 9 12 1 10 12 1 1 9 12 1 10 12 1 10 7 12 1 1 1 9 12 1 10 12 1 10 12 1 9 12 1 1 9 12 1 1 9 12 1 9 12 1 1 10 12 1 1 10 12 1 9 12 1 9 12 1 9 12 1 1 9 12 1 9 12 1 9 12 1 1 11 7 12 1 1 10 12 1 1 10 12 1 1 10 12 1 10 7 12 1 1 1 10 12 1 1 8 1 10 12 10 12 1 1 10 12 1 1 10 12 1 10 12 10 12 1 10 12 1 1 8 1 10 12 1 3 10 12 9 12 1 10 12 1 10 12 1 100 1 10 12 1 10 12 1 10 12 9 12 1 10 12 1 10 100 12 1 1 1 10 12 1 100 1 100 1 1 1 3 1 3 1 3 1 3 1 3 1 1 1 1 1 1 1 1 1 1 1 1 1 1 1 1 1 1 1 100 1 1 1 1 1 1 1 1 1 1 1 1 1 1 1 1 1 1 1 1 1 1 1 1 1 1 1 1 1 1 1 1 1 1 1 1 1 1 1 100 1 1 1 1 1 1 1 1 1 1 1 1 1 1 1 1 1 1 1 1 1 1
ciInstanceKlass com/sun/org/apache/xerces/internal/util/XMLAttributesIteratorImpl 1 1 64 10 7 12 1 1 1 9 7 12 1 1 1 10 12 1 1 10 12 1 1 9 12 1 1 9 12 1 1 100 1 10 10 12 1 1 100 1 10 10 12 1 10 12 1 1 100 1 1 1 1 1 1 1 1 1 1 1 1 1 1 100 1 1
ciInstanceKlass com/sun/org/apache/xerces/internal/util/XMLAttributesImpl$Attribute 1 1 44 10 7 12 1 1 1 7 1 10 9 7 12 1 1 1 7 1 10 9 12 1 1 1 1 1 1 1 1 1 1 1 1 1 1 1 1 1 1 1 100 1 1 1
ciInstanceKlass com/sun/org/apache/xerces/internal/xni/NamespaceContext 1 1 44 8 1 10 7 12 1 1 1 9 7 12 1 1 1 8 1 9 12 1 100 1 1 1 1 1 1 1 1 1 1 1 1 1 1 1 1 1 1 1 1 1 1 1
staticfield com/sun/org/apache/xerces/internal/xni/NamespaceContext XML_URI Ljava/lang/String; "http://www.w3.org/XML/1998/namespace"
staticfield com/sun/org/apache/xerces/internal/xni/NamespaceContext XMLNS_URI Ljava/lang/String; "http://www.w3.org/2000/xmlns/"
ciInstanceKlass com/sun/org/apache/xerces/internal/util/NamespaceSupport 1 1 147 10 7 12 1 1 1 7 1 9 7 12 1 1 1 9 12 1 1 9 12 1 10 12 1 11 7 12 1 1 1 11 100 12 1 1 1 11 12 1 1 11 12 1 1 10 12 1 1 9 12 1 1 9 12 1 9 7 12 1 1 1 9 12 1 9 12 1 9 12 1 10 7 12 1 1 1 10 100 1 10 12 1 100 1 10 100 1 10 11 100 12 1 1 1 11 12 1 1 1 1 1 1 1 1 1 1 1 1 1 1 1 1 1 1 1 1 1 1 1 1 1 1 1 1 1 1 1 1 1 1 1 1 1 1 1 1 1 1 1 1 1 1 1 1 1 1
ciInstanceKlass org/xml/sax/AttributeList 1 0 19 100 1 100 1 1 1 1 1 1 1 1 1 1 1 1 1 1 1
ciInstanceKlass org/xml/sax/ext/Attributes2 1 0 14 100 1 100 1 100 1 1 1 1 1 1 1 1
ciInstanceKlass com/sun/org/apache/xerces/internal/parsers/AbstractSAXParser$AttributesProxy 1 1 130 10 7 12 1 1 1 9 7 12 1 1 1 11 7 12 1 1 1 11 12 1 1 11 12 1 8 1 11 12 1 11 12 1 11 12 1 10 100 12 1 1 1 11 12 1 11 12 1 11 12 11 12 11 12 1 1 11 12 1 100 1 10 12 1 9 100 12 1 1 1 11 12 1 1 100 1 8 1 11 100 12 1 1 1 10 10 100 1 10 12 1 10 11 12 1 1 100 1 100 1 1 1 1 1 1 1 1 1 1 1 1 1 1 1 1 1 1 1 1 1 1 1 1 1 1 100 1 1 1
ciInstanceKlass com/sun/org/apache/xerces/internal/utils/XMLLimitAnalyzer 1 1 199 10 7 12 1 1 1 10 7 12 1 1 1 9 7 12 1 1 9 12 1 7 1 9 12 1 1 7 1 9 12 1 1 10 12 1 1 10 12 1 1 9 12 1 1 9 12 1 9 12 1 9 12 1 9 12 1 9 12 1 9 12 1 100 1 10 12 1 11 12 1 1 11 12 1 1 100 1 10 12 1 10 12 1 1 11 12 1 1 9 12 1 9 12 1 10 12 1 1 9 12 1 1 10 12 1 8 1 11 12 1 100 1 10 9 100 12 1 1 1 8 1 8 1 8 1 8 1 8 1 8 1 10 12 1 1 10 100 12 1 1 1 8 1 10 12 1 1 10 100 12 1 1 1 1 1 1 1 1 1 1 1 1 1 1 1 1 1 1 1 1 1 1 1 1 1 1 1 1 1 1 1 1 1 1 1 1 1 1 1 100 1 1 1 1 100 1 1 1
ciInstanceKlass com/sun/org/apache/xerces/internal/impl/io/UTF8Reader 1 1 192 7 1 100 1 10 12 1 1 10 100 12 1 1 1 10 12 1 10 7 1 9 12 1 1 9 12 1 1 9 12 1 1 9 12 1 1 10 7 12 1 1 1 10 7 12 1 1 1 9 12 1 1 9 12 1 10 7 12 1 1 1 10 12 1 1 10 12 1 1 3 10 12 1 1 3 3 10 12 1 10 12 1 100 1 8 1 100 1 8 1 8 1 11 100 12 1 1 1 10 12 1 10 12 1 1 10 12 1 100 1 8 1 8 1 10 100 12 1 1 1 10 12 1 8 1 8 1 10 12 1 1 1 3 1 1 3 1 1 1 1 1 1 1 1 1 1 1 1 1 1 1 1 1 1 1 1 1 1 1 1 1 1 1 1 1 1 1 1 1 1 1 1 1 1 1 100 1 1 1 1 1 1 1 1 1 1 1 1 1 1 1
instanceKlass com/sun/xml/internal/stream/Entity$ScannedEntity
ciInstanceKlass com/sun/xml/internal/stream/Entity 1 1 46 10 7 12 1 1 1 10 7 12 1 1 9 12 1 1 9 12 1 1 1 1 1 1 1 1 1 1 1 1 1 1 1 1 1 1 100 1 100 1 100 1 1 1 1 1
ciInstanceKlass com/sun/xml/internal/stream/Entity$ScannedEntity 1 1 172 9 7 12 1 1 1 9 12 1 9 12 1 1 9 12 1 1 10 7 12 1 1 1 9 12 1 1 9 12 1 1 9 12 1 9 12 1 9 12 1 1 9 12 1 8 1 9 12 1 9 12 1 9 12 1 9 12 1 9 12 1 1 9 12 1 9 12 1 9 12 1 10 7 12 1 1 1 10 7 12 1 1 1 10 12 1 1 10 7 12 1 1 100 1 10 12 9 12 1 9 12 1 18 12 1 1 1 1 3 1 3 1 3 1 1 1 1 1 1 1 1 1 1 1 1 1 1 1 1 1 1 1 1 1 1 1 100 1 100 1 1 100 1 1 1 1 1 1 1 1 1 1 1 1 1 1 8 1 15 10 100 12 1 1 1 1 100 1 100 1 1
ciInstanceKlass com/sun/org/apache/xerces/internal/util/XMLChar 1 1 127 10 100 12 1 1 1 3 3 3 3 3 3 9 7 12 1 1 1 10 12 1 1 10 100 12 1 1 1 10 12 1 1 10 12 1 10 12 1 10 12 1 10 12 1 10 12 1 8 1 10 12 1 1 10 7 12 1 1 1 3 3 3 3 3 1 1 1 3 1 3 1 3 1 3 1 3 1 3 1 3 1 3 1 1 1 1 1 1 1 1 1 1 1 1 1 1 1 1 1 1 1 1 1 1 1 1 1 1 1 1 1 1 1 1 1 1 1 1 1 1 1 1 1 1 1 1
staticfield com/sun/org/apache/xerces/internal/util/XMLChar CHARS [B 65536
ciInstanceKlass com/sun/org/apache/xerces/internal/util/XMLSymbols 1 1 109 10 100 12 1 1 1 8 1 10 7 12 1 1 1 9 7 12 1 1 1 8 1 9 12 1 8 1 9 12 1 8 1 9 12 1 8 1 9 12 1 8 1 9 12 1 8 1 9 12 1 8 1 9 12 1 8 1 9 12 1 8 1 9 12 1 8 1 9 12 1 8 1 9 12 1 8 1 9 12 1 8 1 9 12 1 8 1 9 12 1 8 1 9 12 1 8 1 9 12 1 1 1 1 1 1 1 1 1
staticfield com/sun/org/apache/xerces/internal/util/XMLSymbols EMPTY_STRING Ljava/lang/String; ""
staticfield com/sun/org/apache/xerces/internal/util/XMLSymbols PREFIX_XML Ljava/lang/String; "xml"
staticfield com/sun/org/apache/xerces/internal/util/XMLSymbols PREFIX_XMLNS Ljava/lang/String; "xmlns"
staticfield com/sun/org/apache/xerces/internal/util/XMLSymbols fANYSymbol Ljava/lang/String; "ANY"
staticfield com/sun/org/apache/xerces/internal/util/XMLSymbols fCDATASymbol Ljava/lang/String; "CDATA"
staticfield com/sun/org/apache/xerces/internal/util/XMLSymbols fIDSymbol Ljava/lang/String; "ID"
staticfield com/sun/org/apache/xerces/internal/util/XMLSymbols fIDREFSymbol Ljava/lang/String; "IDREF"
staticfield com/sun/org/apache/xerces/internal/util/XMLSymbols fIDREFSSymbol Ljava/lang/String; "IDREFS"
staticfield com/sun/org/apache/xerces/internal/util/XMLSymbols fENTITYSymbol Ljava/lang/String; "ENTITY"
staticfield com/sun/org/apache/xerces/internal/util/XMLSymbols fENTITIESSymbol Ljava/lang/String; "ENTITIES"
staticfield com/sun/org/apache/xerces/internal/util/XMLSymbols fNMTOKENSymbol Ljava/lang/String; "NMTOKEN"
staticfield com/sun/org/apache/xerces/internal/util/XMLSymbols fNMTOKENSSymbol Ljava/lang/String; "NMTOKENS"
staticfield com/sun/org/apache/xerces/internal/util/XMLSymbols fNOTATIONSymbol Ljava/lang/String; "NOTATION"
staticfield com/sun/org/apache/xerces/internal/util/XMLSymbols fENUMERATIONSymbol Ljava/lang/String; "ENUMERATION"
staticfield com/sun/org/apache/xerces/internal/util/XMLSymbols fIMPLIEDSymbol Ljava/lang/String; "#IMPLIED"
staticfield com/sun/org/apache/xerces/internal/util/XMLSymbols fREQUIREDSymbol Ljava/lang/String; "#REQUIRED"
staticfield com/sun/org/apache/xerces/internal/util/XMLSymbols fFIXEDSymbol Ljava/lang/String; "#FIXED"
ciInstanceKlass com/sun/org/apache/xerces/internal/impl/XMLScanner$NameType 1 1 115 7 1 9 12 1 1 9 12 1 9 12 1 9 12 1 9 12 1 9 12 1 9 12 1 9 12 1 9 12 1 9 12 1 9 12 1 1 10 100 12 1 1 10 7 12 1 1 1 10 12 1 1 9 12 1 1 8 8 1 10 12 1 8 8 1 8 8 1 8 8 1 8 8 1 8 8 1 8 8 1 8 8 1 8 8 1 8 8 1 10 12 1 1 1 1 1 1 1 1 1 1 1 1 1 1 1 1 1 1 1 100 1 1 1
staticfield com/sun/org/apache/xerces/internal/impl/XMLScanner$NameType ATTRIBUTE Lcom/sun/org/apache/xerces/internal/impl/XMLScanner$NameType; com/sun/org/apache/xerces/internal/impl/XMLScanner$NameType
staticfield com/sun/org/apache/xerces/internal/impl/XMLScanner$NameType ATTRIBUTENAME Lcom/sun/org/apache/xerces/internal/impl/XMLScanner$NameType; com/sun/org/apache/xerces/internal/impl/XMLScanner$NameType
staticfield com/sun/org/apache/xerces/internal/impl/XMLScanner$NameType COMMENT Lcom/sun/org/apache/xerces/internal/impl/XMLScanner$NameType; com/sun/org/apache/xerces/internal/impl/XMLScanner$NameType
staticfield com/sun/org/apache/xerces/internal/impl/XMLScanner$NameType DOCTYPE Lcom/sun/org/apache/xerces/internal/impl/XMLScanner$NameType; com/sun/org/apache/xerces/internal/impl/XMLScanner$NameType
staticfield com/sun/org/apache/xerces/internal/impl/XMLScanner$NameType ELEMENTSTART Lcom/sun/org/apache/xerces/internal/impl/XMLScanner$NameType; com/sun/org/apache/xerces/internal/impl/XMLScanner$NameType
staticfield com/sun/org/apache/xerces/internal/impl/XMLScanner$NameType ELEMENTEND Lcom/sun/org/apache/xerces/internal/impl/XMLScanner$NameType; com/sun/org/apache/xerces/internal/impl/XMLScanner$NameType
staticfield com/sun/org/apache/xerces/internal/impl/XMLScanner$NameType ENTITY Lcom/sun/org/apache/xerces/internal/impl/XMLScanner$NameType; com/sun/org/apache/xerces/internal/impl/XMLScanner$NameType
staticfield com/sun/org/apache/xerces/internal/impl/XMLScanner$NameType NOTATION Lcom/sun/org/apache/xerces/internal/impl/XMLScanner$NameType; com/sun/org/apache/xerces/internal/impl/XMLScanner$NameType
staticfield com/sun/org/apache/xerces/internal/impl/XMLScanner$NameType PI Lcom/sun/org/apache/xerces/internal/impl/XMLScanner$NameType; com/sun/org/apache/xerces/internal/impl/XMLScanner$NameType
staticfield com/sun/org/apache/xerces/internal/impl/XMLScanner$NameType REFERENCE Lcom/sun/org/apache/xerces/internal/impl/XMLScanner$NameType; com/sun/org/apache/xerces/internal/impl/XMLScanner$NameType
staticfield com/sun/org/apache/xerces/internal/impl/XMLScanner$NameType $VALUES [Lcom/sun/org/apache/xerces/internal/impl/XMLScanner$NameType; 10 [Lcom/sun/org/apache/xerces/internal/impl/XMLScanner$NameType;
ciInstanceKlass org/xml/sax/helpers/AttributesImpl 1 1 128 10 7 12 1 1 1 9 7 12 1 1 1 9 12 1 1 10 12 1 1 10 7 12 1 1 1 10 12 1 11 7 12 1 1 1 11 12 1 1 11 12 1 11 12 1 11 12 1 11 12 1 10 12 1 1 10 12 1 10 100 12 1 1 1 18 12 1 100 1 10 12 1 1 1 1 1 1 1 1 1 1 1 1 1 1 1 1 1 1 1 1 1 1 1 1 1 1 1 1 1 1 1 1 1 1 1 1 100 1 1 1 1 1 8 1 15 10 100 12 1 1 1 100 1 100 1 1
ciMethod java/lang/Object <init> ()V 1024 0 485120 0 128
ciMethod java/lang/String <init> ([CII)V 230 0 6746 0 0
ciMethod java/lang/String rangeCheck ([CII)Ljava/lang/Void; 490 0 6852 0 0
ciMethod java/lang/String length ()I 558 0 356019 0 112
ciMethod java/lang/String charAt (I)C 832 0 460472 0 192
ciMethod java/lang/String equals (Ljava/lang/Object;)Z 560 0 5410 0 416
ciMethod java/lang/String hashCode ()I 512 0 20010 0 -1
ciMethod java/lang/String lastIndexOf (I)I 512 0 12601 0 -1
ciMethod java/lang/String substring (I)Ljava/lang/String; 42 0 16771 0 -1
ciMethod java/lang/String substring (II)Ljava/lang/String; 768 0 5575 0 -1
ciMethod java/lang/String intern ()Ljava/lang/String; 256 0 128 0 -1
ciMethod java/lang/String <init> ([CIILjava/lang/Void;)V 864 0 9366 0 0
ciMethod java/lang/String coder ()B 630 0 447581 0 88
ciMethod java/lang/String isLatin1 ()Z 656 0 687182 0 88
ciMethod java/lang/String checkIndex (II)V 832 0 491990 0 120
ciMethod java/lang/String checkBoundsOffCount (III)I 520 0 14203 0 160
ciMethod java/lang/System arraycopy (Ljava/lang/Object;ILjava/lang/Object;II)V 256 0 128 0 -1
ciMethod java/lang/ref/Reference refersTo (Ljava/lang/Object;)Z 768 0 74191 0 0
ciMethod java/lang/ref/Reference refersToImpl (Ljava/lang/Object;)Z 770 0 27949 0 96
ciMethod java/lang/ref/Reference refersTo0 (Ljava/lang/Object;)Z 256 0 128 0 -1
ciMethod java/lang/ref/Reference <init> (Ljava/lang/Object;)V 350 0 12089 0 0
ciMethod java/lang/ref/Reference <init> (Ljava/lang/Object;Ljava/lang/ref/ReferenceQueue;)V 516 0 10362 0 576
ciMethod java/lang/ref/WeakReference <init> (Ljava/lang/Object;)V 164 0 11506 0 0
ciMethod java/lang/Thread currentThread ()Ljava/lang/Thread; 0 0 1 0 -1
ciMethod java/util/Map size ()I 0 0 1 0 -1
ciMethod java/util/Map containsKey (Ljava/lang/Object;)Z 0 0 1 0 -1
ciMethod java/util/Map get (Ljava/lang/Object;)Ljava/lang/Object; 0 0 1 0 -1
ciMethod java/util/Map put (Ljava/lang/Object;Ljava/lang/Object;)Ljava/lang/Object; 0 0 1 0 -1
ciMethod java/lang/StringBuilder setLength (I)V 16 0 22189 0 -1
ciMethod java/lang/Enum ordinal ()I 264 0 132 0 0
ciMethod java/util/Collection contains (Ljava/lang/Object;)Z 0 0 1 0 -1
ciMethod java/util/Collection iterator ()Ljava/util/Iterator; 0 0 1 0 -1
ciMethod java/lang/Boolean parseBoolean (Ljava/lang/String;)Z 48 0 74 0 -1
ciMethod java/lang/Boolean booleanValue ()Z 282 0 141 0 -1
ciMethod java/lang/Boolean valueOf (Z)Ljava/lang/Boolean; 522 0 2890 0 -1
ciMethod java/lang/Integer parseInt (Ljava/lang/String;)I 364 0 1739 17 -1
ciMethod java/lang/Integer valueOf (I)Ljava/lang/Integer; 512 0 7483 0 -1
ciMethod java/lang/Integer intValue ()I 258 0 129 0 -1
ciMethod java/util/Iterator hasNext ()Z 0 0 1 0 -1
ciMethod java/util/Iterator next ()Ljava/lang/Object; 0 0 1 0 -1
ciMethod java/lang/StringLatin1 charAt ([BI)C 832 0 427489 0 0
ciMethod java/lang/StringLatin1 equals ([B[B)Z 530 282 3452 0 -1
ciMethod jdk/internal/util/Preconditions outOfBoundsCheckFromIndexSize (Ljava/util/function/BiFunction;III)Ljava/lang/RuntimeException; 0 0 1 0 -1
ciMethod jdk/internal/util/Preconditions checkIndex (IILjava/util/function/BiFunction;)I 832 0 6574 0 -1
ciMethod jdk/internal/util/Preconditions checkFromIndexSize (IIILjava/util/function/BiFunction;)I 514 0 86161 0 168
ciMethod java/lang/StringUTF16 getChar ([BI)C 1024 0 11522 0 -1
ciMethod java/lang/StringUTF16 length ([B)I 2112 0 54394 0 0
ciMethod java/lang/StringUTF16 toBytes ([CII)[B 0 0 1 0 -1
ciMethod java/lang/StringUTF16 compress ([CII)[B 28 0 6211 0 552
ciMethod java/lang/StringUTF16 compress ([CI[BII)I 204 6236 3569 0 -1
ciMethod java/lang/StringUTF16 charAt ([BI)C 548770 0 319016 0 136
ciMethod java/lang/StringUTF16 checkIndex (I[B)V 5338 0 53168 0 120
ciMethodData java/lang/Object <init> ()V 2 484624 orig 80 1 0 0 0 0 0 0 0 0 0 0 0 0 0 0 0 0 0 0 0 0 0 0 0 0 0 0 0 0 0 0 0 0 0 0 0 0 0 0 0 0 0 0 0 0 0 0 0 0 0 0 0 0 0 0 0 0 0 0 0 0 0 0 0 0 0 0 0 0 0 0 0 0 0 0 0 0 0 0 0 data 4 0x0 0x9 0x1 0x0 oops 0 methods 0
ciMethod java/lang/ThreadLocal initialValue ()Ljava/lang/Object; 312 0 156 0 0
ciMethod java/lang/ThreadLocal get ()Ljava/lang/Object; 512 0 51327 0 0
ciMethod java/lang/ThreadLocal get (Ljava/lang/Thread;)Ljava/lang/Object; 740 0 21502 0 2096
ciMethod java/lang/ThreadLocal setInitialValue (Ljava/lang/Thread;)Ljava/lang/Object; 8 0 9491 0 0
ciMethod java/lang/ThreadLocal set (Ljava/lang/Object;)V 514 0 38484 0 0
ciMethod java/lang/ThreadLocal set (Ljava/lang/Thread;Ljava/lang/Object;)V 516 0 35802 0 1688
ciMethod java/lang/ThreadLocal remove ()V 512 0 33483 0 -1
ciMethod java/lang/ThreadLocal getMap (Ljava/lang/Thread;)Ljava/lang/ThreadLocal$ThreadLocalMap; 512 0 100236 0 96
ciMethod java/lang/ThreadLocal createMap (Ljava/lang/Thread;Ljava/lang/Object;)V 2 0 22 0 0
ciMethod java/lang/ThreadLocal dumpStackIfVirtualThread ()V 0 0 1 0 -1
ciMethodData java/lang/String hashCode ()I 2 19754 orig 80 2 0 0 0 0 0 0 0 0 0 0 0 89 2 0 0 0 0 0 0 0 0 0 0 0 0 0 0 0 0 0 0 0 0 0 0 0 0 0 1 0 0 0 0 0 0 0 0 0 0 0 0 0 0 0 0 0 0 0 0 0 0 0 0 0 0 0 0 0 0 0 0 0 0 0 0 0 0 0 0 data 42 0x60007 0x2ec4 0x108 0x1e66 0xd0007 0x5b 0xe8 0x1e0b 0x110005 0x1e0b 0x0 0x0 0x0 0x0 0x0 0x8000000600140007 0x4 0x48 0x1e08 0x1b0002 0x1e08 0x1e0003 0x1e09 0x28 0x250002 0x4 0x2a0007 0x1e0c 0x38 0x1 0x320003 0x1 0x18 0x0 0x0 0x0 0x0 0x0 0x0 0x9 0x1 0xe oops 0 methods 0
ciMethodData java/lang/String isLatin1 ()Z 2 686854 orig 80 0 0 0 0 0 0 0 0 0 0 0 0 89 2 0 0 0 0 0 0 0 0 0 0 0 0 0 0 0 0 0 0 0 0 0 0 0 0 0 0 0 0 0 0 0 0 0 0 0 0 0 0 0 0 0 0 0 0 0 0 0 0 0 0 0 0 0 0 0 0 0 0 0 0 0 0 0 0 0 0 data 18 0x30007 0x0 0x58 0xa7b2c 0xa0007 0xd111 0x38 0x9aa66 0xe0003 0x9aad9 0x18 0x0 0x0 0x0 0x0 0x9 0x1 0x0 oops 0 methods 0
ciMethodData java/lang/String equals (Ljava/lang/Object;)Z 2 5130 orig 80 0 0 0 0 0 0 0 0 0 0 0 0 89 2 0 0 0 0 0 0 0 0 0 0 0 0 0 0 0 0 0 0 0 0 0 0 0 0 0 0 0 0 0 0 0 0 0 0 0 0 0 0 0 0 0 0 0 0 0 0 0 0 0 0 0 0 0 0 0 0 0 0 0 0 0 0 0 0 0 0 data 49 0x20007 0xe2c 0x20 0x5de 0x80104 0x0 0x0 0x25978950b88 0xe2b 0x0 0x0 0xb0007 0x1 0xe0 0xe2b 0xf0004 0x0 0x0 0x25978950b88 0xe2b 0x0 0x0 0x160007 0x0 0x40 0xe2b 0x210007 0x0 0x68 0xe2b 0x2c0002 0xe2b 0x2f0007 0xab8 0x38 0x373 0x330003 0x373 0x18 0x0 0x0 0x0 0x0 0x0 0x0 0x9 0x2 0x0 0x0 oops 2 7 java/lang/String 18 java/lang/String methods 0
ciMethodData java/lang/String coder ()B 2 447266 orig 80 0 0 0 0 0 0 0 0 0 0 0 0 89 2 0 0 0 0 0 0 0 0 0 0 0 0 0 0 0 0 0 0 0 0 0 0 0 0 0 0 0 0 0 0 0 0 0 0 0 0 0 0 0 0 0 0 0 0 0 0 0 0 0 0 0 0 0 0 0 0 0 0 0 0 0 0 0 0 0 0 data 14 0x30007 0x0 0x38 0x6d33d 0xa0003 0x6d361 0x18 0x0 0x0 0x0 0x0 0x9 0x1 0x0 oops 0 methods 0
ciMethodData java/lang/String length ()I 2 357550 orig 80 0 0 0 0 0 0 0 0 0 0 0 0 89 2 0 0 0 0 0 0 0 0 0 0 0 0 0 0 0 0 0 0 0 0 0 0 0 0 0 0 0 0 0 0 0 0 0 0 0 0 0 0 0 0 0 0 0 0 0 0 0 0 0 0 0 0 0 0 0 0 0 0 0 0 0 0 0 0 0 0 data 16 0x60005 0x574c7 0x0 0x0 0x0 0x0 0x0 0x0 0x0 0x0 0x0 0x0 0x0 0x9 0x1 0x0 oops 0 methods 0
ciMethodData java/lang/String charAt (I)C 2 460056 orig 80 0 0 0 0 0 0 0 0 0 0 0 0 89 2 0 0 0 0 0 0 0 0 0 0 0 0 0 0 0 0 0 0 0 0 0 0 0 0 0 0 0 0 0 0 0 0 0 0 0 0 0 0 0 0 0 0 0 0 0 0 0 0 0 0 0 0 0 0 0 0 0 0 0 0 0 0 0 0 0 0 data 25 0x10005 0x70521 0x0 0x0 0x0 0x0 0x0 0x40007 0x80d6 0x30 0x68440 0xc0002 0x68446 0x150002 0x80d6 0x0 0x0 0x0 0x0 0x0 0x0 0x9 0x2 0x0 0x0 oops 0 methods 0
ciMethodData java/lang/StringLatin1 charAt ([BI)C 2 427073 orig 80 0 0 0 0 0 0 0 0 0 0 0 0 89 2 0 0 0 0 0 0 0 0 0 0 0 0 0 0 0 0 0 0 0 0 0 0 0 0 0 0 0 0 0 0 0 0 0 0 0 0 0 0 0 0 0 0 0 0 0 0 0 0 0 0 0 0 0 0 0 0 0 0 0 0 0 0 0 0 0 0 data 12 0x30002 0x6843e 0x0 0x0 0x0 0x0 0x0 0x0 0x9 0x2 0x0 0x0 oops 0 methods 0
ciMethodData java/lang/String checkIndex (II)V 2 491574 orig 80 0 0 0 0 0 0 0 0 0 0 0 0 89 2 0 0 0 0 0 0 0 0 0 0 0 0 0 0 0 0 0 0 0 0 0 0 0 0 0 0 0 0 0 0 0 0 0 0 0 0 0 0 0 0 0 0 0 0 0 0 0 0 0 0 0 0 0 0 0 0 0 0 0 0 0 0 0 0 0 0 data 12 0x50002 0x7803c 0x0 0x0 0x0 0x0 0x0 0x0 0x9 0x2 0x0 0x0 oops 0 methods 0
ciMethodData java/lang/StringUTF16 charAt ([BI)C 2 44631 orig 80 0 0 0 0 0 0 0 0 0 0 0 0 89 2 0 0 0 0 0 0 0 0 0 0 0 0 0 0 0 0 0 0 0 0 0 0 0 0 0 0 0 0 0 0 0 0 0 0 0 0 0 0 0 0 0 0 0 0 0 0 0 0 0 0 0 0 0 0 0 0 0 0 0 0 0 0 0 0 0 0 data 14 0x20002 0xae57 0x70002 0x2d81 0x0 0x0 0x0 0x0 0x0 0x0 0x9 0x2 0x0 0x0 oops 0 methods 0
ciMethodData java/lang/StringUTF16 checkIndex (I[B)V 2 50499 orig 80 0 0 0 0 0 0 0 0 0 0 0 0 89 2 0 0 0 0 0 0 0 0 0 0 0 0 0 0 0 0 0 0 0 0 0 0 0 0 0 0 0 0 0 0 0 0 0 0 0 0 0 0 0 0 0 0 0 0 0 0 0 0 0 0 0 0 0 0 0 0 0 0 0 0 0 0 0 0 0 0 data 14 0x20002 0xc543 0x50002 0xc543 0x0 0x0 0x0 0x0 0x0 0x0 0x9 0x2 0x0 0x0 oops 0 methods 0
ciMethodData java/lang/StringUTF16 length ([B)I 2 53338 orig 80 0 0 0 0 0 0 0 0 0 0 0 0 89 2 0 0 0 0 0 0 0 0 0 0 0 0 0 0 0 0 0 0 0 0 0 0 0 0 0 0 0 0 0 0 0 0 0 0 0 0 0 0 0 0 0 0 0 0 0 0 0 0 0 0 0 0 0 0 0 0 0 0 0 0 0 0 0 0 0 0 data 6 0x0 0x0 0x0 0x9 0x1 0x0 oops 0 methods 0
ciMethod java/lang/ThreadLocal$ThreadLocalMap nextIndex (II)I 14 0 60693 0 0
ciMethod java/lang/ThreadLocal$ThreadLocalMap <init> (Ljava/lang/ThreadLocal;Ljava/lang/Object;)V 44 0 22 0 -1
ciMethod java/lang/ThreadLocal$ThreadLocalMap getEntry (Ljava/lang/ThreadLocal;)Ljava/lang/ThreadLocal$ThreadLocalMap$Entry; 770 0 5509 0 224
ciMethod java/lang/ThreadLocal$ThreadLocalMap getEntryAfterMiss (Ljava/lang/ThreadLocal;ILjava/lang/ThreadLocal$ThreadLocalMap$Entry;)Ljava/lang/ThreadLocal$ThreadLocalMap$Entry; 6 0 28413 0 144
ciMethod java/lang/ThreadLocal$ThreadLocalMap set (Ljava/lang/ThreadLocal;Ljava/lang/Object;)V 512 0 18594 0 1528
ciMethod java/lang/ThreadLocal$ThreadLocalMap replaceStaleEntry (Ljava/lang/ThreadLocal;Ljava/lang/Object;I)V 0 0 1 0 -1
ciMethod java/lang/ThreadLocal$ThreadLocalMap expungeStaleEntry (I)I 504 0 28725 0 -1
ciMethod java/lang/ThreadLocal$ThreadLocalMap cleanSomeSlots (II)Z 6 8 8020 0 0
ciMethod java/lang/ThreadLocal$ThreadLocalMap rehash ()V 0 0 1 0 0
ciMethod java/lang/ThreadLocal$ThreadLocalMap resize ()V 0 0 1 0 -1
ciMethod java/lang/ThreadLocal$ThreadLocalMap expungeStaleEntries ()V 0 0 1 0 -1
ciMethod java/lang/ThreadLocal$ThreadLocalMap$Entry <init> (Ljava/lang/ThreadLocal;Ljava/lang/Object;)V 8 0 8042 0 0
ciMethod jdk/internal/misc/TerminatingThreadLocal register (Ljdk/internal/misc/TerminatingThreadLocal;)V 4 0 64 0 -1
ciMethodData jdk/internal/util/Preconditions checkFromIndexSize (IIILjava/util/function/BiFunction;)I 2 85904 orig 80 0 0 0 0 0 0 0 0 0 0 0 0 89 2 0 0 0 0 0 0 0 0 0 0 0 0 0 0 0 0 0 0 0 0 0 0 0 0 0 0 0 0 0 0 0 0 0 0 0 0 0 0 0 0 0 0 0 0 0 0 0 0 0 0 0 0 0 0 0 0 0 0 0 0 0 0 0 0 0 0 data 22 0x50007 0x0 0x40 0x14f87 0xc0007 0x14f91 0x30 0x0 0x130002 0x0 0x0 0x0 0x0 0x0 0x0 0x0 0x9 0x4 0x0 0x0 0x0 0x0 oops 0 methods 0
ciMethodData java/lang/ThreadLocal getMap (Ljava/lang/Thread;)Ljava/lang/ThreadLocal$ThreadLocalMap; 2 99980 orig 80 0 0 0 0 0 0 0 0 0 0 0 0 89 2 0 0 0 0 0 0 0 0 0 0 0 0 0 0 0 0 0 0 0 0 0 0 0 0 0 0 0 0 0 0 0 0 0 0 0 0 0 0 0 0 0 0 0 0 0 0 0 0 0 0 0 0 0 0 0 0 0 0 0 0 0 0 0 0 0 0 data 6 0x0 0x0 0x9 0x2 0x0 0x0 oops 0 methods 0
ciMethod java/io/Reader read ([CII)I 0 0 1 0 -1
ciMethodData java/lang/ref/Reference <init> (Ljava/lang/Object;Ljava/lang/ref/ReferenceQueue;)V 2 10104 orig 80 1 0 0 0 0 0 0 0 0 0 0 0 89 2 0 0 0 0 0 0 0 0 0 0 0 0 0 0 0 0 0 0 0 0 0 0 0 0 0 0 0 0 0 0 0 0 0 0 0 0 0 0 0 0 0 0 0 0 0 0 0 0 0 0 0 0 0 0 0 0 0 0 0 0 0 0 0 0 0 0 data 20 0x10002 0x2778 0xb0007 0x14d1 0x38 0x12a7 0x110003 0x12a7 0x18 0x0 0x0 0x0 0x0 0x0 0x0 0x9 0x3 0x6 0x0 0x0 oops 0 methods 0
ciMethodData java/lang/ref/Reference refersTo (Ljava/lang/Object;)Z 2 73807 orig 80 0 0 0 0 0 0 0 0 0 0 0 0 89 2 0 0 0 0 0 0 0 0 0 0 0 0 0 0 0 0 0 0 0 0 0 0 0 0 0 0 0 0 0 0 0 0 0 0 0 0 0 0 0 0 0 0 0 0 0 0 0 0 0 0 0 0 0 0 0 0 0 0 0 0 0 0 0 0 0 0 data 17 0x20005 0x3023 0x0 0x2597de72648 0x2257 0x2597e700a80 0xcdd5 0x0 0x0 0x0 0x0 0x0 0x0 0x9 0x2 0xffffffffffffffff 0xffffffffffffffff oops 2 3 java/util/WeakHashMap$Entry 5 java/lang/ThreadLocal$ThreadLocalMap$Entry methods 0
ciMethodData java/lang/ref/Reference refersToImpl (Ljava/lang/Object;)Z 2 27564 orig 80 0 0 0 0 0 0 0 0 0 0 0 0 89 2 0 0 0 0 0 0 0 0 0 0 0 0 0 0 0 0 0 0 0 0 0 0 0 0 0 0 0 0 0 0 0 0 0 0 0 0 0 0 0 0 0 0 0 0 0 0 0 0 0 0 0 0 0 0 0 0 0 0 0 0 0 0 0 0 0 0 data 17 0x20005 0x6bab 0x0 0x0 0x0 0x0 0x0 0x0 0x0 0x0 0x0 0x0 0x0 0x9 0x2 0x0 0x0 oops 0 methods 0
ciMethod java/lang/AssertionError <init> ()V 0 0 1 0 -1
ciMethod com/android/repository/api/SchemaModule getNamespaceVersionMap ()Ljava/util/Map; 260 0 130 0 -1
ciMethod com/android/repository/api/SchemaModule getLatestNamespace ()Ljava/lang/String; 0 0 1 0 -1
ciMethodData java/lang/ThreadLocal$ThreadLocalMap set (Ljava/lang/ThreadLocal;Ljava/lang/Object;)V 2 18338 orig 80 0 0 0 0 0 0 0 0 0 0 0 0 89 2 0 0 0 0 0 0 0 0 0 0 0 0 0 0 0 0 0 0 0 0 0 0 0 0 0 0 0 0 0 0 0 0 0 0 0 0 0 0 0 0 0 0 0 0 0 0 0 0 0 0 0 0 0 0 0 0 0 0 0 0 0 0 0 0 0 0 data 80 0x1c0007 0x1f51 0x130 0x2851 0x220005 0x2851 0x0 0x0 0x0 0x0 0x0 0x250007 0x0 0x20 0x2851 0x320005 0x0 0x0 0x0 0x0 0x0 0x0 0x350007 0x0 0x58 0x0 0x3d0005 0x0 0x0 0x0 0x0 0x0 0x0 0x460002 0x0 0x4f0003 0x0 0xfffffffffffffee8 0x5b0002 0x1f51 0x5e0004 0x0 0x0 0x2597e700a80 0x1f51 0x0 0x0 0x710005 0x1f51 0x0 0x0 0x0 0x0 0x0 0x740007 0x0 0x78 0x1f51 0x7d0007 0x1f50 0x58 0x1 0x810005 0x1 0x0 0x0 0x0 0x0 0x0 0x0 0x0 0x0 0x0 0x0 0x0 0x9 0x3 0x0 0x0 0x0 oops 1 43 java/lang/ThreadLocal$ThreadLocalMap$Entry methods 0
ciMethodData java/lang/ThreadLocal$ThreadLocalMap nextIndex (II)I 2 60686 orig 80 0 0 0 0 0 0 0 0 0 0 0 0 89 2 0 0 0 0 0 0 0 0 0 0 0 0 0 0 0 0 0 0 0 0 0 0 0 0 0 0 0 0 0 0 0 0 0 0 0 0 0 0 0 0 0 0 0 0 0 0 0 0 0 0 0 0 0 0 0 0 0 0 0 0 0 0 0 0 0 0 data 12 0x40007 0x16 0x38 0xecf8 0xa0003 0xecf8 0x18 0x0 0x9 0x2 0x0 0x0 oops 0 methods 0
ciMethodData java/lang/ThreadLocal$ThreadLocalMap$Entry <init> (Ljava/lang/ThreadLocal;Ljava/lang/Object;)V 2 8038 orig 80 0 0 0 0 0 0 0 0 0 0 0 0 89 2 0 0 0 0 0 0 0 0 0 0 0 0 0 0 0 0 0 0 0 0 0 0 0 0 0 0 0 0 0 0 0 0 0 0 0 0 0 0 0 0 0 0 0 0 0 0 0 0 0 0 0 0 0 0 0 0 0 0 0 0 0 0 0 0 0 0 data 11 0x20002 0x1f66 0x0 0x0 0x0 0x0 0x9 0x3 0x1e 0x0 0x0 oops 0 methods 0
ciMethodData java/lang/ref/WeakReference <init> (Ljava/lang/Object;)V 2 11424 orig 80 0 0 0 0 0 0 0 0 0 0 0 0 89 2 0 0 0 0 0 0 0 0 0 0 0 0 0 0 0 0 0 0 0 0 0 0 0 0 0 0 0 0 0 0 0 0 0 0 0 0 0 0 0 0 0 0 0 0 0 0 0 0 0 0 0 0 0 0 0 0 0 0 0 0 0 0 0 0 0 0 data 8 0x20002 0x2ca0 0x0 0x0 0x9 0x2 0x6 0x0 oops 0 methods 0
ciMethodData java/lang/ref/Reference <init> (Ljava/lang/Object;)V 2 11914 orig 80 0 0 0 0 0 0 0 0 0 0 0 0 89 2 0 0 0 0 0 0 0 0 0 0 0 0 0 0 0 0 0 0 0 0 0 0 0 0 0 0 0 0 0 0 0 0 0 0 0 0 0 0 0 0 0 0 0 0 0 0 0 0 0 0 0 0 0 0 0 0 0 0 0 0 0 0 0 0 0 0 data 8 0x30002 0x2e8a 0x0 0x0 0x9 0x2 0x6 0x0 oops 0 methods 0
ciMethodData java/lang/ThreadLocal$ThreadLocalMap cleanSomeSlots (II)Z 2 8017 orig 80 0 0 0 0 0 0 0 0 0 0 0 0 89 2 0 0 0 0 0 0 0 0 0 0 0 0 0 0 0 0 0 0 0 0 0 0 0 0 0 0 0 0 0 0 0 0 0 0 0 0 0 0 0 0 0 0 0 0 0 0 0 0 0 0 0 0 0 0 0 0 0 0 0 0 0 0 0 0 0 0 data 39 0x100002 0x7cd9 0x1c0007 0x5da6 0xb0 0x1f33 0x220005 0x1f33 0x0 0x0 0x0 0x0 0x0 0x250007 0x1f33 0x58 0x0 0x2f0005 0x0 0x0 0x0 0x0 0x0 0x0 0x380007 0x5d88 0xffffffffffffff40 0x1f51 0x0 0x0 0x0 0x0 0x0 0x0 0x9 0x3 0x0 0x0 0x0 oops 0 methods 0
ciMethodData java/lang/ThreadLocal$ThreadLocalMap rehash ()V 1 1 orig 80 0 0 0 0 0 0 0 0 0 0 0 0 89 2 0 0 0 0 0 0 0 0 0 0 0 0 0 0 0 0 0 0 0 0 0 0 0 0 0 0 0 0 0 0 0 0 0 0 0 0 0 0 0 0 0 0 0 0 0 0 0 0 0 0 0 0 0 0 0 0 0 0 0 0 0 0 0 0 0 0 data 27 0x10005 0x1 0x0 0x0 0x0 0x0 0x0 0x130007 0x0 0x58 0x1 0x170005 0x1 0x0 0x0 0x0 0x0 0x0 0x0 0x0 0x0 0x0 0x0 0x0 0x9 0x1 0xe oops 0 methods 0
ciMethodData java/lang/ThreadLocal set (Ljava/lang/Thread;Ljava/lang/Object;)V 2 35544 orig 80 0 0 0 0 0 0 0 0 0 0 0 0 89 2 0 0 0 0 0 0 0 0 0 0 0 0 0 0 0 0 0 0 0 0 0 0 0 0 0 0 0 0 0 0 0 0 0 0 0 0 0 0 0 0 0 0 0 0 0 0 0 0 0 0 0 0 0 0 0 0 0 0 0 0 0 0 0 0 0 0 data 39 0x20005 0x0 0x0 0x2597e6fe510 0x8ac4 0x2597e701008 0x14 0x70007 0x0 0x70 0x8ad8 0xd0005 0x8ad8 0x0 0x0 0x0 0x0 0x0 0x100003 0x8ad8 0x50 0x160005 0x0 0x0 0x0 0x0 0x0 0x0 0x0 0x0 0x0 0x0 0x0 0x0 0x9 0x3 0x0 0x0 0x0 oops 2 3 java/lang/ThreadLocal 5 sun/nio/fs/NativeBuffers$1 methods 0
ciMethodData java/lang/ThreadLocal createMap (Ljava/lang/Thread;Ljava/lang/Object;)V 1 21 orig 80 0 0 0 0 0 0 0 0 0 0 0 0 89 2 0 0 0 0 0 0 0 0 0 0 0 0 0 0 0 0 0 0 0 0 0 0 0 0 0 0 0 0 0 0 0 0 0 0 0 0 0 0 0 0 0 0 0 0 0 0 0 0 0 0 0 0 0 0 0 0 0 0 0 0 0 0 0 0 0 0 data 11 0x70002 0x15 0x0 0x0 0x0 0x0 0x9 0x3 0x0 0x600 0x0 oops 0 methods 0
ciMethodData java/lang/ThreadLocal set (Ljava/lang/Object;)V 2 38227 orig 80 0 0 0 0 0 0 0 0 0 0 0 0 89 2 0 0 0 0 0 0 0 0 0 0 0 0 0 0 0 0 0 0 0 0 0 0 0 0 0 0 0 0 0 0 0 0 0 0 0 0 0 0 0 0 0 0 0 0 0 0 0 0 0 0 0 0 0 0 0 0 0 0 0 0 0 0 0 0 0 0 data 25 0x10002 0x9553 0x50005 0x9553 0x0 0x0 0x0 0x0 0x0 0xb0007 0x9553 0x30 0x0 0xe0002 0x0 0x0 0x0 0x0 0x0 0x0 0x0 0x9 0x2 0x0 0x0 oops 0 methods 0
ciMethodData java/lang/ThreadLocal get ()Ljava/lang/Object; 2 51071 orig 80 0 0 0 0 0 0 0 0 0 0 0 0 89 2 0 0 0 0 0 0 0 0 0 0 0 0 0 0 0 0 0 0 0 0 0 0 0 0 0 0 0 0 0 0 0 0 0 0 0 0 0 0 0 0 0 0 0 0 0 0 0 0 0 0 0 0 0 0 0 0 0 0 0 0 0 0 0 0 0 0 data 18 0x10002 0xc77f 0x40005 0xc77f 0x0 0x0 0x0 0x0 0x0 0x0 0x0 0x0 0x0 0x0 0x0 0x9 0x1 0x0 oops 0 methods 0
ciMethodData java/lang/ThreadLocal get (Ljava/lang/Thread;)Ljava/lang/Object; 2 21132 orig 80 1 0 0 0 0 0 0 0 0 0 0 0 89 2 0 0 0 0 0 0 0 0 0 0 0 0 0 0 0 0 0 0 0 0 0 0 0 0 0 1 0 0 0 0 0 0 0 0 0 0 0 0 0 0 0 0 0 0 0 0 0 0 0 0 0 0 0 0 0 0 0 0 0 0 0 0 0 0 0 0 data 39 0x20005 0x19f0 0x0 0x2597e6fe510 0x3348 0x2597e701008 0x554 0x8000000600070007 0x15 0x78 0x5277 0xc0005 0x527b 0x0 0x0 0x0 0x0 0x0 0x110007 0x22a5 0x20 0x2fd0 0x1f0005 0x22ba 0x0 0x0 0x0 0x0 0x0 0x0 0x0 0x0 0x0 0x0 0x0 0x9 0x2 0x0 0x0 oops 2 3 java/lang/ThreadLocal 5 sun/nio/fs/NativeBuffers$1 methods 0
ciMethodData java/lang/String checkBoundsOffCount (III)I 2 13943 orig 80 0 0 0 0 0 0 0 0 0 0 0 0 89 2 0 0 0 0 0 0 0 0 0 0 0 0 0 0 0 0 0 0 0 0 0 0 0 0 0 0 0 0 0 0 0 0 0 0 0 0 0 0 0 0 0 0 0 0 0 0 0 0 0 0 0 0 0 0 0 0 0 0 0 0 0 0 0 0 0 0 data 13 0x60002 0x3677 0x0 0x0 0x0 0x0 0x0 0x0 0x9 0x3 0x0 0x0 0x0 oops 0 methods 0
ciMethodData java/lang/ThreadLocal$ThreadLocalMap getEntry (Ljava/lang/ThreadLocal;)Ljava/lang/ThreadLocal$ThreadLocalMap$Entry; 2 5124 orig 80 0 0 0 0 0 0 0 0 0 0 0 0 89 2 0 0 0 0 0 0 0 0 0 0 0 0 0 0 0 0 0 0 0 0 0 0 0 0 0 0 0 0 0 0 0 0 0 0 0 0 0 0 0 0 0 0 0 0 0 0 0 0 0 0 0 0 0 0 0 0 0 0 0 0 0 0 0 0 0 0 data 32 0x150007 0x25d 0x78 0x11a7 0x1a0005 0x11a7 0x0 0x0 0x0 0x0 0x0 0x1d0007 0x0 0x20 0x11a7 0x260005 0x25d 0x0 0x0 0x0 0x0 0x0 0x0 0x0 0x0 0x0 0x0 0x0 0x9 0x2 0x0 0x0 oops 0 methods 0
ciMethodData java/lang/ThreadLocal$ThreadLocalMap getEntryAfterMiss (Ljava/lang/ThreadLocal;ILjava/lang/ThreadLocal$ThreadLocalMap$Entry;)Ljava/lang/ThreadLocal$ThreadLocalMap$Entry; 2 28410 orig 80 0 0 0 0 0 0 0 0 0 0 0 0 89 2 0 0 0 0 0 0 0 0 0 0 0 0 0 0 0 0 0 0 0 0 0 0 0 0 0 0 0 0 0 0 0 0 0 0 0 0 0 0 0 0 0 0 0 0 0 0 0 0 0 0 0 0 0 0 0 0 0 0 0 0 0 0 0 0 0 0 data 53 0xc0007 0x6efa 0x148 0x0 0x110005 0x0 0x0 0x0 0x0 0x0 0x0 0x140007 0x0 0x20 0x0 0x1b0005 0x0 0x0 0x0 0x0 0x0 0x0 0x1e0007 0x0 0x70 0x0 0x230005 0x0 0x0 0x0 0x0 0x0 0x0 0x270003 0x0 0x28 0x2d0002 0x0 0x360003 0x0 0xfffffffffffffed0 0x0 0x0 0x0 0x0 0x0 0x0 0x9 0x4 0x6 0xffffffffffffffff 0x0 0xffffffffffffffff oops 0 methods 0
ciMethodData java/lang/StringUTF16 compress ([CII)[B 2 6197 orig 80 0 0 0 0 0 0 0 0 0 0 0 0 89 2 0 0 0 0 0 0 0 0 0 0 0 0 0 0 0 0 0 0 0 0 0 0 0 0 0 0 0 0 0 0 0 0 0 0 0 0 0 0 0 0 0 0 0 0 0 0 0 0 0 0 0 0 0 0 0 0 0 0 0 0 0 0 0 0 0 0 data 17 0x90002 0x1835 0xd0007 0x1 0x20 0x1835 0x0 0x0 0x0 0x0 0x0 0x0 0x9 0x3 0x0 0x0 0x0 oops 0 methods 0
ciMethodData java/lang/ThreadLocal setInitialValue (Ljava/lang/Thread;)Ljava/lang/Object; 2 9487 orig 80 0 0 0 0 0 0 0 0 0 0 0 0 89 2 0 0 0 0 0 0 0 0 0 0 0 0 0 0 0 0 0 0 0 0 0 0 0 0 0 0 0 0 0 0 0 0 0 0 0 0 0 0 0 0 0 0 0 0 0 0 0 0 0 0 0 0 0 0 0 0 0 0 0 0 0 0 0 0 0 0 data 71 0x10005 0x2a 0x0 0x2597e6fe510 0x24d0 0x2597e341e58 0x15 0x70005 0x2a 0x0 0x2597e6fe510 0x24d0 0x2597e341e58 0x16 0xc0007 0x15 0x70 0x24fb 0x120005 0x24fb 0x0 0x0 0x0 0x0 0x0 0x150003 0x24fb 0x50 0x1b0005 0x0 0x0 0x2597e341e58 0x1 0x2597e701008 0x14 0x230004 0xffffffffffffdb1a 0x0 0x2597e6fe510 0x101 0x2597e341e58 0x16 0x260007 0x24e6 0x68 0x2a 0x2b0004 0x0 0x0 0x2597e341e58 0x16 0x2597e701008 0x14 0x320002 0x2a 0x380007 0x250f 0x30 0x0 0x3b0002 0x0 0x0 0x0 0x0 0x0 0x0 0x0 0x9 0x2 0x0 0x0 oops 10 3 java/lang/ThreadLocal 5 sun/nio/ch/Util$1 10 java/lang/ThreadLocal 12 sun/nio/ch/Util$1 31 sun/nio/ch/Util$1 33 sun/nio/fs/NativeBuffers$1 38 java/lang/ThreadLocal 40 sun/nio/ch/Util$1 49 sun/nio/ch/Util$1 51 sun/nio/fs/NativeBuffers$1 methods 0
ciMethod javax/xml/namespace/QName getNamespaceURI ()Ljava/lang/String; 278 0 139 0 -1
ciMethod java/util/logging/Logger log (Ljava/util/logging/Level;Ljava/lang/String;)V 38 0 29 0 -1
ciMethod java/util/logging/Logger log (Ljava/util/logging/Level;Ljava/lang/String;[Ljava/lang/Object;)V 0 0 1 0 -1
ciMethod java/util/logging/Logger isLoggable (Ljava/util/logging/Level;)Z 834 0 73512 0 0
ciMethod java/util/logging/Level intValue ()I 276 0 138 0 0
ciMethodData java/lang/String <init> ([CII)V 2 6737 orig 80 0 0 0 0 0 0 0 0 0 0 0 0 89 2 0 0 0 0 0 0 0 0 0 0 0 0 0 0 0 0 0 0 0 0 0 0 0 0 0 0 0 0 0 0 0 0 0 0 0 0 0 0 0 0 0 0 0 0 0 0 0 0 0 0 0 0 0 0 0 0 0 0 0 0 0 0 0 0 0 0 data 16 0x70002 0x1a51 0xa0002 0x1a51 0x0 0x0 0x0 0x0 0x0 0x0 0x9 0x4 0x0 0x0 0x0 0x0 oops 0 methods 0
ciMethod com/sun/xml/bind/v2/runtime/JAXBContextImpl getBeanInfo (Ljava/lang/Class;)Lcom/sun/xml/bind/v2/runtime/JaxBeanInfo; 0 0 1 0 -1
ciMethod com/sun/xml/bind/v2/runtime/JAXBContextImpl selectRootLoader (Lcom/sun/xml/bind/v2/runtime/unmarshaller/UnmarshallingContext$State;Lcom/sun/xml/bind/v2/runtime/unmarshaller/TagName;)Lcom/sun/xml/bind/v2/runtime/unmarshaller/Loader; 106 0 44 0 -1
ciMethod com/sun/xml/bind/v2/runtime/JAXBContextImpl getGlobalType (Ljavax/xml/namespace/QName;)Lcom/sun/xml/bind/v2/runtime/JaxBeanInfo; 154 0 258 0 -1
ciMethod com/sun/xml/bind/v2/runtime/JAXBContextImpl getNearestTypeName (Ljavax/xml/namespace/QName;)Ljava/lang/String; 0 0 1 0 -1
ciMethod com/sun/xml/bind/v2/runtime/JAXBContextImpl createAugmented (Ljava/lang/Class;)Lcom/sun/xml/bind/v2/runtime/JAXBContextImpl; 0 0 1 0 -1
ciMethod com/sun/xml/bind/Util getSystemProperty (Ljava/lang/String;)Ljava/lang/String; 2 0 5 0 -1
ciMethod com/sun/xml/bind/v2/runtime/JaxBeanInfo hasElementOnlyContentModel ()Z 336 0 6278 0 -1
ciMethod com/sun/xml/bind/v2/runtime/JaxBeanInfo getTypeNames ()Ljava/util/Collection; 246 0 860 0 -1
ciMethod com/sun/xml/bind/v2/runtime/JaxBeanInfo getLoader (Lcom/sun/xml/bind/v2/runtime/JAXBContextImpl;Z)Lcom/sun/xml/bind/v2/runtime/unmarshaller/Loader; 0 0 1 0 -1
ciMethod com/sun/xml/bind/unmarshaller/InfosetScanner getCurrentElement ()Ljava/lang/Object; 0 0 1 0 -1
ciMethod com/sun/xml/bind/v2/util/QNameMap get (Ljava/lang/String;Ljava/lang/String;)Ljava/lang/Object; 524 0 15808 0 984
ciMethod com/sun/xml/bind/v2/util/QNameMap hash (Ljava/lang/String;)I 530 0 15526 0 -1
ciMethod com/sun/xml/bind/v2/util/QNameMap indexFor (II)I 524 0 16273 0 -1
ciMethod com/sun/xml/bind/v2/util/QNameMap getEntry (Ljava/lang/String;Ljava/lang/String;)Lcom/sun/xml/bind/v2/util/QNameMap$Entry; 524 178 15000 0 -1
ciMethod com/sun/xml/bind/WhiteSpaceProcessor isWhiteSpace (Ljava/lang/CharSequence;)Z 362 3614 7757 0 -1
ciMethod org/xml/sax/ContentHandler startPrefixMapping (Ljava/lang/String;Ljava/lang/String;)V 0 0 1 0 -1
ciMethod org/xml/sax/ContentHandler endPrefixMapping (Ljava/lang/String;)V 0 0 1 0 -1
ciMethod org/xml/sax/ContentHandler startElement (Ljava/lang/String;Ljava/lang/String;Ljava/lang/String;Lorg/xml/sax/Attributes;)V 0 0 1 0 -1
ciMethod org/xml/sax/ContentHandler endElement (Ljava/lang/String;Ljava/lang/String;Ljava/lang/String;)V 0 0 1 0 -1
ciMethod com/sun/xml/bind/v2/runtime/unmarshaller/Loader startElement (Lcom/sun/xml/bind/v2/runtime/unmarshaller/UnmarshallingContext$State;Lcom/sun/xml/bind/v2/runtime/unmarshaller/TagName;)V 512 0 5995 0 -1
ciMethod com/sun/xml/bind/v2/runtime/unmarshaller/Loader childElement (Lcom/sun/xml/bind/v2/runtime/unmarshaller/UnmarshallingContext$State;Lcom/sun/xml/bind/v2/runtime/unmarshaller/TagName;)V 0 0 1 0 -1
ciMethod com/sun/xml/bind/v2/runtime/unmarshaller/Loader reportUnexpectedChildElement (Lcom/sun/xml/bind/v2/runtime/unmarshaller/TagName;Z)V 0 0 1 0 0
ciMethod com/sun/xml/bind/v2/runtime/unmarshaller/XsiTypeLoader parseXsiType (Lcom/sun/xml/bind/v2/runtime/unmarshaller/UnmarshallingContext$State;Lcom/sun/xml/bind/v2/runtime/unmarshaller/TagName;Lcom/sun/xml/bind/v2/runtime/JaxBeanInfo;)Lcom/sun/xml/bind/v2/runtime/JaxBeanInfo; 1988 0 486 0 0
ciMethod com/sun/xml/bind/v2/runtime/unmarshaller/StructureLoader childElement (Lcom/sun/xml/bind/v2/runtime/unmarshaller/UnmarshallingContext$State;Lcom/sun/xml/bind/v2/runtime/unmarshaller/TagName;)V 512 0 12366 0 0
ciMethod com/sun/xml/bind/v2/runtime/unmarshaller/StructureLoader getBeanInfo ()Lcom/sun/xml/bind/v2/runtime/JaxBeanInfo; 266 0 133 0 -1
ciMethodData com/sun/xml/bind/v2/util/QNameMap hash (Ljava/lang/String;)I 2 15261 orig 80 0 0 0 0 0 0 0 0 0 0 0 0 89 2 0 0 0 0 0 0 0 0 0 0 0 0 0 0 0 0 0 0 0 0 0 0 0 0 0 0 0 0 0 0 0 0 0 0 0 0 0 0 0 0 0 0 0 0 0 0 0 0 0 0 0 0 0 0 0 0 0 0 0 0 0 0 0 0 0 0 data 16 0x10005 0x3b9d 0x0 0x0 0x0 0x0 0x0 0x0 0x0 0x0 0x0 0x0 0x0 0x9 0x1 0xe oops 0 methods 0
ciMethodData com/sun/xml/bind/v2/util/QNameMap get (Ljava/lang/String;Ljava/lang/String;)Ljava/lang/Object; 2 16185 orig 80 0 0 0 0 0 0 0 0 0 0 0 0 89 2 0 0 0 0 0 0 0 0 0 0 0 0 0 0 0 0 0 0 0 0 0 0 0 0 0 0 0 0 0 0 0 0 0 0 0 0 0 0 0 0 0 0 0 0 0 0 0 0 0 0 0 0 0 0 0 0 0 0 0 0 0 0 0 0 0 0 data 17 0x30002 0x3f39 0x80007 0x3cbd 0x20 0x27c 0x0 0x0 0x0 0x0 0x0 0x0 0x9 0x3 0x0 0xffffffffffffffff 0xffffffffffffffff oops 0 methods 0
ciMethodData com/sun/xml/bind/v2/util/QNameMap getEntry (Ljava/lang/String;Ljava/lang/String;)Lcom/sun/xml/bind/v2/util/QNameMap$Entry; 2 14738 orig 80 0 0 0 0 0 0 0 0 0 0 0 0 89 2 0 0 0 0 0 0 0 0 0 0 0 0 0 0 0 0 0 0 0 0 0 0 0 0 0 0 0 0 0 0 0 0 0 0 0 0 0 0 0 0 0 0 0 0 0 0 0 0 0 0 0 0 0 0 0 0 0 0 0 0 0 0 0 0 0 0 data 64 0x30007 0x3992 0x88 0x0 0x80005 0x0 0x0 0x0 0x0 0x0 0x0 0xb0007 0x0 0x30 0x0 0x120002 0x0 0x190007 0x3992 0x88 0x0 0x1e0005 0x0 0x0 0x0 0x0 0x0 0x0 0x210007 0x0 0x30 0x0 0x280002 0x0 0x2d0002 0x3992 0x370002 0x3992 0x470007 0x27c 0x78 0x3940 0x500007 0x1e5 0x40 0x375b 0x590007 0x3716 0x38 0x45 0x630003 0x22a 0xffffffffffffffa0 0x0 0x0 0x0 0x0 0x0 0x0 0x9 0x3 0x0 0xffffffffffffffff 0xffffffffffffffff oops 0 methods 0
ciMethod com/sun/xml/bind/v2/runtime/unmarshaller/UnmarshallerImpl hasEventHandler ()Z 0 0 1 0 -1
ciMethod com/sun/xml/bind/v2/runtime/unmarshaller/XmlVisitor startElement (Lcom/sun/xml/bind/v2/runtime/unmarshaller/TagName;)V 0 0 1 0 -1
ciMethod com/sun/xml/bind/v2/runtime/unmarshaller/XmlVisitor text (Ljava/lang/CharSequence;)V 0 0 1 0 -1
ciMethod com/sun/xml/bind/v2/runtime/unmarshaller/XmlVisitor$TextPredictor expectText ()Z 0 0 1 0 -1
ciMethod com/sun/xml/bind/v2/runtime/unmarshaller/UnmarshallingContext getJAXBContext ()Lcom/sun/xml/bind/v2/runtime/JAXBContextImpl; 96 0 302 0 -1
ciMethod com/sun/xml/bind/v2/runtime/unmarshaller/UnmarshallingContext getCurrentState ()Lcom/sun/xml/bind/v2/runtime/unmarshaller/UnmarshallingContext$State; 256 0 128 0 0
ciMethod com/sun/xml/bind/v2/runtime/unmarshaller/UnmarshallingContext selectRootLoader (Lcom/sun/xml/bind/v2/runtime/unmarshaller/UnmarshallingContext$State;Lcom/sun/xml/bind/v2/runtime/unmarshaller/TagName;)Lcom/sun/xml/bind/v2/runtime/unmarshaller/Loader; 106 0 44 0 0
ciMethod com/sun/xml/bind/v2/runtime/unmarshaller/UnmarshallingContext startElement (Lcom/sun/xml/bind/v2/runtime/unmarshaller/TagName;)V 1024 0 12408 0 0
ciMethod com/sun/xml/bind/v2/runtime/unmarshaller/UnmarshallingContext _startElement (Lcom/sun/xml/bind/v2/runtime/unmarshaller/TagName;)V 1024 0 12408 0 0
ciMethod com/sun/xml/bind/v2/runtime/unmarshaller/UnmarshallingContext handleError (Ljava/lang/Exception;)V 0 0 1 0 -1
ciMethod com/sun/xml/bind/v2/runtime/unmarshaller/UnmarshallingContext getInstance ()Lcom/sun/xml/bind/v2/runtime/unmarshaller/UnmarshallingContext; 512 0 1052 0 -1
ciMethod com/sun/xml/bind/v2/runtime/unmarshaller/UnmarshallingContext shouldErrorBeReported ()Z 0 0 1 0 -1
ciMethod com/sun/xml/bind/v2/runtime/unmarshaller/UnmarshallingContext access$000 ()Ljava/util/logging/Logger; 796 0 24816 0 0
ciMethod com/sun/xml/bind/v2/runtime/unmarshaller/UnmarshallingContext access$100 (Lcom/sun/xml/bind/v2/runtime/unmarshaller/UnmarshallingContext;)Lcom/sun/xml/bind/v2/runtime/unmarshaller/UnmarshallingContext$State; 0 0 1 0 -1
ciMethod com/sun/xml/bind/v2/runtime/unmarshaller/UnmarshallingContext access$200 (Lcom/sun/xml/bind/v2/runtime/unmarshaller/UnmarshallingContext;)I 272 0 136 0 0
ciMethod com/sun/xml/bind/v2/runtime/unmarshaller/UnmarshallingContext access$102 (Lcom/sun/xml/bind/v2/runtime/unmarshaller/UnmarshallingContext;Lcom/sun/xml/bind/v2/runtime/unmarshaller/UnmarshallingContext$State;)Lcom/sun/xml/bind/v2/runtime/unmarshaller/UnmarshallingContext$State; 796 0 24816 0 0
ciMethod com/sun/xml/bind/v2/runtime/Coordinator pushCoordinator ()V 532 0 35866 0 0
ciMethod com/sun/xml/bind/v2/runtime/Coordinator popCoordinator ()V 802 0 33431 0 808
ciMethod com/sun/xml/bind/v2/runtime/unmarshaller/UnmarshallingContext$DefaultRootLoader childElement (Lcom/sun/xml/bind/v2/runtime/unmarshaller/UnmarshallingContext$State;Lcom/sun/xml/bind/v2/runtime/unmarshaller/TagName;)V 106 0 44 0 0
ciMethod com/sun/xml/bind/v2/runtime/unmarshaller/UnmarshallingContext$State getContext ()Lcom/sun/xml/bind/v2/runtime/unmarshaller/UnmarshallingContext; 340 0 170 0 0
ciMethod com/sun/xml/bind/v2/runtime/unmarshaller/UnmarshallingContext$State <init> (Lcom/sun/xml/bind/v2/runtime/unmarshaller/UnmarshallingContext;Lcom/sun/xml/bind/v2/runtime/unmarshaller/UnmarshallingContext$State;)V 482 0 4182 0 0
ciMethod com/sun/xml/bind/v2/runtime/unmarshaller/UnmarshallingContext$State push ()V 1024 0 12409 0 0
ciMethod com/sun/xml/bind/v2/runtime/unmarshaller/UnmarshallingContext$State isMixed ()Z 272 0 136 0 0
ciMethod com/sun/xml/bind/v2/runtime/unmarshaller/UnmarshallingContext$State setLoader (Lcom/sun/xml/bind/v2/runtime/unmarshaller/Loader;)V 770 0 17570 0 0
ciMethod com/sun/xml/bind/v2/runtime/unmarshaller/UnmarshallingContext$State setReceiver (Lcom/sun/xml/bind/v2/runtime/unmarshaller/Receiver;)V 258 0 129 0 0
ciMethod com/sun/xml/bind/v2/runtime/unmarshaller/UnmarshallingContext$State access$500 (Lcom/sun/xml/bind/v2/runtime/unmarshaller/UnmarshallingContext$State;)Lcom/sun/xml/bind/v2/runtime/unmarshaller/UnmarshallingContext$State; 0 0 1 0 0
ciMethod com/sun/xml/bind/v2/runtime/unmarshaller/UnmarshallingContext$State access$602 (Lcom/sun/xml/bind/v2/runtime/unmarshaller/UnmarshallingContext$State;Lcom/sun/xml/bind/v2/runtime/unmarshaller/Loader;)Lcom/sun/xml/bind/v2/runtime/unmarshaller/Loader; 212 0 88 0 0
ciMethod com/sun/xml/bind/v2/runtime/unmarshaller/UnmarshallingContext$State access$802 (Lcom/sun/xml/bind/v2/runtime/unmarshaller/UnmarshallingContext$State;Lcom/sun/xml/bind/v2/runtime/unmarshaller/Receiver;)Lcom/sun/xml/bind/v2/runtime/unmarshaller/Receiver; 106 0 44 0 0
ciMethod com/sun/xml/bind/v2/runtime/unmarshaller/UnmarshallingContext$State access$600 (Lcom/sun/xml/bind/v2/runtime/unmarshaller/UnmarshallingContext$State;)Lcom/sun/xml/bind/v2/runtime/unmarshaller/Loader; 264 0 132 0 0
ciMethod com/sun/xml/bind/v2/runtime/unmarshaller/UnmarshallingContext$State access$1200 (Lcom/sun/xml/bind/v2/runtime/unmarshaller/UnmarshallingContext$State;)V 1024 0 12409 0 0
ciMethod com/android/repository/impl/meta/SchemaModuleUtil$NamespaceFallbackFilter startPrefixMapping (Ljava/lang/String;Ljava/lang/String;)V 546 0 507 0 0
ciMethod com/android/repository/impl/meta/SchemaModuleUtil$NamespaceFallbackFilter startElement (Ljava/lang/String;Ljava/lang/String;Ljava/lang/String;Lorg/xml/sax/Attributes;)V 796 0 12373 0 0
ciMethod com/sun/xml/bind/v2/runtime/unmarshaller/SAXConnector startElement (Ljava/lang/String;Ljava/lang/String;Ljava/lang/String;Lorg/xml/sax/Attributes;)V 1024 0 12407 0 0
ciMethod com/sun/xml/bind/v2/runtime/unmarshaller/SAXConnector processText (Z)V 772 0 22105 0 6432
ciMethod com/sun/xml/bind/DatatypeConverterImpl _parseQName (Ljava/lang/CharSequence;Ljavax/xml/namespace/NamespaceContext;)Ljavax/xml/namespace/QName; 154 540 486 0 -1
ciMethodData com/sun/org/apache/xerces/internal/impl/XMLErrorReporter reportError (Ljava/lang/String;Ljava/lang/String;[Ljava/lang/Object;S)Ljava/lang/String; 1 0 orig 80 0 0 0 0 0 0 0 0 0 0 0 0 89 2 0 0 0 0 0 0 0 0 0 0 0 0 0 0 0 0 0 0 0 0 0 0 0 0 0 0 0 0 0 0 0 0 0 0 0 0 0 0 0 0 0 0 0 0 0 0 0 0 0 0 0 0 0 0 0 0 0 0 0 0 0 0 0 0 0 0 data 20 0xa0005 0x0 0x0 0x0 0x0 0x0 0x0 0x0 0x0 0x0 0x0 0x0 0x0 0x9 0x5 0xffffffffffffffff 0xffffffffffffffff 0xffffffffffffffff 0xffffffffffffffff 0x0 oops 0 methods 0
ciMethodData com/sun/org/apache/xerces/internal/util/NamespaceSupport getURI (Ljava/lang/String;)Ljava/lang/String; 2 5367 orig 80 0 0 0 0 0 0 0 0 0 0 0 0 0 0 0 0 0 0 0 0 0 0 0 0 0 0 0 0 0 0 0 0 0 0 0 0 0 0 0 0 0 0 0 0 0 0 0 0 0 0 0 0 0 0 0 0 0 0 0 0 0 0 0 0 0 0 0 0 0 0 0 0 0 0 0 0 0 0 0 0 data 21 0x60007 0xee3 0x58 0x93b4 0x120007 0x8d9f 0x20 0x615 0x210003 0x8d9f 0xffffffffffffffc0 0x0 0x0 0x0 0x0 0x0 0x0 0x9 0x2 0x0 0x0 oops 0 methods 0
ciMethodData com/sun/org/apache/xerces/internal/xni/QName setValues (Lcom/sun/org/apache/xerces/internal/xni/QName;)V 2 10689 orig 80 0 0 0 0 0 0 0 0 0 0 0 0 89 2 0 0 0 0 0 0 0 0 0 0 0 0 0 0 0 0 0 0 0 0 0 0 0 0 0 0 0 0 0 0 0 0 0 0 0 0 0 0 0 0 0 0 0 0 0 0 0 0 0 0 0 0 0 0 0 0 0 0 0 0 0 0 0 0 0 0 data 8 0x0 0x0 0x0 0x0 0x9 0x2 0x0 0x0 oops 0 methods 0
ciMethod org/xml/sax/helpers/XMLFilterImpl startPrefixMapping (Ljava/lang/String;Ljava/lang/String;)V 540 0 507 0 -1
ciMethod org/xml/sax/helpers/XMLFilterImpl startElement (Ljava/lang/String;Ljava/lang/String;Ljava/lang/String;Lorg/xml/sax/Attributes;)V 796 0 12377 0 0
ciMethod org/xml/sax/Attributes getLength ()I 0 0 1 0 -1
ciMethod org/xml/sax/Attributes getURI (I)Ljava/lang/String; 0 0 1 0 -1
ciMethod org/xml/sax/Attributes getLocalName (I)Ljava/lang/String; 0 0 1 0 -1
ciMethod org/xml/sax/Attributes getQName (I)Ljava/lang/String; 0 0 1 0 -1
ciMethod org/xml/sax/Attributes getType (I)Ljava/lang/String; 0 0 1 0 -1
ciMethod org/xml/sax/Attributes getValue (I)Ljava/lang/String; 0 0 1 0 -1
ciMethod org/xml/sax/Attributes getIndex (Ljava/lang/String;Ljava/lang/String;)I 0 0 1 0 -1
ciMethod com/sun/org/apache/xerces/internal/utils/XMLSecurityManager getLimit (Lcom/sun/org/apache/xerces/internal/utils/XMLSecurityManager$Limit;)I 24 0 86 0 -1
ciMethod com/sun/org/apache/xerces/internal/utils/XMLSecurityManager getStateLiteral (Lcom/sun/org/apache/xerces/internal/utils/XMLSecurityManager$Limit;)Ljava/lang/String; 0 0 1 0 -1
ciMethod com/sun/org/apache/xerces/internal/utils/XMLSecurityManager isNoLimit (I)Z 932 0 3619 0 0
ciMethod com/sun/org/apache/xerces/internal/utils/XMLSecurityManager isOverLimit (Lcom/sun/org/apache/xerces/internal/utils/XMLSecurityManager$Limit;Lcom/sun/org/apache/xerces/internal/utils/XMLLimitAnalyzer;)Z 790 0 43361 0 0
ciMethod com/sun/org/apache/xerces/internal/utils/XMLSecurityManager isOverLimit (ILcom/sun/org/apache/xerces/internal/utils/XMLLimitAnalyzer;)Z 818 0 16349 0 456
ciMethod com/sun/org/apache/xerces/internal/utils/XMLSecurityManager debugPrint (Lcom/sun/org/apache/xerces/internal/utils/XMLLimitAnalyzer;)V 10 0 42 0 -1
ciMethod com/sun/org/apache/xerces/internal/parsers/AbstractSAXParser startElement (Lcom/sun/org/apache/xerces/internal/xni/QName;Lcom/sun/org/apache/xerces/internal/xni/XMLAttributes;Lcom/sun/org/apache/xerces/internal/xni/Augmentations;)V 768 1356 12139 0 0
ciMethod com/sun/org/apache/xerces/internal/parsers/AbstractSAXParser endElement (Lcom/sun/org/apache/xerces/internal/xni/QName;Lcom/sun/org/apache/xerces/internal/xni/Augmentations;)V 1024 0 12154 0 0
ciMethod com/sun/org/apache/xerces/internal/parsers/AbstractSAXParser startNamespaceMapping ()V 772 960 11056 0 624
ciMethod com/sun/org/apache/xerces/internal/parsers/AbstractSAXParser endNamespaceMapping ()V 1024 966 12155 0 -1
ciMethod com/sun/org/apache/xerces/internal/xni/XMLDocumentHandler startElement (Lcom/sun/org/apache/xerces/internal/xni/QName;Lcom/sun/org/apache/xerces/internal/xni/XMLAttributes;Lcom/sun/org/apache/xerces/internal/xni/Augmentations;)V 0 0 1 0 -1
ciMethod com/sun/org/apache/xerces/internal/xni/XMLDocumentHandler emptyElement (Lcom/sun/org/apache/xerces/internal/xni/QName;Lcom/sun/org/apache/xerces/internal/xni/XMLAttributes;Lcom/sun/org/apache/xerces/internal/xni/Augmentations;)V 0 0 1 0 -1
ciMethod com/sun/org/apache/xerces/internal/parsers/AbstractXMLDocumentParser startElement (Lcom/sun/org/apache/xerces/internal/xni/QName;Lcom/sun/org/apache/xerces/internal/xni/XMLAttributes;Lcom/sun/org/apache/xerces/internal/xni/Augmentations;)V 0 0 1 0 -1
ciMethod com/sun/org/apache/xerces/internal/parsers/AbstractXMLDocumentParser emptyElement (Lcom/sun/org/apache/xerces/internal/xni/QName;Lcom/sun/org/apache/xerces/internal/xni/XMLAttributes;Lcom/sun/org/apache/xerces/internal/xni/Augmentations;)V 512 0 1179 0 0
ciMethod com/sun/org/apache/xerces/internal/parsers/AbstractXMLDocumentParser endElement (Lcom/sun/org/apache/xerces/internal/xni/QName;Lcom/sun/org/apache/xerces/internal/xni/Augmentations;)V 0 0 1 0 -1
ciMethod com/sun/org/apache/xerces/internal/util/SymbolTable addSymbol ([CII)Ljava/lang/String; 604 790 9588 0 -1
ciMethod com/sun/org/apache/xerces/internal/impl/XMLEntityManager endEntity ()V 20 0 42 0 -1
ciMethod com/sun/org/apache/xerces/internal/impl/XMLEntityScanner peekChar ()I 512 0 18277 0 272
ciMethod com/sun/org/apache/xerces/internal/impl/XMLEntityScanner scanChar (Lcom/sun/org/apache/xerces/internal/impl/XMLScanner$NameType;)I 488 0 17715 0 336
ciMethod com/sun/org/apache/xerces/internal/impl/XMLEntityScanner scanName (Lcom/sun/org/apache/xerces/internal/impl/XMLScanner$NameType;)Ljava/lang/String; 0 0 1 0 -1
ciMethod com/sun/org/apache/xerces/internal/impl/XMLEntityScanner scanQName (Lcom/sun/org/apache/xerces/internal/xni/QName;Lcom/sun/org/apache/xerces/internal/impl/XMLScanner$NameType;)Z 530 3974 14749 0 -1
ciMethod com/sun/org/apache/xerces/internal/impl/XMLEntityScanner checkBeforeLoad (Lcom/sun/xml/internal/stream/Entity$ScannedEntity;II)I 786 0 20133 0 -1
ciMethod com/sun/org/apache/xerces/internal/impl/XMLEntityScanner checkEntityLimit (Lcom/sun/org/apache/xerces/internal/impl/XMLScanner$NameType;Lcom/sun/xml/internal/stream/Entity$ScannedEntity;II)V 516 0 8364 0 144
ciMethod com/sun/org/apache/xerces/internal/impl/XMLEntityScanner checkNodeCount (Lcom/sun/xml/internal/stream/Entity$ScannedEntity;)V 84 0 22178 0 -1
ciMethod com/sun/org/apache/xerces/internal/impl/XMLEntityScanner checkLimit (Lcom/sun/org/apache/xerces/internal/utils/XMLSecurityManager$Limit;Lcom/sun/xml/internal/stream/Entity$ScannedEntity;II)V 152 0 15794 0 -1
ciMethod com/sun/org/apache/xerces/internal/impl/XMLEntityScanner skipChar (ILcom/sun/org/apache/xerces/internal/impl/XMLScanner$NameType;)Z 512 0 19071 0 360
ciMethod com/sun/org/apache/xerces/internal/impl/XMLEntityScanner skipSpaces ()Z 524 0 29343 3 -1
ciMethod com/sun/org/apache/xerces/internal/impl/XMLEntityScanner skipString (Ljava/lang/String;)Z 104 736 8359 0 -1
ciMethod com/sun/org/apache/xerces/internal/impl/XMLEntityScanner load (IZZ)Z 110 0 1188 11 0
ciMethod com/sun/org/apache/xerces/internal/impl/XMLEntityScanner invokeListeners (I)V 110 102 1241 0 -1
ciMethod com/sun/org/apache/xerces/internal/impl/XMLErrorReporter reportError (Ljava/lang/String;Ljava/lang/String;[Ljava/lang/Object;S)Ljava/lang/String; 0 0 1 0 0
ciMethod com/sun/org/apache/xerces/internal/impl/XMLErrorReporter reportError (Lcom/sun/org/apache/xerces/internal/xni/XMLLocator;Ljava/lang/String;Ljava/lang/String;[Ljava/lang/Object;S)Ljava/lang/String; 0 0 1 0 -1
ciMethod com/sun/org/apache/xerces/internal/impl/XMLErrorReporter reportError (Lcom/sun/org/apache/xerces/internal/xni/XMLLocator;Ljava/lang/String;Ljava/lang/String;[Ljava/lang/Object;SLjava/lang/Exception;)Ljava/lang/String; 0 0 1 0 -1
ciMethod com/sun/org/apache/xerces/internal/impl/XMLNSDocumentScannerImpl scanStartElement ()Z 514 1634 11691 0 -1
ciMethod com/sun/org/apache/xerces/internal/impl/XMLNSDocumentScannerImpl scanAttribute (Lcom/sun/org/apache/xerces/internal/util/XMLAttributesImpl;)V 796 0 3619 0 -1
ciMethod com/sun/org/apache/xerces/internal/impl/XMLDocumentFragmentScannerImpl seekCloseOfStartTag ()Z 790 0 14526 0 888
ciMethod com/sun/org/apache/xerces/internal/impl/XMLDocumentFragmentScannerImpl checkDepth (Ljava/lang/String;)V 516 0 11691 0 0
ciMethod com/sun/org/apache/xerces/internal/impl/XMLDocumentFragmentScannerImpl getString ()Lcom/sun/org/apache/xerces/internal/xni/XMLString; 796 0 3685 0 -1
ciMethod com/sun/org/apache/xerces/internal/impl/XMLScanner scanAttributeValue (Lcom/sun/org/apache/xerces/internal/xni/XMLString;Lcom/sun/org/apache/xerces/internal/xni/XMLString;Ljava/lang/String;Lcom/sun/org/apache/xerces/internal/xni/XMLAttributes;IZLjava/lang/String;Z)V 796 0 3685 0 -1
ciMethod com/sun/org/apache/xerces/internal/impl/XMLScanner isValidNameStartChar (I)Z 588 0 3708 0 0
ciMethod com/sun/org/apache/xerces/internal/impl/XMLScanner isValidNameStartHighSurrogate (I)Z 6 0 131 0 -1
ciMethod com/sun/org/apache/xerces/internal/impl/XMLScanner reportFatalError (Ljava/lang/String;[Ljava/lang/Object;)V 0 0 1 0 -1
ciMethod com/sun/org/apache/xerces/internal/xni/XMLString toString ()Ljava/lang/String; 514 0 3404 0 0
ciMethod com/sun/org/apache/xerces/internal/impl/XMLDocumentFragmentScannerImpl$ElementStack getNext ()Lcom/sun/org/apache/xerces/internal/xni/QName; 0 0 1 0 -1
ciMethod com/sun/org/apache/xerces/internal/impl/XMLDocumentFragmentScannerImpl$ElementStack push ()V 0 0 1 0 -1
ciMethod com/sun/org/apache/xerces/internal/impl/XMLDocumentFragmentScannerImpl$ElementStack matchElement (Lcom/sun/org/apache/xerces/internal/xni/QName;)Z 0 0 1 0 -1
ciMethod com/sun/org/apache/xerces/internal/impl/XMLDocumentFragmentScannerImpl$ElementStack nextElement ()Lcom/sun/org/apache/xerces/internal/xni/QName; 516 0 11691 0 0
ciMethod com/sun/org/apache/xerces/internal/impl/XMLDocumentFragmentScannerImpl$ElementStack popElement ()Lcom/sun/org/apache/xerces/internal/xni/QName; 516 0 11687 0 0
ciMethod com/sun/org/apache/xerces/internal/impl/XMLDocumentFragmentScannerImpl$ElementStack reposition ()V 0 0 1 0 -1
ciMethod com/sun/org/apache/xerces/internal/xni/QName <init> ()V 1024 0 3183 0 -1
ciMethod com/sun/org/apache/xerces/internal/xni/QName setValues (Lcom/sun/org/apache/xerces/internal/xni/QName;)V 852 0 11104 0 0
ciMethod com/sun/org/apache/xerces/internal/xni/QName setValues (Ljava/lang/String;Ljava/lang/String;Ljava/lang/String;Ljava/lang/String;)V 538 0 14750 0 -1
ciMethod com/sun/org/apache/xerces/internal/util/XMLAttributesIteratorImpl removeAllAttributes ()V 516 0 11691 0 0
ciMethod com/sun/org/apache/xerces/internal/xni/XMLAttributes removeAttributeAt (I)V 0 0 1 0 -1
ciMethod com/sun/org/apache/xerces/internal/xni/XMLAttributes getLength ()I 0 0 1 0 -1
ciMethod com/sun/org/apache/xerces/internal/xni/XMLAttributes setName (ILcom/sun/org/apache/xerces/internal/xni/QName;)V 0 0 1 0 -1
ciMethod com/sun/org/apache/xerces/internal/xni/XMLAttributes getName (ILcom/sun/org/apache/xerces/internal/xni/QName;)V 0 0 1 0 -1
ciMethod com/sun/org/apache/xerces/internal/xni/XMLAttributes getURI (I)Ljava/lang/String; 0 0 1 0 -1
ciMethod com/sun/org/apache/xerces/internal/xni/XMLAttributes getLocalName (I)Ljava/lang/String; 0 0 1 0 -1
ciMethod com/sun/org/apache/xerces/internal/xni/XMLAttributes getQName (I)Ljava/lang/String; 0 0 1 0 -1
ciMethod com/sun/org/apache/xerces/internal/xni/XMLAttributes getType (I)Ljava/lang/String; 0 0 1 0 -1
ciMethod com/sun/org/apache/xerces/internal/xni/XMLAttributes getValue (I)Ljava/lang/String; 0 0 1 0 -1
ciMethod com/sun/org/apache/xerces/internal/util/XMLAttributesImpl addAttribute (Lcom/sun/org/apache/xerces/internal/xni/QName;Ljava/lang/String;Ljava/lang/String;)I 0 0 1 0 -1
ciMethod com/sun/org/apache/xerces/internal/util/XMLAttributesImpl removeAllAttributes ()V 516 0 11859 0 0
ciMethod com/sun/org/apache/xerces/internal/util/XMLAttributesImpl removeAttributeAt (I)V 960 0 507 0 0
ciMethod com/sun/org/apache/xerces/internal/util/XMLAttributesImpl getName (ILcom/sun/org/apache/xerces/internal/xni/QName;)V 820 0 7238 0 0
ciMethod com/sun/org/apache/xerces/internal/util/XMLAttributesImpl setValue (ILjava/lang/String;Lcom/sun/org/apache/xerces/internal/xni/XMLString;)V 804 0 3685 0 -1
ciMethod com/sun/org/apache/xerces/internal/util/XMLAttributesImpl setSpecified (IZ)V 804 0 3685 0 -1
ciMethod com/sun/org/apache/xerces/internal/util/XMLAttributesImpl getLength ()I 260 0 130 0 0
ciMethod com/sun/org/apache/xerces/internal/util/XMLAttributesImpl getType (I)Ljava/lang/String; 776 0 3284 0 0
ciMethod com/sun/org/apache/xerces/internal/util/XMLAttributesImpl getValue (I)Ljava/lang/String; 108 0 3284 0 0
ciMethod com/sun/org/apache/xerces/internal/util/XMLAttributesImpl getLocalName (I)Ljava/lang/String; 768 0 3282 0 0
ciMethod com/sun/org/apache/xerces/internal/util/XMLAttributesImpl getQName (I)Ljava/lang/String; 776 0 3282 0 0
ciMethod com/sun/org/apache/xerces/internal/util/XMLAttributesImpl addAttributeNS (Lcom/sun/org/apache/xerces/internal/xni/QName;Ljava/lang/String;Ljava/lang/String;)V 804 456 3685 0 -1
ciMethod com/sun/org/apache/xerces/internal/util/XMLAttributesImpl checkDuplicatesNS ()Lcom/sun/org/apache/xerces/internal/xni/QName; 176 4840 248 0 0
ciMethod com/sun/org/apache/xerces/internal/util/XMLAttributesImpl checkManyDuplicatesNS ()Lcom/sun/org/apache/xerces/internal/xni/QName; 0 0 1 0 -1
ciMethod com/sun/org/apache/xerces/internal/util/XMLAttributesImpl getReportableType (Ljava/lang/String;)Ljava/lang/String; 776 0 3284 0 0
ciMethod com/sun/org/apache/xerces/internal/util/XMLAttributesImpl getURI (I)Ljava/lang/String; 512 0 3282 0 0
ciMethod com/sun/org/apache/xerces/internal/util/XMLAttributesImpl setURI (ILjava/lang/String;)V 608 0 962 0 -1
ciMethod com/sun/org/apache/xerces/internal/xni/NamespaceContext pushContext ()V 0 0 1 0 -1
ciMethod com/sun/org/apache/xerces/internal/xni/NamespaceContext declarePrefix (Ljava/lang/String;Ljava/lang/String;)Z 0 0 1 0 -1
ciMethod com/sun/org/apache/xerces/internal/xni/NamespaceContext getURI (Ljava/lang/String;)Ljava/lang/String; 0 0 1 0 -1
ciMethod com/sun/org/apache/xerces/internal/xni/NamespaceContext getDeclaredPrefixCount ()I 0 0 1 0 -1
ciMethod com/sun/org/apache/xerces/internal/xni/NamespaceContext getDeclaredPrefixAt (I)Ljava/lang/String; 0 0 1 0 -1
ciMethod com/sun/org/apache/xerces/internal/util/NamespaceSupport pushContext ()V 516 0 11832 0 0
ciMethod com/sun/org/apache/xerces/internal/util/NamespaceSupport getURI (Ljava/lang/String;)Ljava/lang/String; 768 8044 5751 0 456
ciMethod com/sun/org/apache/xerces/internal/util/NamespaceSupport getDeclaredPrefixCount ()I 796 0 23263 0 0
ciMethod com/sun/org/apache/xerces/internal/util/NamespaceSupport getDeclaredPrefixAt (I)Ljava/lang/String; 1024 0 1012 0 0
ciMethod com/sun/org/apache/xerces/internal/util/NamespaceSupport containsPrefixInCurrentContext (Ljava/lang/String;)Z 520 3114 507 0 -1
ciMethod com/sun/org/apache/xerces/internal/parsers/AbstractSAXParser$AttributesProxy setAttributes (Lcom/sun/org/apache/xerces/internal/xni/XMLAttributes;)V 272 0 136 0 0
ciMethod com/sun/org/apache/xerces/internal/parsers/AbstractSAXParser$AttributesProxy getLength ()I 1024 0 12404 0 0
ciMethod com/sun/org/apache/xerces/internal/parsers/AbstractSAXParser$AttributesProxy getQName (I)Ljava/lang/String; 774 0 3282 0 0
ciMethod com/sun/org/apache/xerces/internal/parsers/AbstractSAXParser$AttributesProxy getURI (I)Ljava/lang/String; 512 0 3282 0 0
ciMethod com/sun/org/apache/xerces/internal/parsers/AbstractSAXParser$AttributesProxy getLocalName (I)Ljava/lang/String; 768 0 3282 0 0
ciMethod com/sun/org/apache/xerces/internal/parsers/AbstractSAXParser$AttributesProxy getType (I)Ljava/lang/String; 776 0 3284 0 0
ciMethod com/sun/org/apache/xerces/internal/parsers/AbstractSAXParser$AttributesProxy getValue (I)Ljava/lang/String; 1024 0 3284 0 0
ciMethod com/sun/org/apache/xerces/internal/utils/XMLLimitAnalyzer addValue (Lcom/sun/org/apache/xerces/internal/utils/XMLSecurityManager$Limit;Ljava/lang/String;I)V 540 0 27567 0 0
ciMethod com/sun/org/apache/xerces/internal/utils/XMLLimitAnalyzer addValue (ILjava/lang/String;I)V 540 0 25422 0 416
ciMethod com/sun/org/apache/xerces/internal/utils/XMLLimitAnalyzer getValue (I)I 0 0 1 0 -1
ciMethod com/sun/org/apache/xerces/internal/utils/XMLLimitAnalyzer getTotalValue (Lcom/sun/org/apache/xerces/internal/utils/XMLSecurityManager$Limit;)I 0 0 1 0 -1
ciMethod com/sun/org/apache/xerces/internal/utils/XMLLimitAnalyzer getTotalValue (I)I 888 0 13180 0 0
ciMethod com/sun/org/apache/xerces/internal/util/XMLChar isSpace (I)Z 518 0 32908 0 -1
ciMethod com/sun/org/apache/xerces/internal/util/XMLChar isNameStart (I)Z 496 0 23519 0 0
ciMethod com/sun/org/apache/xerces/internal/util/XMLChar isName (I)Z 0 0 1 0 -1
ciMethod com/sun/org/apache/xerces/internal/util/XMLChar isNCNameStart (I)Z 302 0 991 0 -1
ciMethod org/xml/sax/helpers/AttributesImpl <init> (Lorg/xml/sax/Attributes;)V 796 0 12376 0 0
ciMethod org/xml/sax/helpers/AttributesImpl clear ()V 796 0 12399 0 0
ciMethod org/xml/sax/helpers/AttributesImpl setAttributes (Lorg/xml/sax/Attributes;)V 796 400 12390 0 0
ciMethodData com/sun/org/apache/xerces/internal/impl/XMLEntityScanner checkEntityLimit (Lcom/sun/org/apache/xerces/internal/impl/XMLScanner$NameType;Lcom/sun/xml/internal/stream/Entity$ScannedEntity;II)V 2 8106 orig 80 0 0 0 0 0 0 0 0 0 0 0 0 89 2 0 0 0 0 0 0 0 0 0 0 0 0 0 0 0 0 0 0 0 0 0 0 0 0 0 0 0 0 0 0 0 0 0 0 0 0 0 0 0 0 0 0 0 0 0 0 0 0 0 0 0 0 0 0 0 0 0 0 0 0 0 0 0 0 0 0 data 47 0x10007 0x0 0x40 0x1faa 0x80007 0x0 0x20 0x1faa 0x100007 0x0 0x58 0x0 0x1b0005 0x0 0x0 0x0 0x0 0x0 0x0 0x220007 0x0 0x40 0x0 0x290007 0x0 0x58 0x0 0x2e0005 0x0 0x0 0x0 0x0 0x0 0x0 0x0 0x0 0x0 0x0 0x0 0x0 0x9 0x5 0xffffffffffffffff 0x0 0xffffffffffffffff 0x0 0x0 oops 0 methods 0
ciMethodData com/sun/org/apache/xerces/internal/impl/XMLEntityScanner checkLimit (Lcom/sun/org/apache/xerces/internal/utils/XMLSecurityManager$Limit;Lcom/sun/xml/internal/stream/Entity$ScannedEntity;II)V 2 15718 orig 80 0 0 0 0 0 0 0 0 0 0 0 0 89 2 0 0 0 0 0 0 0 0 0 0 0 0 0 0 0 0 0 0 0 0 0 0 0 0 0 0 0 0 0 0 0 0 0 0 0 0 0 0 0 0 0 0 0 0 0 0 0 0 0 0 0 0 0 0 0 0 0 0 0 0 0 0 0 0 0 0 data 239 0xb0005 0x3d66 0x0 0x0 0x0 0x0 0x0 0x170005 0x3d66 0x0 0x0 0x0 0x0 0x0 0x1a0007 0x3d66 0x418 0x0 0x250005 0x0 0x0 0x0 0x0 0x0 0x0 0x2c0007 0x0 0x1a8 0x0 0x3a0005 0x0 0x0 0x0 0x0 0x0 0x0 0x3d0002 0x0 0x400004 0x0 0x0 0x0 0x0 0x0 0x0 0x480005 0x0 0x0 0x0 0x0 0x0 0x0 0x4b0002 0x0 0x4e0004 0x0 0x0 0x0 0x0 0x0 0x0 0x560005 0x0 0x0 0x0 0x0 0x0 0x0 0x590004 0x0 0x0 0x0 0x0 0x0 0x0 0x5a0003 0x0 0x1c0 0x670004 0x0 0x0 0x0 0x0 0x0 0x0 0x6f0005 0x0 0x0 0x0 0x0 0x0 0x0 0x720002 0x0 0x750004 0x0 0x0 0x0 0x0 0x0 0x0 0x7d0005 0x0 0x0 0x0 0x0 0x0 0x0 0x800002 0x0 0x830004 0x0 0x0 0x0 0x0 0x0 0x0 0x8b0005 0x0 0x0 0x0 0x0 0x0 0x0 0x8e0004 0x0 0x0 0x0 0x0 0x0 0x0 0x990005 0x0 0x0 0x0 0x0 0x0 0x0 0x9f0005 0x0 0x0 0x0 0x0 0x0 0x0 0xae0005 0x3d66 0x0 0x0 0x0 0x0 0x0 0xb10007 0x3d66 0x200 0x0 0xbc0005 0x0 0x0 0x0 0x0 0x0 0x0 0xd60005 0x0 0x0 0x0 0x0 0x0 0x0 0xd90002 0x0 0xdc0004 0x0 0x0 0x0 0x0 0x0 0x0 0xe60005 0x0 0x0 0x0 0x0 0x0 0x0 0xe90002 0x0 0xec0004 0x0 0x0 0x0 0x0 0x0 0x0 0xf60005 0x0 0x0 0x0 0x0 0x0 0x0 0xf90004 0x0 0x0 0x0 0x0 0x0 0x0 0xfb0005 0x0 0x0 0x0 0x0 0x0 0x0 0x0 0x0 0x0 0x0 0x0 0x0 0x0 0x0 0x0 0x0 0x0 0x0 0x0 0x0 0x0 0x0 0x9 0x5 0x0 0x0 0x0 0x0 0x0 oops 0 methods 0
ciMethodData com/sun/org/apache/xerces/internal/impl/XMLEntityScanner checkNodeCount (Lcom/sun/xml/internal/stream/Entity$ScannedEntity;)V 2 22136 orig 80 0 0 0 0 0 0 0 0 0 0 0 0 89 2 0 0 0 0 0 0 0 0 0 0 0 0 0 0 0 0 0 0 0 0 0 0 0 0 0 0 0 0 0 0 0 0 0 0 0 0 0 0 0 0 0 0 0 0 0 0 0 0 0 0 0 0 0 0 0 0 0 0 0 0 0 0 0 0 0 0 data 25 0x10007 0x0 0x78 0x5678 0x80007 0x5678 0x58 0x0 0x120005 0x0 0x0 0x0 0x0 0x0 0x0 0x0 0x0 0x0 0x0 0x0 0x0 0x9 0x2 0xffffffffffffffff 0xffffffffffffffff oops 0 methods 0
ciMethodData com/sun/org/apache/xerces/internal/impl/XMLEntityScanner load (IZZ)Z 2 1182 orig 80 0 0 0 0 0 0 0 0 0 0 0 0 89 2 0 0 0 0 0 0 0 0 0 0 0 0 0 0 0 0 0 0 0 0 0 0 0 0 0 0 0 0 0 0 0 0 0 0 0 0 0 0 0 0 0 0 0 0 0 0 0 0 0 0 0 0 0 0 0 0 0 0 0 0 0 0 0 0 0 0 data 84 0x10007 0x1a8 0x58 0x2f6 0x60005 0x0 0x0 0x2597ec54850 0x2f6 0x0 0x0 0x320007 0x178 0x40 0x326 0x390007 0x0 0x20 0x326 0x510005 0x0 0x0 0x2597f367370 0x49e 0x0 0x0 0x5c0007 0x2b 0x58 0x473 0x610007 0x0 0x108 0x473 0x800003 0x473 0xe8 0x970007 0x0 0xd0 0x2b 0x9e0005 0x0 0x0 0x2597ebea7c8 0x2b 0x0 0x0 0xa50007 0x0 0x20 0x2b 0xba0007 0x0 0x58 0x0 0xc10005 0x0 0x0 0x0 0x0 0x0 0x0 0x0 0x0 0x0 0x0 0x0 0x0 0x0 0x0 0x0 0x0 0x0 0x0 0x0 0x0 0x0 0x9 0x4 0x0 0x0 0x0 0x0 oops 3 7 com/sun/org/apache/xerces/internal/impl/XMLEntityScanner 22 com/sun/org/apache/xerces/internal/impl/io/UTF8Reader 44 com/sun/org/apache/xerces/internal/impl/XMLEntityManager methods 0
ciMethodData com/sun/org/apache/xerces/internal/impl/XMLEntityScanner peekChar ()I 2 18021 orig 80 0 0 0 0 0 0 0 0 0 0 0 0 89 2 0 0 0 0 0 0 0 0 0 0 0 0 0 0 0 0 0 0 0 0 0 0 0 0 0 0 0 0 0 0 0 0 0 0 0 0 0 0 0 0 0 0 0 0 0 0 0 0 0 0 0 0 0 0 0 0 0 0 0 0 0 0 0 0 0 0 data 31 0xe0007 0x45fa 0x58 0x6b 0x150005 0x6b 0x0 0x0 0x0 0x0 0x0 0x2d0007 0x0 0x58 0x4665 0x330007 0x0 0x38 0x4665 0x370003 0x4665 0x18 0x0 0x0 0x0 0x0 0x0 0x0 0x9 0x1 0xffffffffffffffff oops 0 methods 0
ciMethodData com/sun/org/apache/xerces/internal/utils/XMLSecurityManager isOverLimit (Lcom/sun/org/apache/xerces/internal/utils/XMLSecurityManager$Limit;Lcom/sun/org/apache/xerces/internal/utils/XMLLimitAnalyzer;)Z 2 42995 orig 80 0 0 0 0 0 0 0 0 0 0 0 0 89 2 0 0 0 0 0 0 0 0 0 0 0 0 0 0 0 0 0 0 0 0 0 0 0 0 0 0 0 0 0 0 0 0 0 0 0 0 0 0 0 0 0 0 0 0 0 0 0 0 0 0 0 0 0 0 0 0 0 0 0 0 0 0 0 0 0 0 data 25 0x20005 0xa7f3 0x0 0x0 0x0 0x0 0x0 0x60005 0xa7f3 0x0 0x0 0x0 0x0 0x0 0x0 0x0 0x0 0x0 0x0 0x0 0x9 0x3 0x0 0x0 0x0 oops 0 methods 0
ciMethodData com/sun/org/apache/xerces/internal/utils/XMLSecurityManager isOverLimit (ILcom/sun/org/apache/xerces/internal/utils/XMLLimitAnalyzer;)Z 2 15940 orig 80 0 0 0 0 0 0 0 0 0 0 0 0 89 2 0 0 0 0 0 0 0 0 0 0 0 0 0 0 0 0 0 0 0 0 0 0 0 0 0 0 0 0 0 0 0 0 0 0 0 0 0 0 0 0 0 0 0 0 0 0 0 0 0 0 0 0 0 0 0 0 0 0 0 0 0 0 0 0 0 0 data 109 0x60007 0x31f8 0x20 0xc4c 0xf0005 0x31f8 0x0 0x0 0x0 0x0 0x0 0x120007 0x0 0x1d8 0x31f8 0x190005 0x31f8 0x0 0x0 0x0 0x0 0x0 0x1c0007 0x0 0x180 0x31f8 0x230005 0x31f8 0x0 0x0 0x0 0x0 0x0 0x260007 0x18fc 0x128 0x18fc 0x2d0005 0x18fc 0x0 0x0 0x0 0x0 0x0 0x300007 0x0 0xd0 0x18fc 0x370005 0x18fc 0x0 0x0 0x0 0x0 0x0 0x3a0007 0x0 0x78 0x18fc 0x410005 0x18fc 0x0 0x0 0x0 0x0 0x0 0x440007 0x0 0x90 0x18fc 0x490005 0x31f8 0x0 0x0 0x0 0x0 0x0 0x520007 0x31f8 0x38 0x0 0x560003 0x0 0x18 0x5d0005 0x0 0x0 0x0 0x0 0x0 0x0 0x660007 0x0 0x38 0x0 0x6a0003 0x0 0x18 0x0 0x0 0x0 0x0 0x0 0x0 0x9 0x3 0x0 0x0 0x0 oops 0 methods 0
ciMethodData com/sun/org/apache/xerces/internal/utils/XMLLimitAnalyzer getTotalValue (I)I 2 12736 orig 80 0 0 0 0 0 0 0 0 0 0 0 0 89 2 0 0 0 0 0 0 0 0 0 0 0 0 0 0 0 0 0 0 0 0 0 0 0 0 0 0 0 0 0 0 0 0 0 0 0 0 0 0 0 0 0 0 0 0 0 0 0 0 0 0 0 0 0 0 0 0 0 0 0 0 0 0 0 0 0 0 data 8 0x0 0x0 0x0 0x0 0x9 0x2 0x0 0x0 oops 0 methods 0
ciMethodData com/sun/org/apache/xerces/internal/impl/XMLEntityScanner skipChar (ILcom/sun/org/apache/xerces/internal/impl/XMLScanner$NameType;)Z 2 18815 orig 80 0 0 0 0 0 0 0 0 0 0 0 0 89 2 0 0 0 0 0 0 0 0 0 0 0 0 0 0 0 0 0 0 0 0 0 0 0 0 0 0 0 0 0 0 0 0 0 0 0 0 0 0 0 0 0 0 0 0 0 0 0 0 0 0 0 0 0 0 0 0 0 0 0 0 0 0 0 0 0 0 data 47 0xe0007 0x4933 0x58 0x4c 0x150005 0x4c 0x0 0x0 0x0 0x0 0x0 0x360007 0x1508 0x90 0x3477 0x490007 0x3477 0x38 0x0 0x610003 0x0 0x18 0x870005 0x0 0x0 0x2597ec54850 0x3477 0x0 0x0 0x0 0x0 0x0 0x0 0x0 0x0 0x0 0x0 0x0 0x0 0x0 0x0 0x0 0x9 0x3 0x0 0x0 0x0 oops 1 25 com/sun/org/apache/xerces/internal/impl/XMLEntityScanner methods 0
ciMethodData com/sun/org/apache/xerces/internal/impl/XMLEntityScanner skipSpaces ()Z 2 29081 orig 80 0 0 0 0 0 0 0 0 0 0 0 0 89 2 0 0 0 0 0 0 0 0 0 0 0 0 0 0 0 0 0 0 0 0 0 0 0 0 0 0 0 0 0 0 0 0 0 0 0 0 0 0 0 0 0 0 0 0 0 0 0 0 0 0 0 0 0 0 0 0 0 0 0 0 0 0 0 0 0 0 data 143 0xe0007 0x70f6 0x58 0xa3 0x150005 0xa3 0x0 0x0 0x0 0x0 0x0 0x1d0007 0x7197 0x20 0x0 0x400002 0x7197 0x430007 0x64a7 0x2e0 0xcf0 0x4b0007 0x4b 0x60 0xca5 0x520007 0x0 0x1a0 0xca5 0x580007 0xca5 0x180 0x0 0x800007 0x29 0xe8 0x22 0x850005 0x0 0x0 0x2597ec54850 0x22 0x0 0x0 0x970005 0x22 0x0 0x0 0x0 0x0 0x0 0x9c0007 0x0 0x38 0x0 0xa70003 0x0 0x38 0xae0007 0x0 0x20 0x0 0xb60007 0x29 0x78 0x0 0xbd0007 0x0 0x58 0x0 0xd80007 0x0 0x38 0x0 0xe80003 0x0 0x18 0x10e0005 0x0 0x0 0x2597ec54850 0xcce 0x0 0x0 0x11d0007 0x0 0x20 0xcce 0x13b0007 0xcb0 0x78 0x1e 0x1420005 0x1e 0x0 0x0 0x0 0x0 0x0 0x14a0007 0x1e 0x20 0x0 0x1600002 0xcce 0x1630007 0x0 0xfffffffffffffd60 0xcce 0x0 0x0 0x0 0x0 0x0 0x0 0x0 0x0 0x0 0x0 0x0 0x0 0x0 0x0 0x0 0x0 0x0 0x0 0x0 0x0 0x0 0x0 0x0 0x0 0x0 0x0 0x0 0x0 0x0 0x0 0x0 0x9 0x1 0x0 oops 2 40 com/sun/org/apache/xerces/internal/impl/XMLEntityScanner 80 com/sun/org/apache/xerces/internal/impl/XMLEntityScanner methods 0
ciMethodData com/sun/org/apache/xerces/internal/utils/XMLLimitAnalyzer addValue (Lcom/sun/org/apache/xerces/internal/utils/XMLSecurityManager$Limit;Ljava/lang/String;I)V 2 27304 orig 80 0 0 0 0 0 0 0 0 0 0 0 0 89 2 0 0 0 0 0 0 0 0 0 0 0 0 0 0 0 0 0 0 0 0 0 0 0 0 0 0 0 0 0 0 0 0 0 0 0 0 0 0 0 0 0 0 0 0 0 0 0 0 0 0 0 0 0 0 0 0 0 0 0 0 0 0 0 0 0 0 data 26 0x20005 0x6aa8 0x0 0x0 0x0 0x0 0x0 0x70005 0x6aa8 0x0 0x0 0x0 0x0 0x0 0x0 0x0 0x0 0x0 0x0 0x0 0x9 0x4 0x0 0x0 0x0 0x0 oops 0 methods 0
ciMethodData com/sun/org/apache/xerces/internal/utils/XMLLimitAnalyzer addValue (ILjava/lang/String;I)V 2 25152 orig 80 0 0 0 0 0 0 0 0 0 0 0 0 89 2 0 0 0 0 0 0 0 0 0 0 0 0 0 0 0 0 0 0 0 0 0 0 0 0 0 0 0 0 0 0 0 0 0 0 0 0 0 0 0 0 0 0 0 0 0 0 0 0 0 0 0 0 0 0 0 0 0 0 0 0 0 0 0 0 0 0 data 205 0x40005 0x6240 0x0 0x0 0x0 0x0 0x0 0x70007 0x0 0x180 0x6240 0xe0005 0x6240 0x0 0x0 0x0 0x0 0x0 0x110007 0x0 0x128 0x6240 0x180005 0x6240 0x0 0x0 0x0 0x0 0x0 0x1b0007 0x0 0xd0 0x6240 0x220005 0x6240 0x0 0x0 0x0 0x0 0x0 0x250007 0x0 0x78 0x6240 0x2c0005 0x6240 0x0 0x0 0x0 0x0 0x0 0x2f0007 0x6240 0x20 0x0 0x410005 0x6240 0x0 0x0 0x0 0x0 0x0 0x440007 0x27b9 0x78 0x3a87 0x4b0005 0x3a87 0x0 0x0 0x0 0x0 0x0 0x4e0007 0x0 0x20 0x3a87 0x660007 0x0 0x80 0x0 0x6f0002 0x0 0x7b0004 0x0 0x0 0x0 0x0 0x0 0x0 0x7c0003 0x0 0x18 0x8d0005 0x0 0x0 0x0 0x0 0x0 0x0 0x920007 0x0 0x128 0x0 0x9a0005 0x0 0x0 0x0 0x0 0x0 0x0 0x9f0004 0x0 0x0 0x0 0x0 0x0 0x0 0xa20005 0x0 0x0 0x0 0x0 0x0 0x0 0xad0002 0x0 0xb00005 0x0 0x0 0x0 0x0 0x0 0x0 0xb60003 0x0 0x60 0xbd0002 0x0 0xc00005 0x0 0x0 0x0 0x0 0x0 0x0 0xce0007 0x0 0x58 0x0 0xdf0004 0x0 0x0 0x0 0x0 0x0 0x0 0xe40005 0x0 0x0 0x0 0x0 0x0 0x0 0xe70007 0x0 0x78 0x0 0xee0005 0x0 0x0 0x0 0x0 0x0 0x0 0xf10007 0x0 0x58 0x0 0xfb0005 0x0 0x0 0x0 0x0 0x0 0x0 0x0 0x0 0x0 0x0 0x0 0x0 0x0 0x0 0x0 0x0 0x0 0x0 0x0 0x9 0x4 0x0 0x0 0x0 0x0 oops 0 methods 0
ciMethodData java/lang/String <init> ([CIILjava/lang/Void;)V 2 8934 orig 80 0 0 0 0 0 0 0 0 0 0 0 0 89 2 0 0 0 0 0 0 0 0 0 0 0 0 0 0 0 0 0 0 0 0 0 0 0 0 0 0 0 0 0 0 0 0 0 0 0 0 0 0 0 0 0 0 0 0 0 0 0 0 0 0 0 0 0 0 0 0 0 0 0 0 0 0 0 0 0 0 data 31 0x10002 0x22e6 0x50007 0x22bf 0x20 0x26 0x1e0007 0x0 0x50 0x22bf 0x240002 0x22bf 0x2b0007 0x1 0x20 0x22c0 0x430002 0x1 0x0 0x0 0x0 0x0 0x0 0x0 0x9 0x5 0xc 0x0 0x0 0x0 0x0 oops 0 methods 0
ciMethodData java/util/logging/Logger isLoggable (Ljava/util/logging/Level;)Z 2 73095 orig 80 0 0 0 0 0 0 0 0 0 0 0 0 89 2 0 0 0 0 0 0 0 0 0 0 0 0 0 0 0 0 0 0 0 0 0 0 0 0 0 0 0 0 0 0 0 0 0 0 0 0 0 0 0 0 0 0 0 0 0 0 0 0 0 0 0 0 0 0 0 0 0 0 0 0 0 0 0 0 0 0 data 25 0x90005 0x11d87 0x0 0x0 0x0 0x0 0x0 0xd0007 0x11d87 0x40 0x0 0x140007 0x0 0x20 0x0 0x0 0x0 0x0 0x0 0x0 0x0 0x9 0x2 0x0 0x0 oops 0 methods 0
ciMethodData com/sun/org/apache/xerces/internal/impl/XMLEntityScanner scanChar (Lcom/sun/org/apache/xerces/internal/impl/XMLScanner$NameType;)I 2 17471 orig 80 0 0 0 0 0 0 0 0 0 0 0 0 89 2 0 0 0 0 0 0 0 0 0 0 0 0 0 0 0 0 0 0 0 0 0 0 0 0 0 0 0 0 0 0 0 0 0 0 0 0 0 0 0 0 0 0 0 0 0 0 0 0 0 0 0 0 0 0 0 0 0 0 0 0 0 0 0 0 0 0 data 96 0xe0007 0x443f 0x58 0x0 0x150005 0x0 0x0 0x0 0x0 0x0 0x0 0x3e0007 0x0 0x60 0x443f 0x440007 0x443f 0x150 0x0 0x4b0007 0x0 0x130 0x0 0x710007 0x0 0x90 0x0 0x760005 0x0 0x0 0x0 0x0 0x0 0x0 0x880005 0x0 0x0 0x0 0x0 0x0 0x0 0x940007 0x0 0x80 0x0 0x9b0007 0x0 0x60 0x0 0xac0007 0x0 0x40 0x0 0xc70007 0x0 0x20 0x0 0xeb0007 0xde 0x58 0x4361 0x1040005 0x0 0x0 0x2597ec54850 0x4361 0x0 0x0 0x0 0x0 0x0 0x0 0x0 0x0 0x0 0x0 0x0 0x0 0x0 0x0 0x0 0x0 0x0 0x0 0x0 0x0 0x0 0x0 0x0 0x0 0x0 0x0 0x9 0x2 0x0 0x0 oops 1 64 com/sun/org/apache/xerces/internal/impl/XMLEntityScanner methods 0
ciMethodData com/sun/org/apache/xerces/internal/util/XMLChar isNameStart (I)Z 2 23516 orig 80 0 0 0 0 0 0 0 0 0 0 0 0 89 2 0 0 0 0 0 0 0 0 0 0 0 0 0 0 0 0 0 0 0 0 0 0 0 0 0 0 0 0 0 0 0 0 0 0 0 0 0 0 0 0 0 0 0 0 0 0 0 0 0 0 0 0 0 0 0 0 0 0 0 0 0 0 0 0 0 0 data 18 0x30007 0x0 0x58 0x5bdc 0xd0007 0xb4 0x38 0x5b28 0x110003 0x5b28 0x18 0x0 0x0 0x0 0x0 0x9 0x1 0x0 oops 0 methods 0
ciMethodData com/sun/xml/bind/v2/runtime/Coordinator pushCoordinator ()V 2 35600 orig 80 0 0 0 0 0 0 0 0 0 0 0 0 89 2 0 0 0 0 0 0 0 0 0 0 0 0 0 0 0 0 0 0 0 0 0 0 0 0 0 0 0 0 0 0 0 0 0 0 0 0 0 0 0 0 0 0 0 0 0 0 0 0 0 0 0 0 0 0 0 0 0 0 0 0 0 0 0 0 0 0 data 30 0x40005 0x0 0x0 0x2597e6fe510 0x8b10 0x0 0x0 0x70104 0x0 0x0 0x0 0x0 0x0 0x0 0x110005 0x0 0x0 0x2597e6fe510 0x8b10 0x0 0x0 0x0 0x0 0x0 0x0 0x0 0x0 0x9 0x1 0x0 oops 2 3 java/lang/ThreadLocal 17 java/lang/ThreadLocal methods 0
ciMethodData com/sun/xml/bind/v2/runtime/Coordinator popCoordinator ()V 2 33639 orig 80 0 0 0 0 0 0 0 0 0 0 0 0 89 2 0 0 0 0 0 0 0 0 0 0 0 0 0 0 0 0 0 0 0 0 0 0 0 0 0 0 0 0 0 0 0 0 0 0 0 0 0 0 0 0 0 0 0 0 0 0 0 0 0 0 0 0 0 0 0 0 0 0 0 0 0 0 0 0 0 0 data 30 0x40007 0x8367 0x70 0x0 0xe0005 0x0 0x0 0x0 0x0 0x0 0x0 0x110003 0x0 0x50 0x170005 0x0 0x0 0x2597e6fe510 0x8367 0x0 0x0 0x0 0x0 0x0 0x0 0x0 0x0 0x9 0x1 0x4 oops 1 17 java/lang/ThreadLocal methods 0
ciMethodData com/sun/xml/bind/v2/runtime/unmarshaller/SAXConnector processText (Z)V 2 21719 orig 80 0 0 0 0 0 0 0 0 0 0 0 0 89 2 0 0 0 0 0 0 0 0 0 0 0 0 0 0 0 0 0 0 0 0 0 0 0 0 0 0 0 0 0 0 0 0 0 0 0 0 0 0 0 0 0 0 0 0 0 0 0 0 0 0 0 0 0 0 0 0 0 0 0 0 0 0 0 0 0 0 data 45 0x40005 0x0 0x0 0x2597edfab70 0x54d7 0x0 0x0 0x90007 0x1b 0xa8 0x54bc 0xd0007 0x2a6d 0x50 0x2a4f 0x140002 0x2a4f 0x170007 0x2a4f 0x58 0x0 0x220005 0x0 0x0 0x2597edfab70 0x2a6d 0x0 0x0 0x2c0005 0x54d7 0x0 0x0 0x0 0x0 0x0 0x0 0x0 0x0 0x0 0x0 0x0 0x9 0x2 0x0 0x0 oops 2 3 com/sun/xml/bind/v2/runtime/unmarshaller/UnmarshallingContext 24 com/sun/xml/bind/v2/runtime/unmarshaller/UnmarshallingContext methods 0
ciMethodData com/sun/xml/bind/v2/runtime/unmarshaller/UnmarshallingContext access$000 ()Ljava/util/logging/Logger; 2 24418 orig 80 0 0 0 0 0 0 0 0 0 0 0 0 89 2 0 0 0 0 0 0 0 0 0 0 0 0 0 0 0 0 0 0 0 0 0 0 0 0 0 0 0 0 0 0 0 0 0 0 0 0 0 0 0 0 0 0 0 0 0 0 0 0 0 0 0 0 0 0 0 0 0 0 0 0 0 0 0 0 0 0 data 4 0x0 0x0 0x9 0x0 oops 0 methods 0
ciMethodData com/sun/xml/bind/v2/runtime/unmarshaller/UnmarshallingContext access$102 (Lcom/sun/xml/bind/v2/runtime/unmarshaller/UnmarshallingContext;Lcom/sun/xml/bind/v2/runtime/unmarshaller/UnmarshallingContext$State;)Lcom/sun/xml/bind/v2/runtime/unmarshaller/UnmarshallingContext$State; 2 24420 orig 80 0 0 0 0 0 0 0 0 0 0 0 0 89 2 0 0 0 0 0 0 0 0 0 0 0 0 0 0 0 0 0 0 0 0 0 0 0 0 0 0 0 0 0 0 0 0 0 0 0 0 0 0 0 0 0 0 0 0 0 0 0 0 0 0 0 0 0 0 0 0 0 0 0 0 0 0 0 0 0 0 data 7 0x0 0x0 0x0 0x9 0x2 0x0 0x0 oops 0 methods 0
ciMethodData com/android/repository/impl/meta/SchemaModuleUtil$NamespaceFallbackFilter startPrefixMapping (Ljava/lang/String;Ljava/lang/String;)V 1 242 orig 80 0 0 0 0 0 0 0 0 0 0 0 0 89 2 0 0 0 0 0 0 0 0 0 0 0 0 0 0 0 0 0 0 0 0 0 0 0 0 0 0 0 0 0 0 0 0 0 0 0 0 0 0 0 0 0 0 0 0 0 0 0 0 0 0 0 0 0 0 0 0 0 0 0 0 0 0 0 0 0 0 data 133 0x10007 0x0 0x3c0 0xf2 0x70005 0xf2 0x0 0x0 0x0 0x0 0x0 0xe0007 0x0 0x368 0xf2 0x140005 0xf2 0x0 0x0 0x0 0x0 0x0 0x1b0005 0xf2 0x0 0x0 0x0 0x0 0x0 0x1e0002 0xf2 0x290005 0x0 0x0 0x2597eb87520 0xd6 0x0 0x0 0x2e0104 0x0 0x0 0x2597e0ee268 0xd3 0x0 0x0 0x350007 0x3 0x240 0xd3 0x3a0005 0x0 0x0 0x2597e0ee268 0xd3 0x0 0x0 0x3d0005 0x0 0x0 0x2597eb87520 0xd3 0x0 0x0 0x440007 0xd3 0x1b0 0x0 0x490005 0x0 0x0 0x0 0x0 0x0 0x0 0x4c0005 0x0 0x0 0x0 0x0 0x0 0x0 0x540007 0x0 0xe8 0x0 0x610005 0x0 0x0 0x0 0x0 0x0 0x0 0x640005 0x0 0x0 0x0 0x0 0x0 0x0 0x6b000a 0x0 0x1 0x25978950b88 0x700005 0x0 0x0 0x0 0x0 0x0 0x0 0x7c0005 0x0 0x0 0x0 0x0 0x0 0x0 0x850003 0xd6 0x18 0x8d0002 0xf2 0x0 0x0 0x0 0x0 0x0 0x0 0x9 0x3 0x0 0xffffffffffffffff 0xffffffffffffffff oops 5 34 java/util/HashMap 41 com/android/repository/api/SchemaModule 52 com/android/repository/api/SchemaModule 59 java/util/HashMap 102 java/lang/String methods 0
ciMethodData com/sun/xml/bind/v2/runtime/unmarshaller/UnmarshallingContext$State setLoader (Lcom/sun/xml/bind/v2/runtime/unmarshaller/Loader;)V 2 18054 orig 80 0 0 0 0 0 0 0 0 0 0 0 0 89 2 0 0 0 0 0 0 0 0 0 0 0 0 0 0 0 0 0 0 0 0 0 0 0 0 0 0 0 0 0 0 0 0 0 0 0 0 0 0 0 0 0 0 0 0 0 0 0 0 0 0 0 0 0 0 0 0 0 0 0 0 0 0 0 0 0 0 data 49 0x10004 0xffffffffffffd237 0x0 0x2597edb0f88 0x18bc 0x0 0x0 0x40007 0x2dc9 0x100 0x18bc 0x90004 0x0 0x0 0x2597edb0f88 0x18bc 0x0 0x0 0xc0005 0x18bc 0x0 0x0 0x0 0x0 0x0 0xf0005 0x18bc 0x0 0x0 0x0 0x0 0x0 0x120007 0x1447 0x38 0x475 0x160003 0x475 0x18 0x0 0x0 0x0 0x0 0x0 0x0 0x9 0x2 0xc 0x0 oops 2 3 com/sun/xml/bind/v2/runtime/unmarshaller/StructureLoader 14 com/sun/xml/bind/v2/runtime/unmarshaller/StructureLoader methods 0
ciMethodData com/sun/xml/bind/v2/runtime/unmarshaller/StructureLoader childElement (Lcom/sun/xml/bind/v2/runtime/unmarshaller/UnmarshallingContext$State;Lcom/sun/xml/bind/v2/runtime/unmarshaller/TagName;)V 2 12110 orig 80 0 0 0 0 0 0 0 0 0 0 0 0 89 2 0 0 0 0 0 0 0 0 0 0 0 0 0 0 0 0 0 0 0 0 0 0 0 0 0 0 0 0 0 0 0 0 0 0 0 0 0 0 0 0 0 0 0 0 0 0 0 0 0 0 0 0 0 0 0 0 0 0 0 0 0 0 0 0 0 0 data 182 0xc0005 0x2f4e 0x0 0x0 0x0 0x0 0x0 0xf0004 0x0 0x0 0x2597ef02ee8 0x2f4e 0x0 0x0 0x140007 0x2f4e 0x470 0x0 0x180005 0x0 0x0 0x0 0x0 0x0 0x0 0x1b0005 0x0 0x0 0x0 0x0 0x0 0x0 0x250007 0x0 0x70 0x0 0x2a0005 0x0 0x0 0x0 0x0 0x0 0x0 0x2d0003 0x0 0x38 0x320002 0x0 0x350002 0x0 0x380002 0x0 0x410007 0x0 0x2f0 0x0 0x480005 0x0 0x0 0x0 0x0 0x0 0x0 0x4b0007 0x0 0x298 0x0 0x500005 0x0 0x0 0x0 0x0 0x0 0x0 0x530007 0x0 0x240 0x0 0x5a0005 0x0 0x0 0x0 0x0 0x0 0x0 0x5d0005 0x0 0x0 0x0 0x0 0x0 0x0 0x690007 0x0 0x1b0 0x0 0x6e0005 0x0 0x0 0x0 0x0 0x0 0x0 0x730007 0x0 0x158 0x0 0x7a0007 0x0 0x138 0x0 0x7f0005 0x0 0x0 0x0 0x0 0x0 0x0 0x840004 0x0 0x0 0x0 0x0 0x0 0x0 0x8b0005 0x0 0x0 0x0 0x0 0x0 0x0 0x9a0005 0x0 0x0 0x0 0x0 0x0 0x0 0x9d0004 0x0 0x0 0x0 0x0 0x0 0x0 0xa20007 0x0 0x50 0x0 0xab0007 0x0 0x30 0x0 0xb10002 0x0 0xba0005 0x2f4e 0x0 0x0 0x0 0x0 0x0 0xc20005 0x2f4e 0x0 0x0 0x0 0x0 0x0 0x0 0x0 0x0 0x0 0x0 0x0 0x0 0x9 0x3 0x0 0x0 0x0 oops 1 10 com/sun/xml/bind/v2/runtime/unmarshaller/ChildLoader methods 0
ciMethodData com/sun/xml/bind/v2/runtime/unmarshaller/UnmarshallingContext getJAXBContext ()Lcom/sun/xml/bind/v2/runtime/JAXBContextImpl; 1 255 orig 80 0 0 0 0 0 0 0 0 0 0 0 0 89 2 0 0 0 0 0 0 0 0 0 0 0 0 0 0 0 0 0 0 0 0 0 0 0 0 0 0 0 0 0 0 0 0 0 0 0 0 0 0 0 0 0 0 0 0 0 0 0 0 0 0 0 0 0 0 0 0 0 0 0 0 0 0 0 0 0 0 data 7 0x0 0x0 0x0 0x0 0x9 0x1 0x0 oops 0 methods 0
ciMethodData com/sun/xml/bind/v2/runtime/unmarshaller/Loader reportUnexpectedChildElement (Lcom/sun/xml/bind/v2/runtime/unmarshaller/TagName;Z)V 1 0 orig 80 0 0 0 0 0 0 0 0 0 0 0 0 89 2 0 0 0 0 0 0 0 0 0 0 0 0 0 0 0 0 0 0 0 0 0 0 0 0 0 0 0 0 0 0 0 0 0 0 0 0 0 0 0 0 0 0 0 0 0 0 0 0 0 0 0 0 0 0 0 0 0 0 0 0 0 0 0 0 0 0 data 105 0x10007 0x0 0xe0 0x0 0x40002 0x0 0xc0005 0x0 0x0 0x0 0x0 0x0 0x0 0xf0007 0x0 0x78 0x0 0x130005 0x0 0x0 0x0 0x0 0x0 0x0 0x160007 0x0 0x20 0x0 0x220005 0x0 0x0 0x0 0x0 0x0 0x0 0x250007 0x0 0x78 0x0 0x300005 0x0 0x0 0x0 0x0 0x0 0x0 0x330007 0x0 0x80 0x0 0x3d0005 0x0 0x0 0x0 0x0 0x0 0x0 0x410002 0x0 0x440003 0x0 0x118 0x540004 0x0 0x0 0x0 0x0 0x0 0x0 0x5b0004 0x0 0x0 0x0 0x0 0x0 0x0 0x5f0002 0x0 0x620004 0x0 0x0 0x0 0x0 0x0 0x0 0x630005 0x0 0x0 0x0 0x0 0x0 0x0 0x670002 0x0 0x0 0x0 0x0 0x0 0x0 0x0 0x9 0x3 0xffffffffffffffff 0x0 0x0 oops 0 methods 0
ciMethodData com/android/repository/impl/meta/SchemaModuleUtil$NamespaceFallbackFilter startElement (Ljava/lang/String;Ljava/lang/String;Ljava/lang/String;Lorg/xml/sax/Attributes;)V 2 11987 orig 80 0 0 0 0 0 0 0 0 0 0 0 0 89 2 0 0 0 0 0 0 0 0 0 0 0 0 0 0 0 0 0 0 0 0 0 0 0 0 0 0 0 0 0 0 0 0 0 0 0 0 0 0 0 0 0 0 0 0 0 0 0 0 0 0 0 0 0 0 0 0 0 0 0 0 0 0 0 0 0 0 data 50 0x60002 0x2ed3 0xf0007 0x2ed3 0x108 0x0 0x130007 0x0 0xe8 0x0 0x1b0005 0x0 0x0 0x0 0x0 0x0 0x0 0x200007 0x0 0x90 0x0 0x280005 0x0 0x0 0x0 0x0 0x0 0x0 0x2d0004 0x0 0x0 0x0 0x0 0x0 0x0 0x370002 0x2ed3 0x0 0x0 0x0 0x0 0x0 0x0 0x9 0x5 0x0 0x0 0x0 0x0 0x0 oops 0 methods 0
ciMethodData com/sun/org/apache/xerces/internal/impl/XMLEntityScanner scanQName (Lcom/sun/org/apache/xerces/internal/xni/QName;Lcom/sun/org/apache/xerces/internal/impl/XMLScanner$NameType;)Z 2 16165 orig 80 1 0 0 0 0 0 0 0 0 0 0 0 89 2 0 0 0 0 0 0 0 0 0 0 0 0 0 0 0 0 0 0 0 0 0 0 0 0 0 1 0 0 0 0 0 0 0 0 0 0 0 0 0 0 0 0 0 0 0 0 0 0 0 0 0 0 0 0 0 0 0 0 0 0 0 0 0 0 0 0 data 261 0xe0007 0x3f24 0x58 0x0 0x150005 0x0 0x0 0x0 0x0 0x0 0x0 0x300002 0x3f24 0x330007 0x0 0x640 0x3f24 0x80000006004b0007 0x3f24 0x158 0x1 0x500005 0x0 0x0 0x2597ec54850 0x1 0x0 0x0 0x710005 0x1 0x0 0x0 0x0 0x0 0x0 0x740007 0x1 0xc8 0x0 0x910005 0x0 0x0 0x0 0x0 0x0 0x0 0x9a0005 0x0 0x0 0x0 0x0 0x0 0x0 0xa50005 0x0 0x0 0x0 0x0 0x0 0x0 0xc40007 0x0 0x38 0x1b2b1 0xcf0003 0x1b2b1 0x28 0xd40002 0x0 0xdb0007 0x1738c 0x38 0x3f25 0xde0003 0x3f25 0x1a8 0xe50007 0x17009 0x90 0x383 0xea0007 0x383 0x38 0x0 0xed0003 0x0 0x150 0x10a0005 0x0 0x0 0x2597ec54850 0x383 0x0 0x0 0x1170005 0x0 0x0 0x2597ec54850 0x1738c 0x0 0x0 0x11d0007 0x17380 0xb0 0xc 0x1220007 0xb 0x20 0x1 0x1360005 0xc 0x0 0x0 0x0 0x0 0x0 0x1390007 0xc 0x38 0x0 0x13c0003 0x0 0x30 0x13f0003 0x1738c 0xfffffffffffffe08 0x1600007 0x0 0x2b8 0x3f25 0x17a0005 0x0 0x0 0x2597e54ff48 0x3f25 0x0 0x0 0x1810007 0x3ba2 0x1b8 0x383 0x19a0005 0x0 0x0 0x2597ec54850 0x383 0x0 0x0 0x1ae0005 0x0 0x0 0x2597e54ff48 0x383 0x0 0x0 0x1cb0002 0x383 0x1ce0007 0x383 0x90 0x0 0x1e30004 0x0 0x0 0x0 0x0 0x0 0x0 0x1e50005 0x0 0x0 0x0 0x0 0x0 0x0 0x1f60005 0x0 0x0 0x2597ec54850 0x383 0x0 0x0 0x2090005 0x0 0x0 0x2597e54ff48 0x383 0x0 0x0 0x20e0003 0x383 0x50 0x2230005 0x0 0x0 0x2597ec54850 0x3ba2 0x0 0x0 0x22e0005 0x0 0x0 0x2597ec59e60 0x3f25 0x0 0x0 0x23d0005 0x0 0x0 0x2597ec54850 0x3f25 0x0 0x0 0x0 0x0 0x0 0x0 0x0 0x0 0x0 0x0 0x0 0x0 0x0 0x0 0x0 0x0 0x0 0x0 0x0 0x0 0x0 0x0 0x0 0x0 0x0 0x0 0x0 0x0 0x0 0x0 0x0 0x0 0x0 0x0 0x0 0x0 0x0 0x0 0x0 0x0 0x0 0x0 0x0 0x0 0x0 0x9 0x3 0x0 0x0 0x0 oops 11 24 com/sun/org/apache/xerces/internal/impl/XMLEntityScanner 90 com/sun/org/apache/xerces/internal/impl/XMLEntityScanner 97 com/sun/org/apache/xerces/internal/impl/XMLEntityScanner 133 com/sun/org/apache/xerces/internal/util/SymbolTable 144 com/sun/org/apache/xerces/internal/impl/XMLEntityScanner 151 com/sun/org/apache/xerces/internal/util/SymbolTable 178 com/sun/org/apache/xerces/internal/impl/XMLEntityScanner 185 com/sun/org/apache/xerces/internal/util/SymbolTable 195 com/sun/org/apache/xerces/internal/impl/XMLEntityScanner 202 com/sun/org/apache/xerces/internal/xni/QName 209 com/sun/org/apache/xerces/internal/impl/XMLEntityScanner methods 0
ciMethodData com/sun/org/apache/xerces/internal/util/XMLAttributesImpl getValue (I)Ljava/lang/String; 2 3230 orig 80 0 0 0 0 0 0 0 0 0 0 0 0 89 2 0 0 0 0 0 0 0 0 0 0 0 0 0 0 0 0 0 0 0 0 0 0 0 0 0 0 0 0 0 0 0 0 0 0 0 0 0 0 0 0 0 0 0 0 0 0 0 0 0 0 0 0 0 0 0 0 0 0 0 0 0 0 0 0 0 0 data 34 0x10007 0x0 0x40 0xc9e 0x90007 0xc9e 0x20 0x0 0x170007 0x0 0x78 0xc9e 0x230007 0x0 0x58 0xc9e 0x350005 0x0 0x0 0x2597e5089c8 0xc9e 0x0 0x0 0x0 0x0 0x0 0x0 0x0 0x0 0x0 0x9 0x2 0x0 0x0 oops 1 19 com/sun/org/apache/xerces/internal/xni/XMLString methods 0
ciMethodData com/sun/org/apache/xerces/internal/util/XMLAttributesImpl getName (ILcom/sun/org/apache/xerces/internal/xni/QName;)V 2 6994 orig 80 0 0 0 0 0 0 0 0 0 0 0 0 89 2 0 0 0 0 0 0 0 0 0 0 0 0 0 0 0 0 0 0 0 0 0 0 0 0 0 0 0 0 0 0 0 0 0 0 0 0 0 0 0 0 0 0 0 0 0 0 0 0 0 0 0 0 0 0 0 0 0 0 0 0 0 0 0 0 0 0 data 18 0xa0005 0x0 0x0 0x2597ec59e60 0x1b52 0x0 0x0 0x0 0x0 0x0 0x0 0x0 0x0 0x9 0x3 0x0 0x0 0x0 oops 1 3 com/sun/org/apache/xerces/internal/xni/QName methods 0
ciMethodData com/sun/org/apache/xerces/internal/impl/XMLDocumentFragmentScannerImpl seekCloseOfStartTag ()Z 2 14131 orig 80 0 0 0 0 0 0 0 0 0 0 0 0 89 2 0 0 0 0 0 0 0 0 0 0 0 0 0 0 0 0 0 0 0 0 0 0 0 0 0 0 0 0 0 0 0 0 0 0 0 0 0 0 0 0 0 0 0 0 0 0 0 0 0 0 0 0 0 0 0 0 0 0 0 0 0 0 0 0 0 0 data 117 0x40005 0x0 0x0 0x2597ec54850 0x3733 0x0 0x0 0xc0005 0x0 0x0 0x2597ec54850 0x3733 0x0 0x0 0x130007 0x109e 0x58 0x2695 0x1b0005 0x0 0x0 0x2597ec54850 0x2695 0x0 0x0 0x240007 0xc7c 0x120 0x422 0x2c0005 0x0 0x0 0x2597ec54850 0x422 0x0 0x0 0x390005 0x0 0x0 0x2597ec54850 0x422 0x0 0x0 0x3c0007 0x422 0x90 0x0 0x500004 0x0 0x0 0x0 0x0 0x0 0x0 0x510005 0x0 0x0 0x0 0x0 0x0 0x0 0x5d0005 0x0 0x0 0x2597ec530f0 0xc7c 0x0 0x0 0x600007 0x0 0x40 0xc7c 0x640007 0xc7c 0x108 0x0 0x690005 0x0 0x0 0x0 0x0 0x0 0x0 0x6c0007 0x0 0x40 0x0 0x700007 0x0 0x90 0x0 0x840004 0x0 0x0 0x0 0x0 0x0 0x0 0x850005 0x0 0x0 0x0 0x0 0x0 0x0 0x0 0x0 0x0 0x0 0x0 0x0 0x0 0x0 0x0 0x9 0x1 0x0 oops 6 3 com/sun/org/apache/xerces/internal/impl/XMLEntityScanner 10 com/sun/org/apache/xerces/internal/impl/XMLEntityScanner 21 com/sun/org/apache/xerces/internal/impl/XMLEntityScanner 32 com/sun/org/apache/xerces/internal/impl/XMLEntityScanner 39 com/sun/org/apache/xerces/internal/impl/XMLEntityScanner 64 com/sun/org/apache/xerces/internal/impl/XMLNSDocumentScannerImpl methods 0
ciMethodData com/sun/org/apache/xerces/internal/impl/XMLScanner isValidNameStartChar (I)Z 2 3418 orig 80 0 0 0 0 0 0 0 0 0 0 0 0 89 2 0 0 0 0 0 0 0 0 0 0 0 0 0 0 0 0 0 0 0 0 0 0 0 0 0 0 0 0 0 0 0 0 0 0 0 0 0 0 0 0 0 0 0 0 0 0 0 0 0 0 0 0 0 0 0 0 0 0 0 0 0 0 0 0 0 0 data 12 0x10002 0xd5a 0x0 0x0 0x0 0x0 0x0 0x0 0x9 0x2 0x0 0x0 oops 0 methods 0
ciMethodData java/lang/String rangeCheck ([CII)Ljava/lang/Void; 2 6607 orig 80 0 0 0 0 0 0 0 0 0 0 0 0 89 2 0 0 0 0 0 0 0 0 0 0 0 0 0 0 0 0 0 0 0 0 0 0 0 0 0 0 0 0 0 0 0 0 0 0 0 0 0 0 0 0 0 0 0 0 0 0 0 0 0 0 0 0 0 0 0 0 0 0 0 0 0 0 0 0 0 0 data 13 0x40002 0x19cf 0x0 0x0 0x0 0x0 0x0 0x0 0x9 0x3 0x0 0x0 0x0 oops 0 methods 0
ciMethodData com/sun/org/apache/xerces/internal/util/NamespaceSupport getDeclaredPrefixCount ()I 2 22872 orig 80 0 0 0 0 0 0 0 0 0 0 0 0 89 2 0 0 0 0 0 0 0 0 0 0 0 0 0 0 0 0 0 0 0 0 0 0 0 0 0 0 0 0 0 0 0 0 0 0 0 0 0 0 0 0 0 0 0 0 0 0 0 0 0 0 0 0 0 0 0 0 0 0 0 0 0 0 0 0 0 0 data 7 0x0 0x0 0x0 0x0 0x9 0x1 0x0 oops 0 methods 0
ciMethodData com/sun/org/apache/xerces/internal/util/NamespaceSupport getDeclaredPrefixAt (I)Ljava/lang/String; 1 508 orig 80 0 0 0 0 0 0 0 0 0 0 0 0 0 0 0 0 0 0 0 0 0 0 0 0 0 0 0 0 0 0 0 0 0 0 0 0 0 0 0 0 0 0 0 0 0 0 0 0 0 0 0 0 0 0 0 0 0 0 0 0 0 0 0 0 0 0 0 0 0 0 0 0 0 0 0 0 0 0 0 0 data 8 0x0 0x0 0x0 0x0 0x9 0x2 0x0 0x0 oops 0 methods 0
ciMethodData com/sun/org/apache/xerces/internal/impl/XMLNSDocumentScannerImpl scanAttribute (Lcom/sun/org/apache/xerces/internal/util/XMLAttributesImpl;)V 2 3569 orig 80 0 0 0 0 0 0 0 0 0 0 0 0 89 2 0 0 0 0 0 0 0 0 0 0 0 0 0 0 0 0 0 0 0 0 0 0 0 0 0 0 0 0 0 0 0 0 0 0 0 0 0 0 0 0 0 0 0 0 0 0 0 0 0 0 0 0 0 0 0 0 0 0 0 0 0 0 0 0 0 0 data 541 0xb0005 0x0 0x0 0x2597ec54850 0xdf1 0x0 0x0 0x130005 0x0 0x0 0x2597ec54850 0xdf1 0x0 0x0 0x200005 0x0 0x0 0x2597ec54850 0xdf1 0x0 0x0 0x230007 0xdf1 0xc8 0x0 0x370004 0x0 0x0 0x0 0x0 0x0 0x0 0x410004 0x0 0x0 0x0 0x0 0x0 0x0 0x420005 0x0 0x0 0x0 0x0 0x0 0x0 0x490005 0x0 0x0 0x2597ec54850 0xdf1 0x0 0x0 0x530007 0xdf1 0x58 0x0 0x5a0007 0x0 0x38 0x0 0x5e0003 0x0 0x18 0x640005 0x0 0x0 0x2597ec530f0 0xdf1 0x0 0x0 0x790007 0xb22 0x38 0x2cf 0x830003 0x2cf 0x18 0x940007 0xe3 0x60 0xd0e 0x9c0007 0x1ec 0x58 0xb22 0xa40007 0xb22 0x38 0x0 0xa80003 0xe3 0x18 0xc90005 0x0 0x0 0x2597ec530f0 0xdf1 0x0 0x0 0xd30007 0x0 0x8e0 0xdf1 0xd80007 0xd0e 0x8c0 0xe3 0xdf0007 0x0 0x1c0 0xe3 0xeb0007 0xe3 0x1a0 0x0 0x1100002 0x0 0x1130004 0x0 0x0 0x0 0x0 0x0 0x0 0x11b0002 0x0 0x11e0004 0x0 0x0 0x0 0x0 0x0 0x0 0x1250002 0x0 0x1280004 0x0 0x0 0x0 0x0 0x0 0x0 0x1320005 0x0 0x0 0x0 0x0 0x0 0x0 0x1350004 0x0 0x0 0x0 0x0 0x0 0x0 0x1370005 0x0 0x0 0x0 0x0 0x0 0x0 0x14e0005 0x0 0x0 0x2597e54ff48 0xe3 0x0 0x0 0x15c0007 0x0 0xb0 0xe3 0x1640007 0xe3 0x90 0x0 0x17a0004 0x0 0x0 0x0 0x0 0x0 0x0 0x17c0005 0x0 0x0 0x0 0x0 0x0 0x0 0x1850007 0xe3 0x90 0x0 0x19b0004 0x0 0x0 0x0 0x0 0x0 0x0 0x19d0005 0x0 0x0 0x0 0x0 0x0 0x0 0x1a60007 0xe3 0xc8 0x0 0x1ae0007 0x0 0x138 0x0 0x1c40004 0x0 0x0 0x0 0x0 0x0 0x0 0x1c60005 0x0 0x0 0x0 0x0 0x0 0x0 0x1ca0003 0x0 0xa8 0x1d20007 0xe3 0x90 0x0 0x1e80004 0x0 0x0 0x0 0x0 0x0 0x0 0x1ea0005 0x0 0x0 0x0 0x0 0x0 0x0 0x1f30007 0x0 0x38 0xe3 0x1f80003 0xe3 0x18 0x2050007 0xe3 0x40 0x0 0x20d0007 0x0 0x20 0x0 0x21f0007 0xe3 0xb0 0x0 0x2270007 0x0 0x90 0x0 0x23d0004 0x0 0x0 0x0 0x0 0x0 0x0 0x23f0005 0x0 0x0 0x0 0x0 0x0 0x0 0x2470004 0x0 0x0 0x2597ec54900 0xe3 0x0 0x0 0x24c0005 0x0 0x0 0x2597ec54900 0xe3 0x0 0x0 0x24f0007 0xe3 0xc8 0x0 0x2630004 0x0 0x0 0x0 0x0 0x0 0x0 0x26d0004 0x0 0x0 0x0 0x0 0x0 0x0 0x26e0005 0x0 0x0 0x0 0x0 0x0 0x0 0x2790005 0xe3 0x0 0x0 0x0 0x0 0x0 0x27c0007 0x0 0x38 0xe3 0x2810003 0xe3 0x18 0x2850005 0x0 0x0 0x2597ec54900 0xe3 0x0 0x0 0x28e0007 0xe3 0xe8 0x0 0x2950007 0x0 0xc8 0x0 0x2a90004 0x0 0x0 0x0 0x0 0x0 0x0 0x2b30004 0x0 0x0 0x0 0x0 0x0 0x0 0x2b40005 0x0 0x0 0x0 0x0 0x0 0x0 0x2c00007 0xe3 0x20 0x0 0x2c80007 0x0 0xa8 0xdf1 0x2cc0005 0x0 0x0 0x2597ec549b0 0xdf1 0x0 0x0 0x2d90005 0x0 0x0 0x2597ec549b0 0xdf1 0x0 0x0 0x2dc0003 0xdf1 0x188 0x2e00005 0x0 0x0 0x0 0x0 0x0 0x0 0x2ee0005 0x0 0x0 0x0 0x0 0x0 0x0 0x2f50005 0x0 0x0 0x0 0x0 0x0 0x0 0x2f80007 0x0 0xc8 0x0 0x30c0004 0x0 0x0 0x0 0x0 0x0 0x0 0x3160004 0x0 0x0 0x0 0x0 0x0 0x0 0x3170005 0x0 0x0 0x0 0x0 0x0 0x0 0x3200005 0x0 0x0 0x2597ec549b0 0xdf1 0x0 0x0 0x3260005 0x0 0x0 0x2597ec549b0 0xdf1 0x0 0x0 0x3300007 0xb22 0x90 0x2cf 0x3400005 0x0 0x0 0x2597ec54900 0x2cf 0x0 0x0 0x3450005 0x0 0x0 0x2597ec549b0 0x2cf 0x0 0x0 0x0 0x0 0x0 0x0 0x0 0x0 0x0 0x0 0x0 0x0 0x0 0x0 0x0 0x0 0x0 0x0 0x0 0x0 0x0 0x0 0x0 0x0 0x0 0x0 0x0 0x0 0x0 0x0 0x0 0x0 0x0 0x0 0x0 0x0 0x0 0x0 0x0 0x0 0x0 0x0 0x0 0x0 0x0 0x0 0x0 0x0 0x0 0x0 0x0 0x0 0x0 0x0 0x0 0x0 0x9 0x2 0x0 0x0 oops 16 3 com/sun/org/apache/xerces/internal/impl/XMLEntityScanner 10 com/sun/org/apache/xerces/internal/impl/XMLEntityScanner 17 com/sun/org/apache/xerces/internal/impl/XMLEntityScanner 49 com/sun/org/apache/xerces/internal/impl/XMLEntityScanner 67 com/sun/org/apache/xerces/internal/impl/XMLNSDocumentScannerImpl 96 com/sun/org/apache/xerces/internal/impl/XMLNSDocumentScannerImpl 167 com/sun/org/apache/xerces/internal/util/SymbolTable 294 com/sun/org/apache/xerces/internal/util/NamespaceSupport 301 com/sun/org/apache/xerces/internal/util/NamespaceSupport 347 com/sun/org/apache/xerces/internal/util/NamespaceSupport 391 com/sun/org/apache/xerces/internal/util/XMLAttributesIteratorImpl 398 com/sun/org/apache/xerces/internal/util/XMLAttributesIteratorImpl 454 com/sun/org/apache/xerces/internal/util/XMLAttributesIteratorImpl 461 com/sun/org/apache/xerces/internal/util/XMLAttributesIteratorImpl 472 com/sun/org/apache/xerces/internal/util/NamespaceSupport 479 com/sun/org/apache/xerces/internal/util/XMLAttributesIteratorImpl methods 0
ciMethodData com/sun/org/apache/xerces/internal/impl/XMLNSDocumentScannerImpl scanStartElement ()Z 2 11434 orig 80 0 0 0 0 0 0 0 0 0 0 0 0 89 2 0 0 0 0 0 0 0 0 0 0 0 0 0 0 0 0 0 0 0 0 0 0 0 0 0 0 0 0 0 0 0 0 0 0 0 0 0 0 0 0 0 0 0 0 0 0 0 0 0 0 0 0 0 0 0 0 0 0 0 0 0 0 0 0 0 0 data 643 0x40007 0x2caa 0x158 0x0 0xb0007 0x0 0x138 0x0 0x120005 0x0 0x0 0x0 0x0 0x0 0x0 0x1f0005 0x0 0x0 0x0 0x0 0x0 0x0 0x290007 0x0 0x70 0x0 0x300005 0x0 0x0 0x0 0x0 0x0 0x0 0x380003 0x0 0x50 0x3f0005 0x0 0x0 0x0 0x0 0x0 0x0 0x460007 0x2caa 0x40 0x0 0x4d0007 0x0 0x138 0x0 0x550005 0x0 0x0 0x2597ec547a0 0x2caa 0x0 0x0 0x5f0007 0x0 0x70 0x2caa 0x6d0005 0x0 0x0 0x2597ec54850 0x2caa 0x0 0x0 0x710003 0x2caa 0x88 0x7b0005 0x0 0x0 0x0 0x0 0x0 0x0 0x870005 0x0 0x0 0x0 0x0 0x0 0x0 0x8e0007 0x2caa 0x58 0x0 0x990005 0x0 0x0 0x0 0x0 0x0 0x0 0xaf0005 0x0 0x0 0x2597ec530f0 0x2caa 0x0 0x0 0xb60007 0x0 0x228 0x2caa 0xbd0005 0x0 0x0 0x2597ec54900 0x2caa 0x0 0x0 0xc80007 0x2c95 0x1d0 0x15 0xcf0007 0x15 0x1b0 0x0 0xe10004 0x0 0x0 0x0 0x0 0x0 0x0 0xe30005 0x0 0x0 0x0 0x0 0x0 0x0 0xeb0007 0x0 0x78 0x0 0xf30005 0x0 0x0 0x0 0x0 0x0 0x0 0xf60007 0x0 0xc8 0x0 0x10b0004 0x0 0x0 0x0 0x0 0x0 0x0 0x10f0004 0x0 0x0 0x0 0x0 0x0 0x0 0x1110005 0x0 0x0 0x0 0x0 0x0 0x0 0x11e0005 0x0 0x0 0x2597ec549b0 0x2caa 0x0 0x0 0x1220005 0x0 0x0 0x2597ec530f0 0x2caa 0x0 0x0 0x1250007 0x2175 0x238 0xb35 0x1460005 0x0 0x0 0x2597ec530f0 0xc52 0x0 0x0 0x14d0007 0x0 0x188 0xc52 0x1580005 0xc52 0x0 0x0 0x0 0x0 0x0 0x15b0007 0x0 0x130 0xc52 0x1620005 0x0 0x0 0x2597ec549b0 0xc52 0x0 0x0 0x1690007 0xc52 0xd8 0x0 0x17b0004 0x0 0x0 0x0 0x0 0x0 0x0 0x1820002 0x0 0x1850004 0x0 0x0 0x0 0x0 0x0 0x0 0x1870005 0x0 0x0 0x0 0x0 0x0 0x0 0x18c0005 0x0 0x0 0x2597ec530f0 0xc52 0x0 0x0 0x18f0007 0x11d 0xfffffffffffffe08 0xb35 0x19b0007 0x0 0x748 0x2caa 0x1a80007 0x2caa 0x90 0x0 0x1c00004 0x0 0x0 0x0 0x0 0x0 0x0 0x1c20005 0x0 0x0 0x0 0x0 0x0 0x0 0x1cd0007 0x2c95 0x38 0x15 0x1d70003 0x15 0x18 0x1e70005 0x0 0x0 0x2597ec54900 0x2caa 0x0 0x0 0x2040007 0x15 0x40 0x2c95 0x20e0007 0x2c95 0x20 0x0 0x2220007 0x2c95 0xe8 0x15 0x22c0007 0x15 0xc8 0x0 0x2450004 0x0 0x0 0x0 0x0 0x0 0x0 0x24f0004 0x0 0x0 0x0 0x0 0x0 0x0 0x2510005 0x0 0x0 0x0 0x0 0x0 0x0 0x2590005 0x0 0x0 0x2597ec549b0 0x2caa 0x0 0x0 0x2630007 0x2caa 0x290 0xc52 0x2700005 0x0 0x0 0x2597ec549b0 0xc52 0x0 0x0 0x27a0007 0x9f0 0x38 0x262 0x2840003 0x262 0x18 0x2920005 0x0 0x0 0x2597ec54900 0xc52 0x0 0x0 0x2a00007 0x9f0 0x58 0x262 0x2ac0007 0x0 0x38 0x262 0x2af0003 0x262 0x170 0x2b70007 0x9f0 0x158 0x0 0x2c50007 0x0 0x100 0x0 0x2de0004 0x0 0x0 0x0 0x0 0x0 0x0 0x2e80004 0x0 0x0 0x0 0x0 0x0 0x0 0x2ed0004 0x0 0x0 0x0 0x0 0x0 0x0 0x2ef0005 0x0 0x0 0x0 0x0 0x0 0x0 0x2fb0005 0x0 0x0 0x0 0x0 0x0 0x0 0x3010003 0xc52 0xfffffffffffffd88 0x3060007 0x2c0a 0x238 0xa0 0x30d0005 0x0 0x0 0x2597ec549b0 0xa0 0x0 0x0 0x3140007 0xa0 0x1e0 0x0 0x31c0007 0x0 0x118 0x0 0x3350004 0x0 0x0 0x0 0x0 0x0 0x0 0x33d0004 0x0 0x0 0x0 0x0 0x0 0x0 0x3450004 0x0 0x0 0x0 0x0 0x0 0x0 0x3470005 0x0 0x0 0x0 0x0 0x0 0x0 0x34b0003 0x0 0xc0 0x3640004 0x0 0x0 0x0 0x0 0x0 0x0 0x36c0004 0x0 0x0 0x0 0x0 0x0 0x0 0x36e0005 0x0 0x0 0x0 0x0 0x0 0x0 0x3760007 0x2860 0x158 0x44a 0x3920007 0x44a 0x90 0x0 0x3a60004 0x0 0x0 0x0 0x0 0x0 0x0 0x3a70005 0x0 0x0 0x0 0x0 0x0 0x0 0x3ae0007 0x0 0x58 0x44a 0x3be0005 0x0 0x0 0x2597ec54a60 0x44a 0x0 0x0 0x3cc0005 0x0 0x0 0x2597ec547a0 0x44a 0x0 0x0 0x3d00003 0x44a 0xc8 0x3d70007 0x2860 0x58 0x0 0x3e60005 0x0 0x0 0x0 0x0 0x0 0x0 0x3ed0007 0x0 0x58 0x2860 0x3fd0005 0x0 0x0 0x2597ec54a60 0x2860 0x0 0x0 0x0 0x0 0x0 0x0 0x0 0x0 0x0 0x0 0x0 0x0 0x0 0x0 0x0 0x0 0x0 0x0 0x0 0x0 0x0 0x0 0x0 0x0 0x0 0x0 0x0 0x0 0x0 0x0 0x0 0x0 0x0 0x0 0x0 0x0 0x0 0x0 0x0 0x0 0x0 0x0 0x0 0x0 0x0 0x0 0x0 0x0 0x0 0x0 0x0 0x0 0x0 0x0 0x0 0x0 0x0 0x0 0x0 0x0 0x0 0x0 0x0 0x0 0x0 0x0 0x0 0x0 0x0 0x0 0x0 0x0 0x0 0x0 0x0 0x0 0x0 0x0 0x0 0x0 0x0 0x0 0x0 0x0 0x0 0x0 0x9 0x1 0x0 oops 17 54 com/sun/org/apache/xerces/internal/impl/XMLDocumentFragmentScannerImpl$ElementStack 65 com/sun/org/apache/xerces/internal/impl/XMLEntityScanner 100 com/sun/org/apache/xerces/internal/impl/XMLNSDocumentScannerImpl 111 com/sun/org/apache/xerces/internal/util/NamespaceSupport 176 com/sun/org/apache/xerces/internal/util/XMLAttributesIteratorImpl 183 com/sun/org/apache/xerces/internal/impl/XMLNSDocumentScannerImpl 194 com/sun/org/apache/xerces/internal/impl/XMLNSDocumentScannerImpl 216 com/sun/org/apache/xerces/internal/util/XMLAttributesIteratorImpl 250 com/sun/org/apache/xerces/internal/impl/XMLNSDocumentScannerImpl 290 com/sun/org/apache/xerces/internal/util/NamespaceSupport 334 com/sun/org/apache/xerces/internal/util/XMLAttributesIteratorImpl 345 com/sun/org/apache/xerces/internal/util/XMLAttributesIteratorImpl 359 com/sun/org/apache/xerces/internal/util/NamespaceSupport 427 com/sun/org/apache/xerces/internal/util/XMLAttributesIteratorImpl 520 com/sun/org/apache/xerces/internal/jaxp/SAXParserImpl$JAXPSAXParser 527 com/sun/org/apache/xerces/internal/impl/XMLDocumentFragmentScannerImpl$ElementStack 552 com/sun/org/apache/xerces/internal/jaxp/SAXParserImpl$JAXPSAXParser methods 0
ciMethodData com/sun/org/apache/xerces/internal/impl/XMLDocumentFragmentScannerImpl$ElementStack nextElement ()Lcom/sun/org/apache/xerces/internal/xni/QName; 2 11458 orig 80 0 0 0 0 0 0 0 0 0 0 0 0 89 2 0 0 0 0 0 0 0 0 0 0 0 0 0 0 0 0 0 0 0 0 0 0 0 0 0 0 0 0 0 0 0 0 0 0 0 0 0 0 0 0 0 0 0 0 0 0 0 0 0 0 0 0 0 0 0 0 0 0 0 0 0 0 0 0 0 0 data 41 0x70007 0x2cc2 0x20 0x0 0x2e0007 0x2cc2 0xb0 0x0 0x470002 0x0 0x5a0007 0x0 0x80 0x0 0x660002 0x0 0x690004 0x0 0x0 0x0 0x0 0x0 0x0 0x6d0003 0x0 0xffffffffffffff98 0x0 0x0 0x0 0x0 0x0 0x0 0x0 0x0 0x0 0x0 0x0 0x0 0x9 0x1 0x0 oops 0 methods 0
ciMethodData com/sun/org/apache/xerces/internal/impl/XMLDocumentFragmentScannerImpl checkDepth (Ljava/lang/String;)V 2 11519 orig 80 0 0 0 0 0 0 0 0 0 0 0 0 89 2 0 0 0 0 0 0 0 0 0 0 0 0 0 0 0 0 0 0 0 0 0 0 0 0 0 0 0 0 0 0 0 0 0 0 0 0 0 0 0 0 0 0 0 0 0 0 0 0 0 0 0 0 0 0 0 0 0 0 0 0 0 0 0 0 0 0 data 89 0xf0005 0x2cff 0x0 0x0 0x0 0x0 0x0 0x1d0005 0x2cff 0x0 0x0 0x0 0x0 0x0 0x200007 0x2cff 0x200 0x0 0x2b0005 0x0 0x0 0x0 0x0 0x0 0x0 0x390004 0x0 0x0 0x0 0x0 0x0 0x0 0x430005 0x0 0x0 0x0 0x0 0x0 0x0 0x460002 0x0 0x490004 0x0 0x0 0x0 0x0 0x0 0x0 0x530005 0x0 0x0 0x0 0x0 0x0 0x0 0x560002 0x0 0x590004 0x0 0x0 0x0 0x0 0x0 0x0 0x5f0004 0x0 0x0 0x0 0x0 0x0 0x0 0x600005 0x0 0x0 0x0 0x0 0x0 0x0 0x0 0x0 0x0 0x0 0x0 0x0 0x0 0x9 0x2 0x0 0x0 oops 0 methods 0
ciMethodData com/sun/org/apache/xerces/internal/util/NamespaceSupport pushContext ()V 2 11577 orig 80 0 0 0 0 0 0 0 0 0 0 0 0 89 2 0 0 0 0 0 0 0 0 0 0 0 0 0 0 0 0 0 0 0 0 0 0 0 0 0 0 0 0 0 0 0 0 0 0 0 0 0 0 0 0 0 0 0 0 0 0 0 0 0 0 0 0 0 0 0 0 0 0 0 0 0 0 0 0 0 0 data 16 0xb0007 0x2d39 0x30 0x0 0x240002 0x0 0x0 0x0 0x0 0x0 0x0 0x0 0x0 0x9 0x1 0x0 oops 0 methods 0
ciMethodData com/sun/org/apache/xerces/internal/util/XMLAttributesIteratorImpl removeAllAttributes ()V 2 11601 orig 80 0 0 0 0 0 0 0 0 0 0 0 0 89 2 0 0 0 0 0 0 0 0 0 0 0 0 0 0 0 0 0 0 0 0 0 0 0 0 0 0 0 0 0 0 0 0 0 0 0 0 0 0 0 0 0 0 0 0 0 0 0 0 0 0 0 0 0 0 0 0 0 0 0 0 0 0 0 0 0 0 data 9 0x10002 0x2d51 0x0 0x0 0x0 0x0 0x9 0x1 0x0 oops 0 methods 0
ciMethodData com/sun/org/apache/xerces/internal/util/XMLAttributesImpl removeAllAttributes ()V 2 11601 orig 80 0 0 0 0 0 0 0 0 0 0 0 0 89 2 0 0 0 0 0 0 0 0 0 0 0 0 0 0 0 0 0 0 0 0 0 0 0 0 0 0 0 0 0 0 0 0 0 0 0 0 0 0 0 0 0 0 0 0 0 0 0 0 0 0 0 0 0 0 0 0 0 0 0 0 0 0 0 0 0 0 data 6 0x0 0x0 0x0 0x9 0x1 0x0 oops 0 methods 0
ciMethodData com/sun/org/apache/xerces/internal/utils/XMLSecurityManager isNoLimit (I)Z 2 3224 orig 80 0 0 0 0 0 0 0 0 0 0 0 0 89 2 0 0 0 0 0 0 0 0 0 0 0 0 0 0 0 0 0 0 0 0 0 0 0 0 0 0 0 0 0 0 0 0 0 0 0 0 0 0 0 0 0 0 0 0 0 0 0 0 0 0 0 0 0 0 0 0 0 0 0 0 0 0 0 0 0 0 data 12 0x10007 0xc98 0x38 0x0 0x50003 0x0 0x18 0x0 0x9 0x2 0x0 0x0 oops 0 methods 0
ciMethodData com/sun/org/apache/xerces/internal/util/XMLAttributesImpl checkDuplicatesNS ()Lcom/sun/org/apache/xerces/internal/xni/QName; 1 160 orig 80 0 0 0 0 0 0 0 0 0 0 0 0 89 2 0 0 0 0 0 0 0 0 0 0 0 0 0 0 0 0 0 0 0 0 0 0 0 0 0 0 0 0 0 0 0 0 0 0 0 0 0 0 0 0 0 0 0 0 0 0 0 0 0 0 0 0 0 0 0 0 0 0 0 0 0 0 0 0 0 0 data 42 0x80007 0x0 0xd0 0xa0 0x160007 0xa0 0xb0 0x11d 0x260007 0x11d 0x78 0x431 0x3f0007 0x431 0x40 0x0 0x520007 0x0 0x20 0x0 0x5e0003 0x431 0xffffffffffffffa0 0x640003 0x11d 0xffffffffffffff68 0x6a0005 0x0 0x0 0x0 0x0 0x0 0x0 0x0 0x0 0x0 0x0 0x0 0x0 0x9 0x1 0xffffffffffffffff oops 0 methods 0
ciMethodData com/sun/org/apache/xerces/internal/impl/XMLDocumentFragmentScannerImpl$ElementStack popElement ()Lcom/sun/org/apache/xerces/internal/xni/QName; 2 12752 orig 80 0 0 0 0 0 0 0 0 0 0 0 0 89 2 0 0 0 0 0 0 0 0 0 0 0 0 0 0 0 0 0 0 0 0 0 0 0 0 0 0 0 0 0 0 0 0 0 0 0 0 0 0 0 0 0 0 0 0 0 0 0 0 0 0 0 0 0 0 0 0 0 0 0 0 0 0 0 0 0 0 data 17 0x70007 0x0 0x40 0x31d0 0x110007 0x31d0 0x20 0x0 0x0 0x0 0x0 0x0 0x0 0x0 0x9 0x1 0x6 oops 0 methods 0
ciMethodData com/sun/org/apache/xerces/internal/impl/XMLErrorReporter reportError (Lcom/sun/org/apache/xerces/internal/xni/XMLLocator;Ljava/lang/String;Ljava/lang/String;[Ljava/lang/Object;S)Ljava/lang/String; 1 0 orig 80 0 0 0 0 0 0 0 0 0 0 0 0 89 2 0 0 0 0 0 0 0 0 0 0 0 0 0 0 0 0 0 0 0 0 0 0 0 0 0 0 0 0 0 0 0 0 0 0 0 0 0 0 0 0 0 0 0 0 0 0 0 0 0 0 0 0 0 0 0 0 0 0 0 0 0 0 0 0 0 0 data 21 0x90005 0x0 0x0 0x0 0x0 0x0 0x0 0x0 0x0 0x0 0x0 0x0 0x0 0x9 0x6 0xffffffffffffffff 0xffffffffffffffff 0xffffffffffffffff 0xffffffffffffffff 0xffffffffffffffff 0x0 oops 0 methods 0
ciMethodData com/sun/org/apache/xerces/internal/xni/XMLString toString ()Ljava/lang/String; 2 3147 orig 80 0 0 0 0 0 0 0 0 0 0 0 0 89 2 0 0 0 0 0 0 0 0 0 0 0 0 0 0 0 0 0 0 0 0 0 0 0 0 0 0 0 0 0 0 0 0 0 0 0 0 0 0 0 0 0 0 0 0 0 0 0 0 0 0 0 0 0 0 0 0 0 0 0 0 0 0 0 0 0 0 data 16 0x40007 0x0 0x48 0xc4b 0x170002 0xc4b 0x1a0003 0xc4b 0x18 0x0 0x0 0x0 0x0 0x9 0x1 0x0 oops 0 methods 0
ciMethodData com/sun/org/apache/xerces/internal/parsers/AbstractSAXParser startElement (Lcom/sun/org/apache/xerces/internal/xni/QName;Lcom/sun/org/apache/xerces/internal/xni/XMLAttributes;Lcom/sun/org/apache/xerces/internal/xni/Augmentations;)V 2 11770 orig 80 0 0 0 0 0 0 0 0 0 0 0 0 89 2 0 0 0 0 0 0 0 0 0 0 0 0 0 0 0 0 0 0 0 0 0 0 0 0 0 0 0 0 0 0 0 0 0 0 0 0 0 0 0 0 0 0 0 0 0 0 0 0 0 0 0 0 0 0 0 0 0 0 0 0 0 0 0 0 0 0 data 169 0x40007 0x2df9 0x90 0x0 0xc0005 0x0 0x0 0x0 0x0 0x0 0x0 0x1b0005 0x0 0x0 0x0 0x0 0x0 0x0 0x240007 0x0 0x3b8 0x2df9 0x2b0007 0x0 0x2b8 0x2df9 0x2f0005 0x2df9 0x0 0x0 0x0 0x0 0x0 0x330005 0x0 0x0 0x2597ec549b0 0x2df9 0x0 0x0 0x3e0007 0x0 0x120 0x2df9 0x490007 0x2df9 0xe8 0xbec 0x530005 0x0 0x0 0x2597ec549b0 0xbec 0x0 0x0 0x620007 0x1b 0x40 0xbd1 0x6f0007 0xbd1 0x58 0x0 0x750005 0x0 0x0 0x2597ec549b0 0x1b 0x0 0x0 0x7d0003 0xbec 0xffffffffffffff30 0x800003 0x2df9 0x120 0x870007 0x0 0x108 0x0 0x920007 0x0 0xe8 0x0 0x9c0005 0x0 0x0 0x0 0x0 0x0 0x0 0xab0007 0x0 0x40 0x0 0xb80007 0x0 0x58 0x0 0xdd0005 0x0 0x0 0x0 0x0 0x0 0x0 0xe50003 0x0 0xffffffffffffff30 0xf10007 0x2dee 0x38 0xb 0xf80003 0xb 0x18 0x1030007 0x0 0x38 0x2df9 0x10a0003 0x2df9 0x18 0x1160005 0x2df9 0x0 0x0 0x0 0x0 0x0 0x1290005 0x0 0x0 0x2597dd07fd0 0x2df9 0x0 0x0 0x12e0003 0x2df9 0x28 0x1390002 0x0 0x0 0x0 0x0 0x0 0x0 0x0 0x0 0x0 0x0 0x0 0x0 0x0 0x0 0x0 0x0 0x0 0x0 0x0 0x0 0x0 0x0 0x9 0x4 0x0 0x0 0x0 0x0 oops 4 36 com/sun/org/apache/xerces/internal/util/XMLAttributesIteratorImpl 51 com/sun/org/apache/xerces/internal/util/XMLAttributesIteratorImpl 66 com/sun/org/apache/xerces/internal/util/XMLAttributesIteratorImpl 133 com/android/repository/impl/meta/SchemaModuleUtil$NamespaceFallbackFilter methods 0
ciMethodData com/sun/org/apache/xerces/internal/parsers/AbstractSAXParser startNamespaceMapping ()V 2 10670 orig 80 0 0 0 0 0 0 0 0 0 0 0 0 89 2 0 0 0 0 0 0 0 0 0 0 0 0 0 0 0 0 0 0 0 0 0 0 0 0 0 0 0 0 0 0 0 0 0 0 0 0 0 0 0 0 0 0 0 0 0 0 0 0 0 0 0 0 0 0 0 0 0 0 0 0 0 0 0 0 0 0 data 55 0x40005 0x0 0x0 0x2597ec54900 0x29ae 0x0 0x0 0xb0007 0x29a3 0x138 0xb 0x180007 0xb 0x118 0x1b 0x210005 0x0 0x0 0x2597ec54900 0x1b 0x0 0x0 0x2c0005 0x0 0x0 0x2597ec54900 0x1b 0x0 0x0 0x380007 0x1b 0x38 0x0 0x3d0003 0x0 0x18 0x410005 0x0 0x0 0x2597dd07fd0 0x1b 0x0 0x0 0x490003 0x1b 0xffffffffffffff00 0x0 0x0 0x0 0x0 0x0 0x0 0x9 0x1 0x0 oops 4 3 com/sun/org/apache/xerces/internal/util/NamespaceSupport 18 com/sun/org/apache/xerces/internal/util/NamespaceSupport 25 com/sun/org/apache/xerces/internal/util/NamespaceSupport 39 com/android/repository/impl/meta/SchemaModuleUtil$NamespaceFallbackFilter methods 0
ciMethodData com/sun/org/apache/xerces/internal/util/XMLAttributesImpl removeAttributeAt (I)V 1 31 orig 80 0 0 0 0 0 0 0 0 0 0 0 0 89 2 0 0 0 0 0 0 0 0 0 0 0 0 0 0 0 0 0 0 0 0 0 0 0 0 0 0 0 0 0 0 0 0 0 0 0 0 0 0 0 0 0 0 0 0 0 0 0 0 0 0 0 0 0 0 0 0 0 0 0 0 0 0 0 0 0 0 data 23 0xc0007 0x1f 0x68 0x0 0x2a0002 0x0 0x380004 0x0 0x0 0x0 0x0 0x0 0x0 0x0 0x0 0x0 0x0 0x0 0x0 0x9 0x2 0x1c 0x0 oops 0 methods 0
ciMethodData org/xml/sax/helpers/AttributesImpl setAttributes (Lorg/xml/sax/Attributes;)V 2 12005 orig 80 0 0 0 0 0 0 0 0 0 0 0 0 89 2 0 0 0 0 0 0 0 0 0 0 0 0 0 0 0 0 0 0 0 0 0 0 0 0 0 0 0 0 0 0 0 0 0 0 0 0 0 0 0 0 0 0 0 0 0 0 0 0 0 0 0 0 0 0 0 0 0 0 0 0 0 0 0 0 0 0 data 105 0x10005 0x0 0x0 0x2597e4510a8 0x2ee5 0x0 0x0 0x60005 0x0 0x0 0x2597dd04768 0x2ee5 0x0 0x0 0x120007 0x2348 0x288 0xb9d 0x290007 0xb9d 0x268 0xc0a 0x350005 0x0 0x0 0x2597dd04768 0xc0a 0x0 0x0 0x3a0004 0x0 0x0 0x25978950b88 0xc0a 0x0 0x0 0x460005 0x0 0x0 0x2597dd04768 0xc0a 0x0 0x0 0x4b0004 0x0 0x0 0x25978950b88 0xc0a 0x0 0x0 0x570005 0x0 0x0 0x2597dd04768 0xc0a 0x0 0x0 0x5c0004 0x0 0x0 0x25978950b88 0xc0a 0x0 0x0 0x680005 0x0 0x0 0x2597dd04768 0xc0a 0x0 0x0 0x6d0004 0x0 0x0 0x25978950b88 0xc0a 0x0 0x0 0x790005 0x0 0x0 0x2597dd04768 0xc0a 0x0 0x0 0x7e0004 0x0 0x0 0x25978950b88 0xc0a 0x0 0x0 0x820003 0xc0a 0xfffffffffffffdb0 0x0 0x0 0x0 0x0 0x0 0x0 0x9 0x2 0x0 0x0 oops 12 3 org/xml/sax/helpers/AttributesImpl 10 com/sun/org/apache/xerces/internal/parsers/AbstractSAXParser$AttributesProxy 25 com/sun/org/apache/xerces/internal/parsers/AbstractSAXParser$AttributesProxy 32 java/lang/String 39 com/sun/org/apache/xerces/internal/parsers/AbstractSAXParser$AttributesProxy 46 java/lang/String 53 com/sun/org/apache/xerces/internal/parsers/AbstractSAXParser$AttributesProxy 60 java/lang/String 67 com/sun/org/apache/xerces/internal/parsers/AbstractSAXParser$AttributesProxy 74 java/lang/String 81 com/sun/org/apache/xerces/internal/parsers/AbstractSAXParser$AttributesProxy 88 java/lang/String methods 0
ciMethodData org/xml/sax/helpers/AttributesImpl clear ()V 2 12006 orig 80 0 0 0 0 0 0 0 0 0 0 0 0 89 2 0 0 0 0 0 0 0 0 0 0 0 0 0 0 0 0 0 0 0 0 0 0 0 0 0 0 0 0 0 0 0 0 0 0 0 0 0 0 0 0 0 0 0 0 0 0 0 0 0 0 0 0 0 0 0 0 0 0 0 0 0 0 0 0 0 0 data 27 0x40007 0x2ee6 0x90 0x0 0x100007 0x0 0x70 0x0 0x190004 0x0 0x0 0x0 0x0 0x0 0x0 0x1d0003 0x0 0xffffffffffffffa8 0x0 0x0 0x0 0x0 0x0 0x0 0x9 0x1 0x0 oops 0 methods 0
ciMethodData org/xml/sax/helpers/AttributesImpl <init> (Lorg/xml/sax/Attributes;)V 2 11993 orig 80 0 0 0 0 0 0 0 0 0 0 0 0 89 2 0 0 0 0 0 0 0 0 0 0 0 0 0 0 0 0 0 0 0 0 0 0 0 0 0 0 0 0 0 0 0 0 0 0 0 0 0 0 0 0 0 0 0 0 0 0 0 0 0 0 0 0 0 0 0 0 0 0 0 0 0 0 0 0 0 0 data 19 0x10002 0x2ed9 0x60005 0x0 0x0 0x2597e4510a8 0x2ed9 0x0 0x0 0x0 0x0 0x0 0x0 0x0 0x0 0x9 0x2 0x0 0x0 oops 1 5 org/xml/sax/helpers/AttributesImpl methods 0
ciMethodData org/xml/sax/helpers/XMLFilterImpl startElement (Ljava/lang/String;Ljava/lang/String;Ljava/lang/String;Lorg/xml/sax/Attributes;)V 2 12009 orig 80 0 0 0 0 0 0 0 0 0 0 0 0 89 2 0 0 0 0 0 0 0 0 0 0 0 0 0 0 0 0 0 0 0 0 0 0 0 0 0 0 0 0 0 0 0 0 0 0 0 0 0 0 0 0 0 0 0 0 0 0 0 0 0 0 0 0 0 0 0 0 0 0 0 0 0 0 0 0 0 0 data 24 0x40007 0x0 0x58 0x2ee9 0x100005 0x0 0x0 0x2597edf7d88 0x2ee9 0x0 0x0 0x0 0x0 0x0 0x0 0x0 0x0 0x9 0x5 0x0 0x0 0x0 0x0 0x0 oops 1 7 com/sun/xml/bind/v2/runtime/unmarshaller/SAXConnector methods 0
ciMethodData com/sun/org/apache/xerces/internal/parsers/AbstractSAXParser$AttributesProxy getLength ()I 2 11892 orig 80 0 0 0 0 0 0 0 0 0 0 0 0 0 0 0 0 0 0 0 0 0 0 0 0 0 0 0 0 0 0 0 0 0 0 0 0 0 0 0 0 0 0 0 0 0 0 0 0 0 0 0 0 0 0 0 0 0 0 0 0 0 0 0 0 0 0 0 0 0 0 0 0 0 0 0 0 0 0 0 0 data 16 0x40005 0x0 0x0 0x2597ec549b0 0x2e75 0x0 0x0 0x0 0x0 0x0 0x0 0x0 0x0 0x9 0x1 0x0 oops 1 3 com/sun/org/apache/xerces/internal/util/XMLAttributesIteratorImpl methods 0
ciMethodData com/sun/org/apache/xerces/internal/parsers/AbstractSAXParser endElement (Lcom/sun/org/apache/xerces/internal/xni/QName;Lcom/sun/org/apache/xerces/internal/xni/Augmentations;)V 2 12479 orig 80 0 0 0 0 0 0 0 0 0 0 0 0 0 0 0 0 0 0 0 0 0 0 0 0 0 0 0 0 0 0 0 0 0 0 0 0 0 0 0 0 0 0 0 0 0 0 0 0 0 0 0 0 0 0 0 0 0 0 0 0 0 0 0 0 0 0 0 0 0 0 0 0 0 0 0 0 0 0 0 0 data 64 0x40007 0x30c0 0x58 0x0 0xf0005 0x0 0x0 0x0 0x0 0x0 0x0 0x180007 0x0 0x120 0x30c0 0x240007 0x30b5 0x38 0xb 0x2b0003 0xb 0x18 0x350007 0x0 0x38 0x30c0 0x3c0003 0x30c0 0x18 0x4e0005 0x0 0x0 0x2597dd07fd0 0x30c0 0x0 0x0 0x570007 0x0 0x58 0x30c0 0x5b0005 0x30c0 0x0 0x0 0x0 0x0 0x0 0x5e0003 0x30c0 0x28 0x670002 0x0 0x0 0x0 0x0 0x0 0x0 0x0 0x0 0x9 0x3 0xffffffffffffffff 0xffffffffffffffff 0xffffffffffffffff oops 1 32 com/android/repository/impl/meta/SchemaModuleUtil$NamespaceFallbackFilter methods 0
ciMethodData com/sun/org/apache/xerces/internal/parsers/AbstractSAXParser endNamespaceMapping ()V 2 12479 orig 80 0 0 0 0 0 0 0 0 0 0 0 0 0 0 0 0 0 0 0 0 0 0 0 0 0 0 0 0 0 0 0 0 0 0 0 0 0 0 0 0 0 0 0 0 0 0 0 0 0 0 0 0 0 0 0 0 0 0 0 0 0 0 0 0 0 0 0 0 0 0 0 0 0 0 0 0 0 0 0 0 data 41 0x40005 0x0 0x0 0x2597ec54900 0x30c0 0x0 0x0 0xb0007 0x30b5 0xc8 0xb 0x120007 0xb 0xa8 0x1a 0x1e0005 0x0 0x0 0x2597ec54900 0x1a 0x0 0x0 0x230005 0x0 0x0 0x2597dd07fd0 0x1a 0x0 0x0 0x2b0003 0x1a 0xffffffffffffff70 0x0 0x0 0x0 0x0 0x0 0x0 0x9 0x1 0x0 oops 3 3 com/sun/org/apache/xerces/internal/util/NamespaceSupport 18 com/sun/org/apache/xerces/internal/util/NamespaceSupport 25 com/android/repository/impl/meta/SchemaModuleUtil$NamespaceFallbackFilter methods 0
ciMethodData com/sun/org/apache/xerces/internal/parsers/AbstractSAXParser$AttributesProxy getURI (I)Ljava/lang/String; 2 3026 orig 80 0 0 0 0 0 0 0 0 0 0 0 0 89 2 0 0 0 0 0 0 0 0 0 0 0 0 0 0 0 0 0 0 0 0 0 0 0 0 0 0 0 0 0 0 0 0 0 0 0 0 0 0 0 0 0 0 0 0 0 0 0 0 0 0 0 0 0 0 0 0 0 0 0 0 0 0 0 0 0 0 data 24 0x50005 0x0 0x0 0x2597ec549b0 0xbd2 0x0 0x0 0xc0007 0xa20 0x38 0x1b2 0x100003 0x1b2 0x18 0x0 0x0 0x0 0x0 0x0 0x0 0x9 0x2 0x0 0x0 oops 1 3 com/sun/org/apache/xerces/internal/util/XMLAttributesIteratorImpl methods 0
ciMethodData com/sun/org/apache/xerces/internal/util/XMLAttributesImpl getURI (I)Ljava/lang/String; 2 3026 orig 80 0 0 0 0 0 0 0 0 0 0 0 0 89 2 0 0 0 0 0 0 0 0 0 0 0 0 0 0 0 0 0 0 0 0 0 0 0 0 0 0 0 0 0 0 0 0 0 0 0 0 0 0 0 0 0 0 0 0 0 0 0 0 0 0 0 0 0 0 0 0 0 0 0 0 0 0 0 0 0 0 data 16 0x10007 0x0 0x40 0xbd2 0x90007 0xbd2 0x20 0x0 0x0 0x0 0x0 0x0 0x9 0x2 0x0 0x0 oops 0 methods 0
ciMethodData com/sun/org/apache/xerces/internal/parsers/AbstractSAXParser$AttributesProxy getLocalName (I)Ljava/lang/String; 2 2898 orig 80 0 0 0 0 0 0 0 0 0 0 0 0 89 2 0 0 0 0 0 0 0 0 0 0 0 0 0 0 0 0 0 0 0 0 0 0 0 0 0 0 0 0 0 0 0 0 0 0 0 0 0 0 0 0 0 0 0 0 0 0 0 0 0 0 0 0 0 0 0 0 0 0 0 0 0 0 0 0 0 0 data 17 0x50005 0x0 0x0 0x2597ec549b0 0xb52 0x0 0x0 0x0 0x0 0x0 0x0 0x0 0x0 0x9 0x2 0x0 0x0 oops 1 3 com/sun/org/apache/xerces/internal/util/XMLAttributesIteratorImpl methods 0
ciMethodData com/sun/org/apache/xerces/internal/util/XMLAttributesImpl getLocalName (I)Ljava/lang/String; 2 2898 orig 80 0 0 0 0 0 0 0 0 0 0 0 0 89 2 0 0 0 0 0 0 0 0 0 0 0 0 0 0 0 0 0 0 0 0 0 0 0 0 0 0 0 0 0 0 0 0 0 0 0 0 0 0 0 0 0 0 0 0 0 0 0 0 0 0 0 0 0 0 0 0 0 0 0 0 0 0 0 0 0 0 data 20 0x40007 0xb52 0x20 0x0 0xb0007 0x0 0x40 0xb52 0x130007 0xb52 0x20 0x0 0x0 0x0 0x0 0x0 0x9 0x2 0x0 0x0 oops 0 methods 0
ciMethodData com/sun/org/apache/xerces/internal/parsers/AbstractSAXParser$AttributesProxy getQName (I)Ljava/lang/String; 2 2895 orig 80 0 0 0 0 0 0 0 0 0 0 0 0 89 2 0 0 0 0 0 0 0 0 0 0 0 0 0 0 0 0 0 0 0 0 0 0 0 0 0 0 0 0 0 0 0 0 0 0 0 0 0 0 0 0 0 0 0 0 0 0 0 0 0 0 0 0 0 0 0 0 0 0 0 0 0 0 0 0 0 0 data 17 0x50005 0x0 0x0 0x2597ec549b0 0xb4f 0x0 0x0 0x0 0x0 0x0 0x0 0x0 0x0 0x9 0x2 0x0 0x0 oops 1 3 com/sun/org/apache/xerces/internal/util/XMLAttributesIteratorImpl methods 0
ciMethodData com/sun/org/apache/xerces/internal/util/XMLAttributesImpl getQName (I)Ljava/lang/String; 2 2894 orig 80 0 0 0 0 0 0 0 0 0 0 0 0 89 2 0 0 0 0 0 0 0 0 0 0 0 0 0 0 0 0 0 0 0 0 0 0 0 0 0 0 0 0 0 0 0 0 0 0 0 0 0 0 0 0 0 0 0 0 0 0 0 0 0 0 0 0 0 0 0 0 0 0 0 0 0 0 0 0 0 0 data 25 0x10007 0x0 0x40 0xb4e 0x90007 0xb4e 0x20 0x0 0x1c0007 0x0 0x38 0xb4e 0x200003 0xb4e 0x18 0x0 0x0 0x0 0x0 0x0 0x0 0x9 0x2 0x0 0x0 oops 0 methods 0
ciMethodData com/sun/org/apache/xerces/internal/parsers/AbstractSAXParser$AttributesProxy getType (I)Ljava/lang/String; 2 2896 orig 80 0 0 0 0 0 0 0 0 0 0 0 0 89 2 0 0 0 0 0 0 0 0 0 0 0 0 0 0 0 0 0 0 0 0 0 0 0 0 0 0 0 0 0 0 0 0 0 0 0 0 0 0 0 0 0 0 0 0 0 0 0 0 0 0 0 0 0 0 0 0 0 0 0 0 0 0 0 0 0 0 data 17 0x50005 0x0 0x0 0x2597ec549b0 0xb50 0x0 0x0 0x0 0x0 0x0 0x0 0x0 0x0 0x9 0x2 0x0 0x0 oops 1 3 com/sun/org/apache/xerces/internal/util/XMLAttributesIteratorImpl methods 0
ciMethodData com/sun/org/apache/xerces/internal/util/XMLAttributesImpl getType (I)Ljava/lang/String; 2 2896 orig 80 0 0 0 0 0 0 0 0 0 0 0 0 89 2 0 0 0 0 0 0 0 0 0 0 0 0 0 0 0 0 0 0 0 0 0 0 0 0 0 0 0 0 0 0 0 0 0 0 0 0 0 0 0 0 0 0 0 0 0 0 0 0 0 0 0 0 0 0 0 0 0 0 0 0 0 0 0 0 0 0 data 25 0x10007 0x0 0x40 0xb50 0x90007 0xb50 0x20 0x0 0x180005 0xb50 0x0 0x0 0x0 0x0 0x0 0x0 0x0 0x0 0x0 0x0 0x0 0x9 0x2 0x0 0x0 oops 0 methods 0
ciMethodData com/sun/org/apache/xerces/internal/util/XMLAttributesImpl getReportableType (Ljava/lang/String;)Ljava/lang/String; 2 2896 orig 80 0 0 0 0 0 0 0 0 0 0 0 0 89 2 0 0 0 0 0 0 0 0 0 0 0 0 0 0 0 0 0 0 0 0 0 0 0 0 0 0 0 0 0 0 0 0 0 0 0 0 0 0 0 0 0 0 0 0 0 0 0 0 0 0 0 0 0 0 0 0 0 0 0 0 0 0 0 0 0 0 data 21 0x20005 0xb50 0x0 0x0 0x0 0x0 0x0 0x70007 0xb50 0x20 0x0 0x0 0x0 0x0 0x0 0x0 0x0 0x9 0x2 0x0 0x0 oops 0 methods 0
ciMethodData com/sun/org/apache/xerces/internal/parsers/AbstractSAXParser$AttributesProxy getValue (I)Ljava/lang/String; 2 2772 orig 80 0 0 0 0 0 0 0 0 0 0 0 0 0 0 0 0 0 0 0 0 0 0 0 0 0 0 0 0 0 0 0 0 0 0 0 0 0 0 0 0 0 0 0 0 0 0 0 0 0 0 0 0 0 0 0 0 0 0 0 0 0 0 0 0 0 0 0 0 0 0 0 0 0 0 0 0 0 0 0 0 data 17 0x50005 0x0 0x0 0x2597ec549b0 0xad5 0x0 0x0 0x0 0x0 0x0 0x0 0x0 0x0 0x9 0x2 0x0 0x0 oops 1 3 com/sun/org/apache/xerces/internal/util/XMLAttributesIteratorImpl methods 0
ciMethodData com/sun/org/apache/xerces/internal/parsers/AbstractXMLDocumentParser emptyElement (Lcom/sun/org/apache/xerces/internal/xni/QName;Lcom/sun/org/apache/xerces/internal/xni/XMLAttributes;Lcom/sun/org/apache/xerces/internal/xni/Augmentations;)V 1 923 orig 80 0 0 0 0 0 0 0 0 0 0 0 0 89 2 0 0 0 0 0 0 0 0 0 0 0 0 0 0 0 0 0 0 0 0 0 0 0 0 0 0 0 0 0 0 0 0 0 0 0 0 0 0 0 0 0 0 0 0 0 0 0 0 0 0 0 0 0 0 0 0 0 0 0 0 0 0 0 0 0 0 data 26 0x40005 0x0 0x0 0x2597ec54a60 0x39b 0x0 0x0 0xa0005 0x0 0x0 0x2597ec54a60 0x39b 0x0 0x0 0x0 0x0 0x0 0x0 0x0 0x0 0x9 0x4 0x0 0x0 0x0 0x0 oops 2 3 com/sun/org/apache/xerces/internal/jaxp/SAXParserImpl$JAXPSAXParser 10 com/sun/org/apache/xerces/internal/jaxp/SAXParserImpl$JAXPSAXParser methods 0
ciMethodData com/sun/org/apache/xerces/internal/util/XMLAttributesImpl checkManyDuplicatesNS ()Lcom/sun/org/apache/xerces/internal/xni/QName; 1 0 orig 80 0 0 0 0 0 0 0 0 0 0 0 0 89 2 0 0 0 0 0 0 0 0 0 0 0 0 0 0 0 0 0 0 0 0 0 0 0 0 0 0 0 0 0 0 0 0 0 0 0 0 0 0 0 0 0 0 0 0 0 0 0 0 0 0 0 0 0 0 0 0 0 0 0 0 0 0 0 0 0 0 data 86 0x60005 0x0 0x0 0x0 0x0 0x0 0x0 0x2c0007 0x0 0x200 0x0 0x440005 0x0 0x0 0x0 0x0 0x0 0x0 0x4e0007 0x0 0x70 0x0 0x600004 0x0 0x0 0x0 0x0 0x0 0x0 0x610003 0x0 0x138 0x6f0007 0x0 0x78 0x0 0x810007 0x0 0x40 0x0 0x930007 0x0 0x20 0x0 0xa50003 0x0 0xffffffffffffffa0 0xac0007 0x0 0x70 0x0 0xb40005 0x0 0x0 0x0 0x0 0x0 0x0 0xbd0003 0x0 0x50 0xcc0004 0x0 0x0 0x0 0x0 0x0 0x0 0xd00003 0x0 0xfffffffffffffe18 0x0 0x0 0x0 0x0 0x0 0x0 0x0 0x0 0x0 0x0 0x0 0x0 0x9 0x1 0x0 oops 0 methods 0
ciMethodData com/sun/xml/bind/v2/runtime/unmarshaller/SAXConnector startElement (Ljava/lang/String;Ljava/lang/String;Ljava/lang/String;Lorg/xml/sax/Attributes;)V 2 11895 orig 80 0 0 0 0 0 0 0 0 0 0 0 0 0 0 0 0 0 0 0 0 0 0 0 0 0 0 0 0 0 0 0 0 0 0 0 0 0 0 0 0 0 0 0 0 0 0 0 0 0 0 0 0 0 0 0 0 0 0 0 0 0 0 0 0 0 0 0 0 0 0 0 0 0 0 0 0 0 0 0 0 data 136 0x60005 0x0 0x0 0x2597edf9508 0x2e78 0x0 0x0 0x90007 0x2e78 0x138 0x0 0x1b0004 0x0 0x0 0x0 0x0 0x0 0x0 0x1f0004 0x0 0x0 0x0 0x0 0x0 0x0 0x230004 0x0 0x0 0x0 0x0 0x0 0x0 0x280004 0x0 0x0 0x0 0x0 0x0 0x0 0x290005 0x0 0x0 0x0 0x0 0x0 0x0 0x2d0007 0x0 0x78 0x2e78 0x310005 0x2e78 0x0 0x0 0x0 0x0 0x0 0x340007 0xa 0x20 0x2e6e 0x3b0007 0x0 0x78 0x2e78 0x3f0005 0x2e78 0x0 0x0 0x0 0x0 0x0 0x420007 0x2e78 0x20 0x0 0x480007 0x0 0x78 0x2e78 0x4c0005 0x2e78 0x0 0x0 0x0 0x0 0x0 0x4f0007 0x2e78 0x20 0x0 0x590005 0x2e78 0x0 0x0 0x0 0x0 0x0 0x5c0005 0x2e78 0x0 0x0 0x0 0x0 0x0 0x5f0007 0x0 0x38 0x2e78 0x630003 0x2e78 0x18 0x670002 0x2e78 0x930005 0x0 0x0 0x2597edfab70 0x2e78 0x0 0x0 0x0 0x0 0x0 0x0 0x0 0x0 0x0 0x0 0x9 0x5 0x0 0x0 0x0 0x0 0x0 oops 2 3 java/util/logging/Logger 117 com/sun/xml/bind/v2/runtime/unmarshaller/UnmarshallingContext methods 0
ciMethodData com/sun/xml/bind/v2/runtime/unmarshaller/UnmarshallingContext startElement (Lcom/sun/xml/bind/v2/runtime/unmarshaller/TagName;)V 2 11896 orig 80 0 0 0 0 0 0 0 0 0 0 0 0 0 0 0 0 0 0 0 0 0 0 0 0 0 0 0 0 0 0 0 0 0 0 0 0 0 0 0 0 0 0 0 0 0 0 0 0 0 0 0 0 0 0 0 0 0 0 0 0 0 0 0 0 0 0 0 0 0 0 0 0 0 0 0 0 0 0 0 0 data 36 0x10005 0x2e79 0x0 0x0 0x0 0x0 0x0 0x60002 0x2e79 0xa0005 0x2e79 0x0 0x0 0x0 0x0 0x0 0xd0003 0x2e79 0x50 0x120005 0x0 0x0 0x0 0x0 0x0 0x0 0x0 0x0 0x0 0x0 0x0 0x0 0x9 0x2 0x0 0x0 oops 0 methods 0
ciMethodData com/sun/xml/bind/v2/runtime/unmarshaller/UnmarshallingContext _startElement (Lcom/sun/xml/bind/v2/runtime/unmarshaller/TagName;)V 2 11897 orig 80 0 0 0 0 0 0 0 0 0 0 0 0 0 0 0 0 0 0 0 0 0 0 0 0 0 0 0 0 0 0 0 0 0 0 0 0 0 0 0 0 0 0 0 0 0 0 0 0 0 0 0 0 0 0 0 0 0 0 0 0 0 0 0 0 0 0 0 0 0 0 0 0 0 0 0 0 0 0 0 0 data 53 0x40007 0x2e7a 0x58 0x0 0xc0005 0x0 0x0 0x0 0x0 0x0 0x0 0x180002 0x2e7a 0x200002 0x2e7a 0x290005 0x0 0x0 0x2597edb0f88 0x2e70 0x2597edb1038 0xa 0x2f0007 0x2e7a 0x60 0x0 0x360002 0x0 0x390007 0x0 0x30 0x0 0x400002 0x0 0x480002 0x2e7a 0x500005 0xb0a 0x0 0x2597edb10e8 0xf46 0x2597edb0f88 0x142a 0x0 0x0 0x0 0x0 0x0 0x0 0x9 0x2 0x0 0x0 oops 4 18 com/sun/xml/bind/v2/runtime/unmarshaller/StructureLoader 20 com/sun/xml/bind/v2/runtime/unmarshaller/UnmarshallingContext$DefaultRootLoader 39 com/sun/xml/bind/v2/runtime/unmarshaller/LeafPropertyXsiLoader 41 com/sun/xml/bind/v2/runtime/unmarshaller/StructureLoader methods 0
ciMethodData com/sun/xml/bind/v2/runtime/unmarshaller/UnmarshallingContext$State access$1200 (Lcom/sun/xml/bind/v2/runtime/unmarshaller/UnmarshallingContext$State;)V 2 11897 orig 80 0 0 0 0 0 0 0 0 0 0 0 0 0 0 0 0 0 0 0 0 0 0 0 0 0 0 0 0 0 0 0 0 0 0 0 0 0 0 0 0 0 0 0 0 0 0 0 0 0 0 0 0 0 0 0 0 0 0 0 0 0 0 0 0 0 0 0 0 0 0 0 0 0 0 0 0 0 0 0 0 data 7 0x10002 0x2e7a 0x0 0x0 0x9 0x1 0x0 oops 0 methods 0
ciMethodData com/sun/xml/bind/v2/runtime/unmarshaller/UnmarshallingContext$State push ()V 2 11897 orig 80 0 0 0 0 0 0 0 0 0 0 0 0 0 0 0 0 0 0 0 0 0 0 0 0 0 0 0 0 0 0 0 0 0 0 0 0 0 0 0 0 0 0 0 0 0 0 0 0 0 0 0 0 0 0 0 0 0 0 0 0 0 0 0 0 0 0 0 0 0 0 0 0 0 0 0 0 0 0 0 0 data 55 0x2 0x2e7a 0x60005 0x0 0x0 0x2597edf9508 0x2e7a 0x0 0x0 0x90007 0x2e7a 0x68 0x0 0xc0002 0x0 0x140005 0x0 0x0 0x0 0x0 0x0 0x0 0x1b0007 0x1f19 0x90 0xf61 0x210007 0xf61 0x60 0x0 0x280002 0x0 0x2c0007 0x0 0x30 0x0 0x330002 0x0 0x410002 0xf61 0x560002 0x2e7a 0x610002 0x2e7a 0x0 0x0 0x0 0x0 0x0 0x0 0x0 0x0 0x9 0x1 0x0 oops 1 5 java/util/logging/Logger methods 0
ciMethodData com/sun/xml/bind/v2/runtime/unmarshaller/UnmarshallingContext$State <init> (Lcom/sun/xml/bind/v2/runtime/unmarshaller/UnmarshallingContext;Lcom/sun/xml/bind/v2/runtime/unmarshaller/UnmarshallingContext$State;)V 2 3941 orig 80 0 0 0 0 0 0 0 0 0 0 0 0 89 2 0 0 0 0 0 0 0 0 0 0 0 0 0 0 0 0 0 0 0 0 0 0 0 0 0 0 0 0 0 0 0 0 0 0 0 0 0 0 0 0 0 0 0 0 0 0 0 0 0 0 0 0 0 0 0 0 0 0 0 0 0 0 0 0 0 0 data 21 0x60002 0xf65 0x190007 0x9 0x40 0xf5c 0x250007 0xf5c 0x20 0x0 0x0 0x0 0x0 0x0 0x0 0x0 0x9 0x3 0xec 0x0 0x40 oops 0 methods 0
ciMethodData com/sun/xml/bind/v2/runtime/unmarshaller/XsiTypeLoader parseXsiType (Lcom/sun/xml/bind/v2/runtime/unmarshaller/UnmarshallingContext$State;Lcom/sun/xml/bind/v2/runtime/unmarshaller/TagName;Lcom/sun/xml/bind/v2/runtime/JaxBeanInfo;)Lcom/sun/xml/bind/v2/runtime/JaxBeanInfo; 1 2 orig 80 0 0 0 0 0 0 0 0 0 0 0 0 89 2 0 0 0 0 0 0 0 0 0 0 0 0 0 0 0 0 0 0 0 0 0 0 0 0 0 0 0 0 0 0 0 0 0 0 0 0 0 0 0 0 0 0 0 0 0 0 0 0 0 0 0 0 0 0 0 0 0 0 0 0 0 0 0 0 0 0 data 183 0x10005 0x2 0x0 0x0 0x0 0x0 0x0 0x140005 0x0 0x0 0x2597e4510a8 0x2 0x0 0x0 0x1d0007 0x0 0x4f0 0x2 0x240005 0x0 0x0 0x2597e4510a8 0x2 0x0 0x0 0x2e0002 0x2 0x350007 0x2 0xb8 0x0 0x430004 0x0 0x0 0x0 0x0 0x0 0x0 0x440005 0x0 0x0 0x0 0x0 0x0 0x0 0x480002 0x0 0x4b0003 0x0 0x3e8 0x4f0007 0x0 0xb0 0x2 0x530005 0x0 0x0 0x2597f029930 0x2 0x0 0x0 0x580005 0x0 0x0 0x2597f0299e0 0x2 0x0 0x0 0x5d0007 0x2 0x20 0x0 0x630005 0x2 0x0 0x0 0x0 0x0 0x0 0x680005 0x2 0x0 0x0 0x0 0x0 0x0 0x6f0007 0x2 0x2b0 0x0 0x760005 0x0 0x0 0x0 0x0 0x0 0x0 0x790007 0x0 0x258 0x0 0x7d0005 0x0 0x0 0x0 0x0 0x0 0x0 0x800007 0x0 0x200 0x0 0x840005 0x0 0x0 0x0 0x0 0x0 0x0 0x890005 0x0 0x0 0x0 0x0 0x0 0x0 0x900007 0x0 0xf0 0x0 0x9e0004 0x0 0x0 0x0 0x0 0x0 0x0 0xa30004 0x0 0x0 0x0 0x0 0x0 0x0 0xa40005 0x0 0x0 0x0 0x0 0x0 0x0 0xa80002 0x0 0xab0003 0x0 0x98 0xb90004 0x0 0x0 0x0 0x0 0x0 0x0 0xba0005 0x0 0x0 0x0 0x0 0x0 0x0 0xbe0002 0x0 0x0 0x0 0x0 0x0 0x0 0x0 0x9 0x3 0x0 0x0 0x0 oops 4 10 org/xml/sax/helpers/AttributesImpl 21 org/xml/sax/helpers/AttributesImpl 57 com/sun/xml/bind/v2/runtime/ClassBeanInfoImpl 64 java/util/Collections$SingletonList methods 0
compile com/sun/org/apache/xerces/internal/impl/XMLNSDocumentScannerImpl scanStartElement ()Z -1 4 inline 152 0 -1 0 com/sun/org/apache/xerces/internal/impl/XMLNSDocumentScannerImpl scanStartElement ()Z 1 85 0 com/sun/org/apache/xerces/internal/impl/XMLDocumentFragmentScannerImpl$ElementStack nextElement ()Lcom/sun/org/apache/xerces/internal/xni/QName; 1 175 0 com/sun/org/apache/xerces/internal/impl/XMLDocumentFragmentScannerImpl checkDepth (Ljava/lang/String;)V 2 15 0 com/sun/org/apache/xerces/internal/utils/XMLLimitAnalyzer addValue (Lcom/sun/org/apache/xerces/internal/utils/XMLSecurityManager$Limit;Ljava/lang/String;I)V 3 2 0 java/lang/Enum ordinal ()I 3 7 0 com/sun/org/apache/xerces/internal/utils/XMLLimitAnalyzer addValue (ILjava/lang/String;I)V 4 4 0 java/lang/Enum ordinal ()I 4 14 0 java/lang/Enum ordinal ()I 4 24 0 java/lang/Enum ordinal ()I 4 34 0 java/lang/Enum ordinal ()I 4 44 0 java/lang/Enum ordinal ()I 4 65 0 java/lang/Enum ordinal ()I 2 29 0 com/sun/org/apache/xerces/internal/utils/XMLSecurityManager isOverLimit (Lcom/sun/org/apache/xerces/internal/utils/XMLSecurityManager$Limit;Lcom/sun/org/apache/xerces/internal/utils/XMLLimitAnalyzer;)Z 3 2 0 java/lang/Enum ordinal ()I 3 6 0 com/sun/org/apache/xerces/internal/utils/XMLSecurityManager isOverLimit (ILcom/sun/org/apache/xerces/internal/utils/XMLLimitAnalyzer;)Z 4 15 0 java/lang/Enum ordinal ()I 4 25 0 java/lang/Enum ordinal ()I 4 35 0 java/lang/Enum ordinal ()I 4 45 0 java/lang/Enum ordinal ()I 4 55 0 java/lang/Enum ordinal ()I 4 73 0 com/sun/org/apache/xerces/internal/utils/XMLLimitAnalyzer getTotalValue (I)I 1 189 0 com/sun/org/apache/xerces/internal/util/NamespaceSupport pushContext ()V 1 286 0 com/sun/org/apache/xerces/internal/util/XMLAttributesIteratorImpl removeAllAttributes ()V 2 1 0 com/sun/org/apache/xerces/internal/util/XMLAttributesImpl removeAllAttributes ()V 1 290 0 com/sun/org/apache/xerces/internal/impl/XMLDocumentFragmentScannerImpl seekCloseOfStartTag ()Z 2 12 0 com/sun/org/apache/xerces/internal/impl/XMLEntityScanner peekChar ()I 2 27 0 com/sun/org/apache/xerces/internal/impl/XMLEntityScanner scanChar (Lcom/sun/org/apache/xerces/internal/impl/XMLScanner$NameType;)I 3 260 0 com/sun/org/apache/xerces/internal/impl/XMLEntityScanner checkEntityLimit (Lcom/sun/org/apache/xerces/internal/impl/XMLScanner$NameType;Lcom/sun/xml/internal/stream/Entity$ScannedEntity;II)V 2 93 0 com/sun/org/apache/xerces/internal/impl/XMLScanner isValidNameStartChar (I)Z 3 1 0 com/sun/org/apache/xerces/internal/util/XMLChar isNameStart (I)Z 1 344 0 com/sun/org/apache/xerces/internal/utils/XMLSecurityManager isNoLimit (I)Z 1 354 0 com/sun/org/apache/xerces/internal/util/XMLAttributesImpl getLength ()I 1 396 0 com/sun/org/apache/xerces/internal/impl/XMLDocumentFragmentScannerImpl seekCloseOfStartTag ()Z 2 12 0 com/sun/org/apache/xerces/internal/impl/XMLEntityScanner peekChar ()I 2 27 0 com/sun/org/apache/xerces/internal/impl/XMLEntityScanner scanChar (Lcom/sun/org/apache/xerces/internal/impl/XMLScanner$NameType;)I 3 260 0 com/sun/org/apache/xerces/internal/impl/XMLEntityScanner checkEntityLimit (Lcom/sun/org/apache/xerces/internal/impl/XMLScanner$NameType;Lcom/sun/xml/internal/stream/Entity$ScannedEntity;II)V 2 93 0 com/sun/org/apache/xerces/internal/impl/XMLScanner isValidNameStartChar (I)Z 3 1 0 com/sun/org/apache/xerces/internal/util/XMLChar isNameStart (I)Z 1 487 0 com/sun/org/apache/xerces/internal/util/NamespaceSupport getURI (Ljava/lang/String;)Ljava/lang/String; 1 601 0 com/sun/org/apache/xerces/internal/util/XMLAttributesImpl getLength ()I 1 624 0 com/sun/org/apache/xerces/internal/util/XMLAttributesImpl getName (ILcom/sun/org/apache/xerces/internal/xni/QName;)V 2 10 0 com/sun/org/apache/xerces/internal/xni/QName setValues (Lcom/sun/org/apache/xerces/internal/xni/QName;)V 1 658 0 com/sun/org/apache/xerces/internal/util/NamespaceSupport getURI (Ljava/lang/String;)Ljava/lang/String; 1 958 0 com/sun/org/apache/xerces/internal/parsers/AbstractXMLDocumentParser emptyElement (Lcom/sun/org/apache/xerces/internal/xni/QName;Lcom/sun/org/apache/xerces/internal/xni/XMLAttributes;Lcom/sun/org/apache/xerces/internal/xni/Augmentations;)V 1 1021 0 com/sun/org/apache/xerces/internal/parsers/AbstractSAXParser startElement (Lcom/sun/org/apache/xerces/internal/xni/QName;Lcom/sun/org/apache/xerces/internal/xni/XMLAttributes;Lcom/sun/org/apache/xerces/internal/xni/Augmentations;)V 2 47 0 com/sun/org/apache/xerces/internal/parsers/AbstractSAXParser startNamespaceMapping ()V 3 4 0 com/sun/org/apache/xerces/internal/util/NamespaceSupport getDeclaredPrefixCount ()I 2 51 0 com/sun/org/apache/xerces/internal/util/XMLAttributesImpl getLength ()I 2 83 0 com/sun/org/apache/xerces/internal/util/XMLAttributesImpl getName (ILcom/sun/org/apache/xerces/internal/xni/QName;)V 3 10 0 com/sun/org/apache/xerces/internal/xni/QName setValues (Lcom/sun/org/apache/xerces/internal/xni/QName;)V 2 278 0 com/sun/org/apache/xerces/internal/parsers/AbstractSAXParser$AttributesProxy setAttributes (Lcom/sun/org/apache/xerces/internal/xni/XMLAttributes;)V 2 297 0 com/android/repository/impl/meta/SchemaModuleUtil$NamespaceFallbackFilter startElement (Ljava/lang/String;Ljava/lang/String;Ljava/lang/String;Lorg/xml/sax/Attributes;)V 3 6 0 org/xml/sax/helpers/AttributesImpl <init> (Lorg/xml/sax/Attributes;)V 4 1 0 java/lang/Object <init> ()V 4 6 0 org/xml/sax/helpers/AttributesImpl setAttributes (Lorg/xml/sax/Attributes;)V 5 1 0 org/xml/sax/helpers/AttributesImpl clear ()V 5 6 0 com/sun/org/apache/xerces/internal/parsers/AbstractSAXParser$AttributesProxy getLength ()I 6 4 0 com/sun/org/apache/xerces/internal/util/XMLAttributesImpl getLength ()I 5 53 0 com/sun/org/apache/xerces/internal/parsers/AbstractSAXParser$AttributesProxy getURI (I)Ljava/lang/String; 6 5 0 com/sun/org/apache/xerces/internal/util/XMLAttributesImpl getURI (I)Ljava/lang/String; 5 70 0 com/sun/org/apache/xerces/internal/parsers/AbstractSAXParser$AttributesProxy getLocalName (I)Ljava/lang/String; 6 5 0 com/sun/org/apache/xerces/internal/util/XMLAttributesImpl getLocalName (I)Ljava/lang/String; 5 87 0 com/sun/org/apache/xerces/internal/parsers/AbstractSAXParser$AttributesProxy getQName (I)Ljava/lang/String; 6 5 0 com/sun/org/apache/xerces/internal/util/XMLAttributesImpl getQName (I)Ljava/lang/String; 5 104 0 com/sun/org/apache/xerces/internal/parsers/AbstractSAXParser$AttributesProxy getType (I)Ljava/lang/String; 6 5 0 com/sun/org/apache/xerces/internal/util/XMLAttributesImpl getType (I)Ljava/lang/String; 7 24 0 com/sun/org/apache/xerces/internal/util/XMLAttributesImpl getReportableType (Ljava/lang/String;)Ljava/lang/String; 8 2 0 java/lang/String charAt (I)C 9 1 0 java/lang/String isLatin1 ()Z 9 12 0 java/lang/StringLatin1 charAt ([BI)C 10 3 0 java/lang/String checkIndex (II)V 9 21 0 java/lang/StringUTF16 charAt ([BI)C 10 2 0 java/lang/StringUTF16 checkIndex (I[B)V 11 2 0 java/lang/StringUTF16 length ([B)I 11 5 0 java/lang/String checkIndex (II)V 5 121 0 com/sun/org/apache/xerces/internal/parsers/AbstractSAXParser$AttributesProxy getValue (I)Ljava/lang/String; 6 5 0 com/sun/org/apache/xerces/internal/util/XMLAttributesImpl getValue (I)Ljava/lang/String; 7 53 0 com/sun/org/apache/xerces/internal/xni/XMLString toString ()Ljava/lang/String; 8 23 0 java/lang/String <init> ([CII)V 9 7 0 java/lang/String rangeCheck ([CII)Ljava/lang/Void; 10 4 0 java/lang/String checkBoundsOffCount (III)I 11 6 0 jdk/internal/util/Preconditions checkFromIndexSize (IIILjava/util/function/BiFunction;)I 9 10 0 java/lang/String <init> ([CIILjava/lang/Void;)V 10 1 0 java/lang/Object <init> ()V 10 36 0 java/lang/StringUTF16 compress ([CII)[B 3 55 0 org/xml/sax/helpers/XMLFilterImpl startElement (Ljava/lang/String;Ljava/lang/String;Ljava/lang/String;Lorg/xml/sax/Attributes;)V 4 16 0 com/sun/xml/bind/v2/runtime/unmarshaller/SAXConnector startElement (Ljava/lang/String;Ljava/lang/String;Ljava/lang/String;Lorg/xml/sax/Attributes;)V 5 6 0 java/util/logging/Logger isLoggable (Ljava/util/logging/Level;)Z 6 9 0 java/util/logging/Level intValue ()I 5 49 0 java/lang/String length ()I 6 6 0 java/lang/String coder ()B 5 63 0 java/lang/String length ()I 6 6 0 java/lang/String coder ()B 5 76 0 java/lang/String length ()I 6 6 0 java/lang/String coder ()B 5 89 0 com/sun/xml/bind/v2/runtime/unmarshaller/UnmarshallingContext getCurrentState ()Lcom/sun/xml/bind/v2/runtime/unmarshaller/UnmarshallingContext$State; 5 92 0 com/sun/xml/bind/v2/runtime/unmarshaller/UnmarshallingContext$State isMixed ()Z 5 147 0 com/sun/xml/bind/v2/runtime/unmarshaller/UnmarshallingContext startElement (Lcom/sun/xml/bind/v2/runtime/unmarshaller/TagName;)V 6 1 0 com/sun/xml/bind/v2/runtime/Coordinator pushCoordinator ()V 7 4 0 java/lang/ThreadLocal get ()Ljava/lang/Object; 8 4 0 java/lang/ThreadLocal get (Ljava/lang/Thread;)Ljava/lang/Object; 9 2 0 java/lang/ThreadLocal getMap (Ljava/lang/Thread;)Ljava/lang/ThreadLocal$ThreadLocalMap; 9 12 0 java/lang/ThreadLocal$ThreadLocalMap getEntry (Ljava/lang/ThreadLocal;)Ljava/lang/ThreadLocal$ThreadLocalMap$Entry; 10 26 0 java/lang/ref/Reference refersTo (Ljava/lang/Object;)Z 11 2 0 java/lang/ref/Reference refersToImpl (Ljava/lang/Object;)Z 9 31 0 java/lang/ThreadLocal setInitialValue (Ljava/lang/Thread;)Ljava/lang/Object; 10 1 0 java/lang/ThreadLocal initialValue ()Ljava/lang/Object; 10 7 0 java/lang/ThreadLocal getMap (Ljava/lang/Thread;)Ljava/lang/ThreadLocal$ThreadLocalMap; 10 18 0 java/lang/ThreadLocal$ThreadLocalMap set (Ljava/lang/ThreadLocal;Ljava/lang/Object;)V 11 34 0 java/lang/ref/Reference refersTo (Ljava/lang/Object;)Z 12 2 0 java/lang/ref/Reference refersToImpl (Ljava/lang/Object;)Z 11 91 0 java/lang/ThreadLocal$ThreadLocalMap$Entry <init> (Ljava/lang/ThreadLocal;Ljava/lang/Object;)V 12 2 0 java/lang/ref/WeakReference <init> (Ljava/lang/Object;)V 13 2 0 java/lang/ref/Reference <init> (Ljava/lang/Object;)V 14 3 0 java/lang/ref/Reference <init> (Ljava/lang/Object;Ljava/lang/ref/ReferenceQueue;)V 15 1 0 java/lang/Object <init> ()V 11 113 0 java/lang/ThreadLocal$ThreadLocalMap cleanSomeSlots (II)Z 12 16 0 java/lang/ThreadLocal$ThreadLocalMap nextIndex (II)I 12 34 0 java/lang/ref/Reference refersTo (Ljava/lang/Object;)Z 13 2 0 java/lang/ref/Reference refersToImpl (Ljava/lang/Object;)Z 7 17 0 java/lang/ThreadLocal set (Ljava/lang/Object;)V 8 5 0 java/lang/ThreadLocal set (Ljava/lang/Thread;Ljava/lang/Object;)V 9 2 0 java/lang/ThreadLocal getMap (Ljava/lang/Thread;)Ljava/lang/ThreadLocal$ThreadLocalMap; 9 13 0 java/lang/ThreadLocal$ThreadLocalMap set (Ljava/lang/ThreadLocal;Ljava/lang/Object;)V 10 34 0 java/lang/ref/Reference refersTo (Ljava/lang/Object;)Z 11 2 0 java/lang/ref/Reference refersToImpl (Ljava/lang/Object;)Z 10 91 0 java/lang/ThreadLocal$ThreadLocalMap$Entry <init> (Ljava/lang/ThreadLocal;Ljava/lang/Object;)V 11 2 0 java/lang/ref/WeakReference <init> (Ljava/lang/Object;)V 12 2 0 java/lang/ref/Reference <init> (Ljava/lang/Object;)V 13 3 0 java/lang/ref/Reference <init> (Ljava/lang/Object;Ljava/lang/ref/ReferenceQueue;)V 14 1 0 java/lang/Object <init> ()V 10 113 0 java/lang/ThreadLocal$ThreadLocalMap cleanSomeSlots (II)Z 11 16 0 java/lang/ThreadLocal$ThreadLocalMap nextIndex (II)I 11 34 0 java/lang/ref/Reference refersTo (Ljava/lang/Object;)Z 12 2 0 java/lang/ref/Reference refersToImpl (Ljava/lang/Object;)Z 6 6 0 com/sun/xml/bind/v2/runtime/unmarshaller/UnmarshallingContext _startElement (Lcom/sun/xml/bind/v2/runtime/unmarshaller/TagName;)V 7 24 0 com/sun/xml/bind/v2/runtime/unmarshaller/UnmarshallingContext$State access$600 (Lcom/sun/xml/bind/v2/runtime/unmarshaller/UnmarshallingContext$State;)Lcom/sun/xml/bind/v2/runtime/unmarshaller/Loader; 7 32 0 com/sun/xml/bind/v2/runtime/unmarshaller/UnmarshallingContext$State access$1200 (Lcom/sun/xml/bind/v2/runtime/unmarshaller/UnmarshallingContext$State;)V 8 1 0 com/sun/xml/bind/v2/runtime/unmarshaller/UnmarshallingContext$State push ()V 9 0 0 com/sun/xml/bind/v2/runtime/unmarshaller/UnmarshallingContext access$000 ()Ljava/util/logging/Logger; 9 6 0 java/util/logging/Logger isLoggable (Ljava/util/logging/Level;)Z 10 9 0 java/util/logging/Level intValue ()I 9 65 0 com/sun/xml/bind/v2/runtime/unmarshaller/UnmarshallingContext$State <init> (Lcom/sun/xml/bind/v2/runtime/unmarshaller/UnmarshallingContext;Lcom/sun/xml/bind/v2/runtime/unmarshaller/UnmarshallingContext$State;)V 10 6 0 java/lang/Object <init> ()V 9 86 0 com/sun/xml/bind/v2/runtime/unmarshaller/UnmarshallingContext access$200 (Lcom/sun/xml/bind/v2/runtime/unmarshaller/UnmarshallingContext;)I 9 97 0 com/sun/xml/bind/v2/runtime/unmarshaller/UnmarshallingContext access$102 (Lcom/sun/xml/bind/v2/runtime/unmarshaller/UnmarshallingContext;Lcom/sun/xml/bind/v2/runtime/unmarshaller/UnmarshallingContext$State;)Lcom/sun/xml/bind/v2/runtime/unmarshaller/UnmarshallingContext$State; 7 41 0 com/sun/xml/bind/v2/runtime/unmarshaller/StructureLoader childElement (Lcom/sun/xml/bind/v2/runtime/unmarshaller/UnmarshallingContext$State;Lcom/sun/xml/bind/v2/runtime/unmarshaller/TagName;)V 8 194 0 com/sun/xml/bind/v2/runtime/unmarshaller/UnmarshallingContext$State setReceiver (Lcom/sun/xml/bind/v2/runtime/unmarshaller/Receiver;)V 7 41 0 com/sun/xml/bind/v2/runtime/unmarshaller/UnmarshallingContext$DefaultRootLoader childElement (Lcom/sun/xml/bind/v2/runtime/unmarshaller/UnmarshallingContext$State;Lcom/sun/xml/bind/v2/runtime/unmarshaller/TagName;)V 8 1 0 com/sun/xml/bind/v2/runtime/unmarshaller/UnmarshallingContext$State getContext ()Lcom/sun/xml/bind/v2/runtime/unmarshaller/UnmarshallingContext; 8 60 0 com/sun/xml/bind/v2/runtime/unmarshaller/UnmarshallingContext$State access$500 (Lcom/sun/xml/bind/v2/runtime/unmarshaller/UnmarshallingContext$State;)Lcom/sun/xml/bind/v2/runtime/unmarshaller/UnmarshallingContext$State; 7 72 0 com/sun/xml/bind/v2/runtime/unmarshaller/UnmarshallingContext$State access$600 (Lcom/sun/xml/bind/v2/runtime/unmarshaller/UnmarshallingContext$State;)Lcom/sun/xml/bind/v2/runtime/unmarshaller/Loader;
